Started GET "/" for 127.0.0.1 at 2024-05-27 12:27:42 +0300
Processing by Rails::WelcomeController#index as HTML
  Rendering /Users/carina/.rbenv/versions/3.2.2/lib/ruby/gems/3.2.0/gems/railties-7.0.8.3/lib/rails/templates/rails/welcome/index.html.erb
  Rendered /Users/carina/.rbenv/versions/3.2.2/lib/ruby/gems/3.2.0/gems/railties-7.0.8.3/lib/rails/templates/rails/welcome/index.html.erb (Duration: 1.1ms | Allocations: 633)
Completed 200 OK in 16ms (Views: 4.7ms | ActiveRecord: 0.0ms | Allocations: 7375)


Started GET "/" for 127.0.0.1 at 2024-05-27 13:38:26 +0300
Processing by Rails::WelcomeController#index as HTML
  Rendering /Users/carina/.rbenv/versions/3.2.2/lib/ruby/gems/3.2.0/gems/railties-7.0.8.3/lib/rails/templates/rails/welcome/index.html.erb
  Rendered /Users/carina/.rbenv/versions/3.2.2/lib/ruby/gems/3.2.0/gems/railties-7.0.8.3/lib/rails/templates/rails/welcome/index.html.erb (Duration: 1.1ms | Allocations: 489)
Completed 200 OK in 10ms (Views: 3.8ms | ActiveRecord: 0.0ms | Allocations: 4257)


Started GET "/" for 127.0.0.1 at 2024-05-27 13:46:10 +0300
  
ActionController::RoutingError (uninitialized constant ArticlesController):
  
Started GET "/" for 127.0.0.1 at 2024-05-27 13:46:37 +0300
Processing by WelcomeController#index as HTML
  Rendering layout layouts/application.html.erb
  Rendering welcome/index.html.erb within layouts/application
  Rendered welcome/index.html.erb within layouts/application (Duration: 2.2ms | Allocations: 108)
  Rendered layout layouts/application.html.erb (Duration: 152.0ms | Allocations: 76120)
Completed 200 OK in 155ms (Views: 154.1ms | ActiveRecord: 0.0ms | Allocations: 77041)


Started GET "/" for 127.0.0.1 at 2024-05-27 13:56:12 +0300
Processing by WelcomeController#index as HTML
  Rendering layout layouts/application.html.erb
  Rendering welcome/index.html.erb within layouts/application
  Rendered welcome/index.html.erb within layouts/application (Duration: 2.1ms | Allocations: 116)
  Rendered layout layouts/application.html.erb (Duration: 155.7ms | Allocations: 11311)
Completed 200 OK in 197ms (Views: 184.9ms | ActiveRecord: 0.0ms | Allocations: 12129)


Started GET "/" for 127.0.0.1 at 2024-05-27 13:56:14 +0300
Processing by WelcomeController#index as HTML
  Rendering layout layouts/application.html.erb
  Rendering welcome/index.html.erb within layouts/application
  Rendered welcome/index.html.erb within layouts/application (Duration: 0.1ms | Allocations: 7)
  Rendered layout layouts/application.html.erb (Duration: 6.6ms | Allocations: 1897)
Completed 200 OK in 11ms (Views: 10.3ms | ActiveRecord: 0.0ms | Allocations: 2161)


Started GET "/" for 127.0.0.1 at 2024-05-27 13:57:01 +0300
Processing by WelcomeController#index as HTML
  Rendering layout layouts/application.html.erb
  Rendering welcome/index.html.erb within layouts/application
  Rendered welcome/index.html.erb within layouts/application (Duration: 0.5ms | Allocations: 7)
  Rendered layout layouts/application.html.erb (Duration: 23.5ms | Allocations: 5845)
Completed 200 OK in 27ms (Views: 25.3ms | ActiveRecord: 0.0ms | Allocations: 6109)


Started GET "/" for 127.0.0.1 at 2024-05-27 13:57:03 +0300
Processing by WelcomeController#index as HTML
  Rendering layout layouts/application.html.erb
  Rendering welcome/index.html.erb within layouts/application
  Rendered welcome/index.html.erb within layouts/application (Duration: 0.0ms | Allocations: 7)
  Rendered layout layouts/application.html.erb (Duration: 5.4ms | Allocations: 1892)
Completed 200 OK in 7ms (Views: 6.0ms | ActiveRecord: 0.0ms | Allocations: 2154)


Started GET "/" for 127.0.0.1 at 2024-05-27 13:57:04 +0300
Processing by WelcomeController#index as HTML
  Rendering layout layouts/application.html.erb
  Rendering welcome/index.html.erb within layouts/application
  Rendered welcome/index.html.erb within layouts/application (Duration: 0.1ms | Allocations: 7)
  Rendered layout layouts/application.html.erb (Duration: 6.0ms | Allocations: 1916)
Completed 200 OK in 8ms (Views: 6.8ms | ActiveRecord: 0.0ms | Allocations: 2178)


Started GET "/" for 127.0.0.1 at 2024-05-27 13:58:09 +0300
Processing by WelcomeController#index as HTML
  Rendering layout layouts/application.html.erb
  Rendering welcome/index.html.erb within layouts/application
  Rendered welcome/index.html.erb within layouts/application (Duration: 0.5ms | Allocations: 7)
  Rendered layout layouts/application.html.erb (Duration: 136.7ms | Allocations: 6808)
Completed 200 OK in 143ms (Views: 139.8ms | ActiveRecord: 0.0ms | Allocations: 7070)


Started GET "/" for 127.0.0.1 at 2024-05-27 14:23:25 +0300
Processing by WelcomeController#index as HTML
  Rendering layout layouts/application.html.erb
  Rendering welcome/index.html.erb within layouts/application
  Rendered application/_menubar.html.erb (Duration: 1.7ms | Allocations: 106)
  Rendered application/_footer.html.erb (Duration: 0.5ms | Allocations: 93)
  Rendered welcome/index.html.erb within layouts/application (Duration: 7.4ms | Allocations: 591)
  Rendered layout layouts/application.html.erb (Duration: 78.2ms | Allocations: 8826)
Completed 200 OK in 100ms (Views: 91.9ms | ActiveRecord: 0.0ms | Allocations: 9642)


Started GET "/" for 127.0.0.1 at 2024-05-27 14:29:58 +0300
Processing by WelcomeController#index as HTML
  Rendering layout layouts/application.html.erb
  Rendering welcome/index.html.erb within layouts/application
  Rendered application/_menubar.html.erb (Duration: 0.3ms | Allocations: 117)
  Rendered application/_footer.html.erb (Duration: 0.1ms | Allocations: 93)
  Rendered welcome/index.html.erb within layouts/application (Duration: 1.0ms | Allocations: 822)
  Rendered layout layouts/application.html.erb (Duration: 4.6ms | Allocations: 4013)
Completed 500 Internal Server Error in 10ms (ActiveRecord: 0.0ms | Allocations: 7898)


  
ActionView::Template::Error (The asset "favicon.png" is not present in the asset pipeline.
):
     6:     <%= csrf_meta_tags %>
     7:     <%= csp_meta_tag %>
     8: 
     9:     <%= favicon_link_tag 'favicon.png' %>
    10:     <%= favicon_link_tag 'favicon.svg', type: 'image/svg+xml' %>
    11: 
    12: 
  
app/views/layouts/application.html.erb:9
Started GET "/" for 127.0.0.1 at 2024-05-27 14:34:53 +0300
Processing by WelcomeController#index as HTML
  Rendering layout layouts/application.html.erb
  Rendering welcome/index.html.erb within layouts/application
  Rendered application/_menubar.html.erb (Duration: 0.7ms | Allocations: 101)
  Rendered application/_footer.html.erb (Duration: 0.1ms | Allocations: 92)
  Rendered welcome/index.html.erb within layouts/application (Duration: 3.2ms | Allocations: 571)
  Rendered layout layouts/application.html.erb (Duration: 18.4ms | Allocations: 2970)
Completed 500 Internal Server Error in 28ms (ActiveRecord: 0.0ms | Allocations: 3761)


  
ActionView::Template::Error (The asset "favicon.png" is not present in the asset pipeline.
):
     6:     <%= csrf_meta_tags %>
     7:     <%= csp_meta_tag %>
     8: 
     9:     <%= favicon_link_tag 'favicon.png' %>
    10:     <%= favicon_link_tag 'favicon.svg', type: 'image/svg+xml' %>
    11: 
    12: 
  
app/views/layouts/application.html.erb:9
Started GET "/" for 127.0.0.1 at 2024-05-27 14:35:28 +0300
Processing by WelcomeController#index as HTML
  Rendering layout layouts/application.html.erb
  Rendering welcome/index.html.erb within layouts/application
  Rendered application/_menubar.html.erb (Duration: 0.0ms | Allocations: 9)
  Rendered application/_footer.html.erb (Duration: 0.0ms | Allocations: 8)
  Rendered welcome/index.html.erb within layouts/application (Duration: 0.6ms | Allocations: 140)
  Rendered layout layouts/application.html.erb (Duration: 13.6ms | Allocations: 2081)
Completed 500 Internal Server Error in 16ms (ActiveRecord: 0.0ms | Allocations: 2323)


  
ActionView::Template::Error (The asset "favicon.png" is not present in the asset pipeline.
):
     6:     <%= csrf_meta_tags %>
     7:     <%= csp_meta_tag %>
     8: 
     9:     <%= favicon_link_tag 'favicon.png' %>
    10:     <%= favicon_link_tag 'favicon.svg', type: 'image/svg+xml' %>
    11: 
    12: 
  
app/views/layouts/application.html.erb:9
Started GET "/" for 127.0.0.1 at 2024-05-27 14:36:42 +0300
Processing by WelcomeController#index as HTML
  Rendering layout layouts/application.html.erb
  Rendering welcome/index.html.erb within layouts/application
  Rendered application/_menubar.html.erb (Duration: 0.4ms | Allocations: 101)
  Rendered application/_footer.html.erb (Duration: 0.2ms | Allocations: 92)
  Rendered welcome/index.html.erb within layouts/application (Duration: 1.6ms | Allocations: 571)
  Rendered layout layouts/application.html.erb (Duration: 13.2ms | Allocations: 2988)
Completed 500 Internal Server Error in 20ms (ActiveRecord: 0.0ms | Allocations: 3779)


  
ActionView::Template::Error (The asset "favicon.png" is not present in the asset pipeline.
):
     6:     <%= csrf_meta_tags %>
     7:     <%= csp_meta_tag %>
     8: 
     9:     # <%= favicon_link_tag 'favicon.png' %>
    10:     # <%= favicon_link_tag 'favicon.svg', type: 'image/svg+xml' %>
    11: 
    12:     <%= favicon_link_tag asset_path('favicon.png') %>
  
app/views/layouts/application.html.erb:9
Started GET "/" for 127.0.0.1 at 2024-05-27 14:36:57 +0300
Processing by WelcomeController#index as HTML
  Rendering layout layouts/application.html.erb
  Rendering welcome/index.html.erb within layouts/application
  Rendered application/_menubar.html.erb (Duration: 0.5ms | Allocations: 101)
  Rendered application/_footer.html.erb (Duration: 0.4ms | Allocations: 92)
  Rendered welcome/index.html.erb within layouts/application (Duration: 3.6ms | Allocations: 571)
  Rendered layout layouts/application.html.erb (Duration: 13.6ms | Allocations: 2931)
Completed 500 Internal Server Error in 21ms (ActiveRecord: 0.0ms | Allocations: 3721)


  
ActionView::Template::Error (The asset "favicon.png" is not present in the asset pipeline.
):
     8: 
     9: 
    10: 
    11:     <%= favicon_link_tag asset_path('favicon.png') %>
    12: 
    13: 
    14: 
  
app/views/layouts/application.html.erb:11
Started GET "/" for 127.0.0.1 at 2024-05-27 14:37:45 +0300
Processing by WelcomeController#index as HTML
  Rendering layout layouts/application.html.erb
  Rendering welcome/index.html.erb within layouts/application
  Rendered application/_menubar.html.erb (Duration: 1.1ms | Allocations: 101)
  Rendered application/_footer.html.erb (Duration: 0.3ms | Allocations: 92)
  Rendered welcome/index.html.erb within layouts/application (Duration: 4.7ms | Allocations: 571)
  Rendered layout layouts/application.html.erb (Duration: 19.8ms | Allocations: 3461)
Completed 200 OK in 28ms (Views: 25.5ms | ActiveRecord: 0.0ms | Allocations: 4323)


Started GET "/" for 127.0.0.1 at 2024-05-27 14:39:11 +0300
Processing by WelcomeController#index as HTML
  Rendering layout layouts/application.html.erb
  Rendering welcome/index.html.erb within layouts/application
  Rendered application/_menubar.html.erb (Duration: 0.2ms | Allocations: 9)
  Rendered application/_footer.html.erb (Duration: 0.2ms | Allocations: 8)
  Rendered welcome/index.html.erb within layouts/application (Duration: 1.3ms | Allocations: 140)
  Rendered layout layouts/application.html.erb (Duration: 14.4ms | Allocations: 1136)
Completed 200 OK in 19ms (Views: 16.3ms | ActiveRecord: 0.0ms | Allocations: 1398)


Started GET "/" for 127.0.0.1 at 2024-05-27 14:39:26 +0300
Processing by WelcomeController#index as HTML
  Rendering layout layouts/application.html.erb
  Rendering welcome/index.html.erb within layouts/application
  Rendered application/_menubar.html.erb (Duration: 0.4ms | Allocations: 117)
  Rendered application/_footer.html.erb (Duration: 0.1ms | Allocations: 93)
  Rendered welcome/index.html.erb within layouts/application (Duration: 2.5ms | Allocations: 822)
  Rendered layout layouts/application.html.erb (Duration: 8.1ms | Allocations: 4064)
Completed 200 OK in 26ms (Views: 11.6ms | ActiveRecord: 0.0ms | Allocations: 8002)


Started GET "/" for 127.0.0.1 at 2024-05-27 14:39:49 +0300
Processing by WelcomeController#index as HTML
  Rendering layout layouts/application.html.erb
  Rendering welcome/index.html.erb within layouts/application
  Rendered application/_menubar.html.erb (Duration: 0.3ms | Allocations: 117)
  Rendered application/_footer.html.erb (Duration: 0.1ms | Allocations: 93)
  Rendered welcome/index.html.erb within layouts/application (Duration: 1.4ms | Allocations: 822)
  Rendered layout layouts/application.html.erb (Duration: 4.4ms | Allocations: 4043)
Completed 200 OK in 10ms (Views: 6.1ms | ActiveRecord: 0.0ms | Allocations: 7981)


Started GET "/" for 127.0.0.1 at 2024-05-27 15:16:59 +0300
Processing by WelcomeController#index as HTML
  Rendering layout layouts/application.html.erb
  Rendering welcome/index.html.erb within layouts/application
  Rendered application/_menubar.html.erb (Duration: 0.3ms | Allocations: 516)
  Rendered application/_footer.html.erb (Duration: 0.3ms | Allocations: 93)
  Rendered welcome/index.html.erb within layouts/application (Duration: 1.3ms | Allocations: 1218)
  Rendered layout layouts/application.html.erb (Duration: 4.0ms | Allocations: 4409)
Completed 200 OK in 10ms (Views: 5.5ms | ActiveRecord: 0.0ms | Allocations: 8376)


Started GET "/" for 127.0.0.1 at 2024-05-27 15:17:00 +0300
Processing by WelcomeController#index as HTML
  Rendering layout layouts/application.html.erb
  Rendering welcome/index.html.erb within layouts/application
  Rendered application/_menubar.html.erb (Duration: 3.0ms | Allocations: 172)
  Rendered application/_footer.html.erb (Duration: 0.0ms | Allocations: 8)
  Rendered welcome/index.html.erb within layouts/application (Duration: 3.4ms | Allocations: 305)
  Rendered layout layouts/application.html.erb (Duration: 7.5ms | Allocations: 1318)
Completed 200 OK in 9ms (Views: 8.1ms | ActiveRecord: 0.0ms | Allocations: 1583)


Started GET "/work/index" for 127.0.0.1 at 2024-05-27 15:17:01 +0300
Processing by WorkController#index as HTML
  Rendering layout layouts/application.html.erb
  Rendering work/index.html.erb within layouts/application
  Rendered work/index.html.erb within layouts/application (Duration: 1.8ms | Allocations: 107)
  Rendered layout layouts/application.html.erb (Duration: 6.8ms | Allocations: 1185)
Completed 200 OK in 13ms (Views: 12.0ms | ActiveRecord: 0.0ms | Allocations: 1834)


Started GET "/offtop/index" for 127.0.0.1 at 2024-05-27 15:17:02 +0300
Processing by OfftopController#index as HTML
  Rendering layout layouts/application.html.erb
  Rendering offtop/index.html.erb within layouts/application
  Rendered offtop/index.html.erb within layouts/application (Duration: 1.0ms | Allocations: 110)
  Rendered layout layouts/application.html.erb (Duration: 3.4ms | Allocations: 1218)
Completed 200 OK in 7ms (Views: 5.5ms | ActiveRecord: 0.0ms | Allocations: 1868)


Started GET "/offtop/index" for 127.0.0.1 at 2024-05-27 15:17:03 +0300
Processing by OfftopController#index as HTML
  Rendering layout layouts/application.html.erb
  Rendering offtop/index.html.erb within layouts/application
  Rendered offtop/index.html.erb within layouts/application (Duration: 0.1ms | Allocations: 7)
  Rendered layout layouts/application.html.erb (Duration: 2.9ms | Allocations: 995)
Completed 200 OK in 5ms (Views: 3.8ms | ActiveRecord: 0.0ms | Allocations: 1259)


Started GET "/welcome/index" for 127.0.0.1 at 2024-05-27 15:17:05 +0300
Processing by WelcomeController#index as HTML
  Rendering layout layouts/application.html.erb
  Rendering welcome/index.html.erb within layouts/application
  Rendered application/_menubar.html.erb (Duration: 0.4ms | Allocations: 172)
  Rendered application/_footer.html.erb (Duration: 0.0ms | Allocations: 8)
  Rendered welcome/index.html.erb within layouts/application (Duration: 0.7ms | Allocations: 305)
  Rendered layout layouts/application.html.erb (Duration: 3.0ms | Allocations: 1309)
Completed 200 OK in 4ms (Views: 3.8ms | ActiveRecord: 0.0ms | Allocations: 1574)


Started GET "/offtop/index" for 127.0.0.1 at 2024-05-27 15:17:29 +0300
Processing by OfftopController#index as HTML
  Rendering layout layouts/application.html.erb
  Rendering offtop/index.html.erb within layouts/application
  Rendered offtop/index.html.erb within layouts/application (Duration: 0.2ms | Allocations: 7)
  Rendered layout layouts/application.html.erb (Duration: 6.8ms | Allocations: 996)
Completed 200 OK in 11ms (Views: 9.4ms | ActiveRecord: 0.0ms | Allocations: 1261)


Started GET "/" for 127.0.0.1 at 2024-05-27 15:18:29 +0300
Processing by WelcomeController#index as HTML
  Rendering layout layouts/application.html.erb
  Rendering welcome/index.html.erb within layouts/application
  Rendered application/_menubar.html.erb (Duration: 0.7ms | Allocations: 172)
  Rendered application/_footer.html.erb (Duration: 0.0ms | Allocations: 8)
  Rendered welcome/index.html.erb within layouts/application (Duration: 1.2ms | Allocations: 305)
  Rendered layout layouts/application.html.erb (Duration: 5.7ms | Allocations: 1297)
Completed 200 OK in 8ms (Views: 6.8ms | ActiveRecord: 0.0ms | Allocations: 1559)


Started GET "/" for 127.0.0.1 at 2024-05-27 15:19:39 +0300
Processing by WelcomeController#index as HTML
  Rendering layout layouts/application.html.erb
  Rendering welcome/index.html.erb within layouts/application
  Rendered application/_menubar.html.erb (Duration: 0.5ms | Allocations: 172)
  Rendered application/_footer.html.erb (Duration: 0.0ms | Allocations: 8)
  Rendered welcome/index.html.erb within layouts/application (Duration: 0.8ms | Allocations: 305)
  Rendered layout layouts/application.html.erb (Duration: 2.3ms | Allocations: 1306)
Completed 200 OK in 4ms (Views: 2.8ms | ActiveRecord: 0.0ms | Allocations: 1568)


Started GET "/" for 127.0.0.1 at 2024-05-27 15:19:41 +0300
Processing by WelcomeController#index as HTML
  Rendering layout layouts/application.html.erb
  Rendering welcome/index.html.erb within layouts/application
  Rendered application/_menubar.html.erb (Duration: 0.6ms | Allocations: 172)
  Rendered application/_footer.html.erb (Duration: 0.1ms | Allocations: 8)
  Rendered welcome/index.html.erb within layouts/application (Duration: 1.2ms | Allocations: 305)
  Rendered layout layouts/application.html.erb (Duration: 5.0ms | Allocations: 1300)
Completed 200 OK in 7ms (Views: 5.6ms | ActiveRecord: 0.0ms | Allocations: 1562)


Started GET "/" for 127.0.0.1 at 2024-05-27 15:22:20 +0300
Processing by WelcomeController#index as HTML
  Rendering layout layouts/application.html.erb
  Rendering welcome/index.html.erb within layouts/application
  Rendered application/_menubar.html.erb (Duration: 0.9ms | Allocations: 172)
  Rendered application/_footer.html.erb (Duration: 0.0ms | Allocations: 8)
  Rendered welcome/index.html.erb within layouts/application (Duration: 1.6ms | Allocations: 305)
  Rendered layout layouts/application.html.erb (Duration: 6.9ms | Allocations: 1297)
Completed 200 OK in 9ms (Views: 7.7ms | ActiveRecord: 0.0ms | Allocations: 1559)


Started GET "/welcome/index" for 127.0.0.1 at 2024-05-27 15:22:54 +0300
Processing by WelcomeController#index as HTML
  Rendering layout layouts/application.html.erb
  Rendering welcome/index.html.erb within layouts/application
  Rendered application/_menubar.html.erb (Duration: 0.7ms | Allocations: 172)
  Rendered application/_footer.html.erb (Duration: 0.0ms | Allocations: 8)
  Rendered welcome/index.html.erb within layouts/application (Duration: 1.3ms | Allocations: 305)
  Rendered layout layouts/application.html.erb (Duration: 3.4ms | Allocations: 1291)
Completed 200 OK in 5ms (Views: 4.3ms | ActiveRecord: 0.0ms | Allocations: 1555)


Started GET "/" for 127.0.0.1 at 2024-05-27 15:22:55 +0300
Processing by WelcomeController#index as HTML
  Rendering layout layouts/application.html.erb
  Rendering welcome/index.html.erb within layouts/application
  Rendered application/_menubar.html.erb (Duration: 0.3ms | Allocations: 172)
  Rendered application/_footer.html.erb (Duration: 0.0ms | Allocations: 8)
  Rendered welcome/index.html.erb within layouts/application (Duration: 0.5ms | Allocations: 305)
  Rendered layout layouts/application.html.erb (Duration: 1.7ms | Allocations: 1306)
Completed 200 OK in 3ms (Views: 2.1ms | ActiveRecord: 0.0ms | Allocations: 1568)


Started GET "/" for 127.0.0.1 at 2024-05-27 15:22:57 +0300
Processing by WelcomeController#index as HTML
  Rendering layout layouts/application.html.erb
  Rendering welcome/index.html.erb within layouts/application
  Rendered application/_menubar.html.erb (Duration: 0.3ms | Allocations: 172)
  Rendered application/_footer.html.erb (Duration: 0.0ms | Allocations: 8)
  Rendered welcome/index.html.erb within layouts/application (Duration: 0.6ms | Allocations: 305)
  Rendered layout layouts/application.html.erb (Duration: 1.9ms | Allocations: 1294)
Completed 200 OK in 3ms (Views: 2.4ms | ActiveRecord: 0.0ms | Allocations: 1557)


Started GET "/" for 127.0.0.1 at 2024-05-27 15:23:29 +0300
Processing by WelcomeController#index as HTML
  Rendering layout layouts/application.html.erb
  Rendering welcome/index.html.erb within layouts/application
  Rendered application/_menubar.html.erb (Duration: 0.5ms | Allocations: 516)
  Rendered application/_footer.html.erb (Duration: 0.1ms | Allocations: 93)
  Rendered welcome/index.html.erb within layouts/application (Duration: 1.5ms | Allocations: 1218)
  Rendered layout layouts/application.html.erb (Duration: 4.0ms | Allocations: 4400)
Completed 200 OK in 9ms (Views: 5.1ms | ActiveRecord: 0.0ms | Allocations: 8367)


Started GET "/" for 127.0.0.1 at 2024-05-27 15:23:31 +0300
Processing by WelcomeController#index as HTML
  Rendering layout layouts/application.html.erb
  Rendering welcome/index.html.erb within layouts/application
  Rendered application/_menubar.html.erb (Duration: 3.6ms | Allocations: 172)
  Rendered application/_footer.html.erb (Duration: 0.0ms | Allocations: 8)
  Rendered welcome/index.html.erb within layouts/application (Duration: 4.0ms | Allocations: 305)
  Rendered layout layouts/application.html.erb (Duration: 9.8ms | Allocations: 1294)
Completed 200 OK in 11ms (Views: 10.4ms | ActiveRecord: 0.0ms | Allocations: 1559)


Started GET "/" for 127.0.0.1 at 2024-05-27 15:27:34 +0300
Processing by WelcomeController#index as HTML
  Rendering layout layouts/application.html.erb
  Rendering welcome/index.html.erb within layouts/application
  Rendered application/_menubar.html.erb (Duration: 0.4ms | Allocations: 516)
  Rendered application/_footer.html.erb (Duration: 0.1ms | Allocations: 93)
  Rendered welcome/index.html.erb within layouts/application (Duration: 1.2ms | Allocations: 1217)
  Rendered layout layouts/application.html.erb (Duration: 3.8ms | Allocations: 4396)
Completed 200 OK in 8ms (Views: 4.9ms | ActiveRecord: 0.0ms | Allocations: 8363)


Started GET "/" for 127.0.0.1 at 2024-05-27 15:27:37 +0300
Processing by WelcomeController#index as HTML
  Rendering layout layouts/application.html.erb
  Rendering welcome/index.html.erb within layouts/application
  Rendered application/_menubar.html.erb (Duration: 2.0ms | Allocations: 172)
  Rendered application/_footer.html.erb (Duration: 0.0ms | Allocations: 8)
  Rendered welcome/index.html.erb within layouts/application (Duration: 3.6ms | Allocations: 305)
  Rendered layout layouts/application.html.erb (Duration: 7.9ms | Allocations: 1306)
Completed 200 OK in 11ms (Views: 10.9ms | ActiveRecord: 0.0ms | Allocations: 1571)


Started GET "/" for 127.0.0.1 at 2024-05-27 15:31:13 +0300
Processing by WelcomeController#index as HTML
  Rendering layout layouts/application.html.erb
  Rendering welcome/index.html.erb within layouts/application
  Rendered application/_menubar.html.erb (Duration: 0.4ms | Allocations: 516)
  Rendered application/_footer.html.erb (Duration: 0.1ms | Allocations: 93)
  Rendered welcome/index.html.erb within layouts/application (Duration: 1.3ms | Allocations: 1218)
  Rendered layout layouts/application.html.erb (Duration: 140.2ms | Allocations: 94190)
Completed 200 OK in 146ms (Views: 141.3ms | ActiveRecord: 0.0ms | Allocations: 98156)


Started GET "/" for 127.0.0.1 at 2024-05-27 15:44:42 +0300
Processing by WelcomeController#index as HTML
  Rendering layout layouts/application.html.erb
  Rendering welcome/index.html.erb within layouts/application
  Rendered application/_menubar.html.erb (Duration: 1.8ms | Allocations: 396)
  Rendered application/_footer.html.erb (Duration: 0.5ms | Allocations: 92)
  Rendered welcome/index.html.erb within layouts/application (Duration: 4.5ms | Allocations: 871)
  Rendered layout layouts/application.html.erb (Duration: 52.0ms | Allocations: 11732)
Completed 200 OK in 76ms (Views: 60.7ms | ActiveRecord: 0.0ms | Allocations: 12552)


Started GET "/images/to/pointer.png" for 127.0.0.1 at 2024-05-27 15:44:42 +0300
  
ActionController::RoutingError (No route matches [GET] "/images/to/pointer.png"):
  
Started GET "/welcome/index" for 127.0.0.1 at 2024-05-27 15:44:43 +0300
Processing by WelcomeController#index as HTML
  Rendering layout layouts/application.html.erb
  Rendering welcome/index.html.erb within layouts/application
  Rendered application/_menubar.html.erb (Duration: 0.6ms | Allocations: 172)
  Rendered application/_footer.html.erb (Duration: 0.1ms | Allocations: 8)
  Rendered welcome/index.html.erb within layouts/application (Duration: 1.1ms | Allocations: 305)
  Rendered layout layouts/application.html.erb (Duration: 8.1ms | Allocations: 3143)
Completed 200 OK in 11ms (Views: 9.1ms | ActiveRecord: 0.0ms | Allocations: 3410)


Started GET "/work/index" for 127.0.0.1 at 2024-05-27 15:44:45 +0300
Processing by WorkController#index as HTML
  Rendering layout layouts/application.html.erb
  Rendering work/index.html.erb within layouts/application
  Rendered work/index.html.erb within layouts/application (Duration: 0.9ms | Allocations: 107)
  Rendered layout layouts/application.html.erb (Duration: 6.9ms | Allocations: 3034)
Completed 200 OK in 10ms (Views: 9.1ms | ActiveRecord: 0.0ms | Allocations: 3682)


Started GET "/work/index" for 127.0.0.1 at 2024-05-27 15:44:46 +0300
Processing by WorkController#index as HTML
  Rendering layout layouts/application.html.erb
  Rendering work/index.html.erb within layouts/application
  Rendered work/index.html.erb within layouts/application (Duration: 0.1ms | Allocations: 7)
  Rendered layout layouts/application.html.erb (Duration: 4.2ms | Allocations: 2842)
Completed 200 OK in 7ms (Views: 4.8ms | ActiveRecord: 0.0ms | Allocations: 3106)


Started GET "/" for 127.0.0.1 at 2024-05-27 15:45:17 +0300
Processing by WelcomeController#index as HTML
  Rendering layout layouts/application.html.erb
  Rendering welcome/index.html.erb within layouts/application
  Rendered application/_menubar.html.erb (Duration: 0.9ms | Allocations: 172)
  Rendered application/_footer.html.erb (Duration: 0.0ms | Allocations: 8)
  Rendered welcome/index.html.erb within layouts/application (Duration: 1.4ms | Allocations: 305)
  Rendered layout layouts/application.html.erb (Duration: 50.3ms | Allocations: 10954)
Completed 200 OK in 52ms (Views: 51.1ms | ActiveRecord: 0.0ms | Allocations: 11217)


Started GET "/images/pointer.png" for 127.0.0.1 at 2024-05-27 15:45:18 +0300
  
ActionController::RoutingError (No route matches [GET] "/images/pointer.png"):
  
Started GET "/work/index" for 127.0.0.1 at 2024-05-27 15:45:19 +0300
Processing by WorkController#index as HTML
  Rendering layout layouts/application.html.erb
  Rendering work/index.html.erb within layouts/application
  Rendered work/index.html.erb within layouts/application (Duration: 0.1ms | Allocations: 7)
  Rendered layout layouts/application.html.erb (Duration: 3.9ms | Allocations: 2828)
Completed 200 OK in 5ms (Views: 4.6ms | ActiveRecord: 0.0ms | Allocations: 3091)


Started GET "/" for 127.0.0.1 at 2024-05-27 15:45:57 +0300
Processing by WelcomeController#index as HTML
  Rendering layout layouts/application.html.erb
  Rendering welcome/index.html.erb within layouts/application
  Rendered application/_menubar.html.erb (Duration: 0.7ms | Allocations: 172)
  Rendered application/_footer.html.erb (Duration: 0.0ms | Allocations: 8)
  Rendered welcome/index.html.erb within layouts/application (Duration: 1.3ms | Allocations: 305)
  Rendered layout layouts/application.html.erb (Duration: 30.3ms | Allocations: 11922)
Completed 200 OK in 31ms (Views: 30.7ms | ActiveRecord: 0.0ms | Allocations: 12185)


Started GET "/work/index" for 127.0.0.1 at 2024-05-27 15:46:00 +0300
Processing by WorkController#index as HTML
  Rendering layout layouts/application.html.erb
  Rendering work/index.html.erb within layouts/application
  Rendered work/index.html.erb within layouts/application (Duration: 0.1ms | Allocations: 7)
  Rendered layout layouts/application.html.erb (Duration: 7.0ms | Allocations: 3121)
Completed 200 OK in 8ms (Views: 7.9ms | ActiveRecord: 0.0ms | Allocations: 3385)


Started GET "/offtop/index" for 127.0.0.1 at 2024-05-27 15:46:04 +0300
Processing by OfftopController#index as HTML
  Rendering layout layouts/application.html.erb
  Rendering offtop/index.html.erb within layouts/application
  Rendered offtop/index.html.erb within layouts/application (Duration: 0.8ms | Allocations: 110)
  Rendered layout layouts/application.html.erb (Duration: 5.6ms | Allocations: 3305)
Completed 200 OK in 8ms (Views: 7.1ms | ActiveRecord: 0.0ms | Allocations: 3953)


Started GET "/work/index" for 127.0.0.1 at 2024-05-27 15:46:05 +0300
Processing by WorkController#index as HTML
  Rendering layout layouts/application.html.erb
  Rendering work/index.html.erb within layouts/application
  Rendered work/index.html.erb within layouts/application (Duration: 0.0ms | Allocations: 7)
  Rendered layout layouts/application.html.erb (Duration: 6.2ms | Allocations: 3116)
Completed 200 OK in 7ms (Views: 6.8ms | ActiveRecord: 0.0ms | Allocations: 3382)


Started GET "/welcome/index" for 127.0.0.1 at 2024-05-27 15:46:05 +0300
Processing by WelcomeController#index as HTML
  Rendering layout layouts/application.html.erb
  Rendering welcome/index.html.erb within layouts/application
  Rendered application/_menubar.html.erb (Duration: 0.6ms | Allocations: 172)
  Rendered application/_footer.html.erb (Duration: 0.0ms | Allocations: 8)
  Rendered welcome/index.html.erb within layouts/application (Duration: 1.1ms | Allocations: 305)
  Rendered layout layouts/application.html.erb (Duration: 9.1ms | Allocations: 3415)
Completed 200 OK in 11ms (Views: 10.0ms | ActiveRecord: 0.0ms | Allocations: 3680)


Started GET "/welcome/index" for 127.0.0.1 at 2024-05-27 15:46:08 +0300
Processing by WelcomeController#index as HTML
  Rendering layout layouts/application.html.erb
  Rendering welcome/index.html.erb within layouts/application
  Rendered application/_menubar.html.erb (Duration: 0.4ms | Allocations: 172)
  Rendered application/_footer.html.erb (Duration: 0.0ms | Allocations: 8)
  Rendered welcome/index.html.erb within layouts/application (Duration: 0.8ms | Allocations: 305)
  Rendered layout layouts/application.html.erb (Duration: 7.7ms | Allocations: 3403)
Completed 200 OK in 10ms (Views: 8.6ms | ActiveRecord: 0.0ms | Allocations: 3667)


Started GET "/welcome/index" for 127.0.0.1 at 2024-05-27 15:46:08 +0300
Processing by WelcomeController#index as HTML
  Rendering layout layouts/application.html.erb
  Rendering welcome/index.html.erb within layouts/application
  Rendered application/_menubar.html.erb (Duration: 0.8ms | Allocations: 172)
  Rendered application/_footer.html.erb (Duration: 0.0ms | Allocations: 8)
  Rendered welcome/index.html.erb within layouts/application (Duration: 1.2ms | Allocations: 305)
  Rendered layout layouts/application.html.erb (Duration: 7.9ms | Allocations: 3418)
Completed 200 OK in 10ms (Views: 9.0ms | ActiveRecord: 0.0ms | Allocations: 3682)


Started GET "/welcome/index" for 127.0.0.1 at 2024-05-27 15:46:47 +0300
Processing by WelcomeController#index as HTML
  Rendering layout layouts/application.html.erb
  Rendering welcome/index.html.erb within layouts/application
  Rendered application/_menubar.html.erb (Duration: 1.1ms | Allocations: 172)
  Rendered application/_footer.html.erb (Duration: 0.0ms | Allocations: 8)
  Rendered welcome/index.html.erb within layouts/application (Duration: 1.6ms | Allocations: 305)
  Rendered layout layouts/application.html.erb (Duration: 51.1ms | Allocations: 10153)
Completed 200 OK in 53ms (Views: 52.1ms | ActiveRecord: 0.0ms | Allocations: 10417)


Started GET "/" for 127.0.0.1 at 2024-05-27 15:46:48 +0300
Processing by WelcomeController#index as HTML
  Rendering layout layouts/application.html.erb
  Rendering welcome/index.html.erb within layouts/application
  Rendered application/_menubar.html.erb (Duration: 0.4ms | Allocations: 172)
  Rendered application/_footer.html.erb (Duration: 0.0ms | Allocations: 8)
  Rendered welcome/index.html.erb within layouts/application (Duration: 1.0ms | Allocations: 305)
  Rendered layout layouts/application.html.erb (Duration: 6.1ms | Allocations: 3313)
Completed 200 OK in 7ms (Views: 6.7ms | ActiveRecord: 0.0ms | Allocations: 3575)


Started GET "/" for 127.0.0.1 at 2024-05-27 15:47:54 +0300
Processing by WelcomeController#index as HTML
  Rendering layout layouts/application.html.erb
  Rendering welcome/index.html.erb within layouts/application
  Rendered application/_menubar.html.erb (Duration: 1.0ms | Allocations: 172)
  Rendered application/_footer.html.erb (Duration: 0.0ms | Allocations: 8)
  Rendered welcome/index.html.erb within layouts/application (Duration: 1.8ms | Allocations: 305)
  Rendered layout layouts/application.html.erb (Duration: 41.5ms | Allocations: 9434)
Completed 200 OK in 43ms (Views: 42.3ms | ActiveRecord: 0.0ms | Allocations: 9696)


Started GET "/welcome/index" for 127.0.0.1 at 2024-05-27 15:50:53 +0300
Processing by WelcomeController#index as HTML
  Rendering layout layouts/application.html.erb
  Rendering welcome/index.html.erb within layouts/application
  Rendered application/_menubar.html.erb (Duration: 1.0ms | Allocations: 172)
  Rendered application/_footer.html.erb (Duration: 0.0ms | Allocations: 8)
  Rendered welcome/index.html.erb within layouts/application (Duration: 1.9ms | Allocations: 305)
  Rendered layout layouts/application.html.erb (Duration: 59.7ms | Allocations: 9808)
Completed 200 OK in 61ms (Views: 60.7ms | ActiveRecord: 0.0ms | Allocations: 10072)


Started GET "/" for 127.0.0.1 at 2024-05-27 15:50:53 +0300
Processing by WelcomeController#index as HTML
  Rendering layout layouts/application.html.erb
  Rendering welcome/index.html.erb within layouts/application
  Rendered application/_menubar.html.erb (Duration: 0.4ms | Allocations: 172)
  Rendered application/_footer.html.erb (Duration: 0.1ms | Allocations: 8)
  Rendered welcome/index.html.erb within layouts/application (Duration: 1.1ms | Allocations: 305)
  Rendered layout layouts/application.html.erb (Duration: 6.8ms | Allocations: 3329)
Completed 200 OK in 8ms (Views: 7.4ms | ActiveRecord: 0.0ms | Allocations: 3593)


Started GET "/welcome/index" for 127.0.0.1 at 2024-05-27 15:50:58 +0300
Processing by WelcomeController#index as HTML
  Rendering layout layouts/application.html.erb
  Rendering welcome/index.html.erb within layouts/application
  Rendered application/_menubar.html.erb (Duration: 1.2ms | Allocations: 172)
  Rendered application/_footer.html.erb (Duration: 0.1ms | Allocations: 8)
  Rendered welcome/index.html.erb within layouts/application (Duration: 1.7ms | Allocations: 305)
  Rendered layout layouts/application.html.erb (Duration: 12.8ms | Allocations: 3321)
Completed 200 OK in 15ms (Views: 13.7ms | ActiveRecord: 0.0ms | Allocations: 3585)


Started GET "/work/index" for 127.0.0.1 at 2024-05-27 15:50:59 +0300
Processing by WorkController#index as HTML
  Rendering layout layouts/application.html.erb
  Rendering work/index.html.erb within layouts/application
  Rendered work/index.html.erb within layouts/application (Duration: 0.1ms | Allocations: 7)
  Rendered layout layouts/application.html.erb (Duration: 7.2ms | Allocations: 3008)
Completed 200 OK in 9ms (Views: 8.2ms | ActiveRecord: 0.0ms | Allocations: 3272)


Started GET "/work/index" for 127.0.0.1 at 2024-05-27 15:51:00 +0300
Processing by WorkController#index as HTML
  Rendering layout layouts/application.html.erb
  Rendering work/index.html.erb within layouts/application
  Rendered work/index.html.erb within layouts/application (Duration: 0.1ms | Allocations: 7)
  Rendered layout layouts/application.html.erb (Duration: 7.4ms | Allocations: 3011)
Completed 200 OK in 9ms (Views: 8.1ms | ActiveRecord: 0.0ms | Allocations: 3275)


Started GET "/welcome/index" for 127.0.0.1 at 2024-05-27 15:51:03 +0300
Processing by WelcomeController#index as HTML
  Rendering layout layouts/application.html.erb
  Rendering welcome/index.html.erb within layouts/application
  Rendered application/_menubar.html.erb (Duration: 0.5ms | Allocations: 172)
  Rendered application/_footer.html.erb (Duration: 0.0ms | Allocations: 8)
  Rendered welcome/index.html.erb within layouts/application (Duration: 0.8ms | Allocations: 305)
  Rendered layout layouts/application.html.erb (Duration: 8.5ms | Allocations: 3334)
Completed 200 OK in 10ms (Views: 9.2ms | ActiveRecord: 0.0ms | Allocations: 3598)


Started GET "/welcome/index" for 127.0.0.1 at 2024-05-27 15:51:04 +0300
Processing by WelcomeController#index as HTML
  Rendering layout layouts/application.html.erb
  Rendering welcome/index.html.erb within layouts/application
  Rendered application/_menubar.html.erb (Duration: 0.5ms | Allocations: 172)
  Rendered application/_footer.html.erb (Duration: 0.0ms | Allocations: 8)
  Rendered welcome/index.html.erb within layouts/application (Duration: 1.5ms | Allocations: 305)
  Rendered layout layouts/application.html.erb (Duration: 7.0ms | Allocations: 3313)
Completed 200 OK in 10ms (Views: 8.9ms | ActiveRecord: 0.0ms | Allocations: 3578)


Started GET "/" for 127.0.0.1 at 2024-05-27 15:53:39 +0300
Processing by WelcomeController#index as HTML
  Rendering layout layouts/application.html.erb
  Rendering welcome/index.html.erb within layouts/application
  Rendered application/_menubar.html.erb (Duration: 1.8ms | Allocations: 172)
  Rendered application/_footer.html.erb (Duration: 0.1ms | Allocations: 8)
  Rendered welcome/index.html.erb within layouts/application (Duration: 3.1ms | Allocations: 305)
  Rendered layout layouts/application.html.erb (Duration: 23.8ms | Allocations: 3152)
Completed 200 OK in 27ms (Views: 24.9ms | ActiveRecord: 0.0ms | Allocations: 3414)


Started GET "/" for 127.0.0.1 at 2024-05-27 15:59:14 +0300
Processing by WelcomeController#index as HTML
  Rendering layout layouts/application.html.erb
  Rendering welcome/index.html.erb within layouts/application
  Rendered application/_menubar.html.erb (Duration: 1.0ms | Allocations: 172)
  Rendered application/_footer.html.erb (Duration: 0.1ms | Allocations: 8)
  Rendered welcome/index.html.erb within layouts/application (Duration: 2.0ms | Allocations: 305)
  Rendered layout layouts/application.html.erb (Duration: 73.2ms | Allocations: 10256)
Completed 200 OK in 76ms (Views: 75.0ms | ActiveRecord: 0.0ms | Allocations: 10518)


Started GET "/offtop/index" for 127.0.0.1 at 2024-05-27 15:59:18 +0300
Processing by OfftopController#index as HTML
  Rendering layout layouts/application.html.erb
  Rendering offtop/index.html.erb within layouts/application
  Rendered offtop/index.html.erb within layouts/application (Duration: 0.1ms | Allocations: 7)
  Rendered layout layouts/application.html.erb (Duration: 7.9ms | Allocations: 3036)
Completed 200 OK in 9ms (Views: 8.7ms | ActiveRecord: 0.0ms | Allocations: 3300)


Started GET "/work/index" for 127.0.0.1 at 2024-05-27 15:59:19 +0300
Processing by WorkController#index as HTML
  Rendering layout layouts/application.html.erb
  Rendering work/index.html.erb within layouts/application
  Rendered work/index.html.erb within layouts/application (Duration: 0.1ms | Allocations: 7)
  Rendered layout layouts/application.html.erb (Duration: 7.2ms | Allocations: 3030)
Completed 200 OK in 9ms (Views: 8.1ms | ActiveRecord: 0.0ms | Allocations: 3294)


Started GET "/welcome/index" for 127.0.0.1 at 2024-05-27 15:59:43 +0300
Processing by WelcomeController#index as HTML
  Rendering layout layouts/application.html.erb
  Rendering welcome/index.html.erb within layouts/application
  Rendered application/_menubar.html.erb (Duration: 0.5ms | Allocations: 172)
  Rendered application/_footer.html.erb (Duration: 0.0ms | Allocations: 8)
  Rendered welcome/index.html.erb within layouts/application (Duration: 0.8ms | Allocations: 305)
  Rendered layout layouts/application.html.erb (Duration: 49.5ms | Allocations: 10531)
Completed 200 OK in 51ms (Views: 50.8ms | ActiveRecord: 0.0ms | Allocations: 10796)


Started GET "/" for 127.0.0.1 at 2024-05-27 15:59:44 +0300
Processing by WelcomeController#index as HTML
  Rendering layout layouts/application.html.erb
  Rendering welcome/index.html.erb within layouts/application
  Rendered application/_menubar.html.erb (Duration: 0.6ms | Allocations: 172)
  Rendered application/_footer.html.erb (Duration: 0.0ms | Allocations: 8)
  Rendered welcome/index.html.erb within layouts/application (Duration: 0.7ms | Allocations: 305)
  Rendered layout layouts/application.html.erb (Duration: 4.4ms | Allocations: 3432)
Completed 200 OK in 5ms (Views: 4.9ms | ActiveRecord: 0.0ms | Allocations: 3695)


Started GET "/welcome/index" for 127.0.0.1 at 2024-05-27 15:59:44 +0300
Processing by WelcomeController#index as HTML
  Rendering layout layouts/application.html.erb
  Rendering welcome/index.html.erb within layouts/application
  Rendered application/_menubar.html.erb (Duration: 0.3ms | Allocations: 172)
  Rendered application/_footer.html.erb (Duration: 0.0ms | Allocations: 8)
  Rendered welcome/index.html.erb within layouts/application (Duration: 0.6ms | Allocations: 305)
  Rendered layout layouts/application.html.erb (Duration: 5.9ms | Allocations: 3419)
Completed 200 OK in 7ms (Views: 6.4ms | ActiveRecord: 0.0ms | Allocations: 3683)


Started GET "/welcome/index" for 127.0.0.1 at 2024-05-27 15:59:45 +0300
Processing by WelcomeController#index as HTML
  Rendering layout layouts/application.html.erb
  Rendering welcome/index.html.erb within layouts/application
  Rendered application/_menubar.html.erb (Duration: 0.3ms | Allocations: 172)
  Rendered application/_footer.html.erb (Duration: 0.0ms | Allocations: 8)
  Rendered welcome/index.html.erb within layouts/application (Duration: 0.6ms | Allocations: 305)
  Rendered layout layouts/application.html.erb (Duration: 5.6ms | Allocations: 3437)
Completed 200 OK in 7ms (Views: 6.1ms | ActiveRecord: 0.0ms | Allocations: 3701)


Started GET "/" for 127.0.0.1 at 2024-05-27 16:09:33 +0300
Processing by WelcomeController#index as HTML
  Rendering layout layouts/application.html.erb
  Rendering welcome/index.html.erb within layouts/application
  Rendered application/_menubar.html.erb (Duration: 1.6ms | Allocations: 172)
  Rendered application/_footer.html.erb (Duration: 0.2ms | Allocations: 8)
  Rendered welcome/index.html.erb within layouts/application (Duration: 3.0ms | Allocations: 305)
  Rendered layout layouts/application.html.erb (Duration: 56.2ms | Allocations: 9583)
Completed 200 OK in 70ms (Views: 58.5ms | ActiveRecord: 0.0ms | Allocations: 9845)


Started GET "/welcome/index" for 127.0.0.1 at 2024-05-27 16:09:35 +0300
Processing by WelcomeController#index as HTML
  Rendering layout layouts/application.html.erb
  Rendering welcome/index.html.erb within layouts/application
  Rendered application/_menubar.html.erb (Duration: 0.5ms | Allocations: 172)
  Rendered application/_footer.html.erb (Duration: 0.0ms | Allocations: 8)
  Rendered welcome/index.html.erb within layouts/application (Duration: 0.8ms | Allocations: 305)
  Rendered layout layouts/application.html.erb (Duration: 8.3ms | Allocations: 3409)
Completed 200 OK in 9ms (Views: 8.8ms | ActiveRecord: 0.0ms | Allocations: 3673)


Started GET "/welcome/index" for 127.0.0.1 at 2024-05-27 16:09:39 +0300
Processing by WelcomeController#index as HTML
  Rendering layout layouts/application.html.erb
  Rendering welcome/index.html.erb within layouts/application
  Rendered application/_menubar.html.erb (Duration: 0.5ms | Allocations: 172)
  Rendered application/_footer.html.erb (Duration: 0.0ms | Allocations: 8)
  Rendered welcome/index.html.erb within layouts/application (Duration: 1.0ms | Allocations: 305)
  Rendered layout layouts/application.html.erb (Duration: 8.3ms | Allocations: 3425)
Completed 200 OK in 10ms (Views: 9.0ms | ActiveRecord: 0.0ms | Allocations: 3689)


Started GET "/" for 127.0.0.1 at 2024-05-27 16:10:25 +0300
Processing by WelcomeController#index as HTML
  Rendering layout layouts/application.html.erb
  Rendering welcome/index.html.erb within layouts/application
  Rendered application/_menubar.html.erb (Duration: 15.5ms | Allocations: 172)
  Rendered application/_footer.html.erb (Duration: 0.1ms | Allocations: 8)
  Rendered welcome/index.html.erb within layouts/application (Duration: 17.6ms | Allocations: 305)
  Rendered layout layouts/application.html.erb (Duration: 70.2ms | Allocations: 9640)
Completed 200 OK in 74ms (Views: 72.0ms | ActiveRecord: 0.0ms | Allocations: 9902)


Started GET "/welcome/index" for 127.0.0.1 at 2024-05-27 16:10:28 +0300
Processing by WelcomeController#index as HTML
  Rendering layout layouts/application.html.erb
  Rendering welcome/index.html.erb within layouts/application
  Rendered application/_menubar.html.erb (Duration: 0.6ms | Allocations: 172)
  Rendered application/_footer.html.erb (Duration: 0.0ms | Allocations: 8)
  Rendered welcome/index.html.erb within layouts/application (Duration: 1.1ms | Allocations: 305)
  Rendered layout layouts/application.html.erb (Duration: 9.0ms | Allocations: 3427)
Completed 200 OK in 11ms (Views: 9.8ms | ActiveRecord: 0.0ms | Allocations: 3691)


Started GET "/welcome/index" for 127.0.0.1 at 2024-05-27 16:10:29 +0300
Processing by WelcomeController#index as HTML
  Rendering layout layouts/application.html.erb
  Rendering welcome/index.html.erb within layouts/application
  Rendered application/_menubar.html.erb (Duration: 0.6ms | Allocations: 172)
  Rendered application/_footer.html.erb (Duration: 0.0ms | Allocations: 8)
  Rendered welcome/index.html.erb within layouts/application (Duration: 1.6ms | Allocations: 305)
  Rendered layout layouts/application.html.erb (Duration: 7.2ms | Allocations: 3421)
Completed 200 OK in 8ms (Views: 7.7ms | ActiveRecord: 0.0ms | Allocations: 3685)


Started GET "/work/index" for 127.0.0.1 at 2024-05-27 16:14:50 +0300
Processing by WorkController#index as HTML
  Rendering layout layouts/application.html.erb
  Rendering work/index.html.erb within layouts/application
  Rendered work/index.html.erb within layouts/application (Duration: 0.2ms | Allocations: 7)
  Rendered layout layouts/application.html.erb (Duration: 26.1ms | Allocations: 3122)
Completed 200 OK in 29ms (Views: 27.1ms | ActiveRecord: 0.0ms | Allocations: 3387)


Started GET "/" for 127.0.0.1 at 2024-05-27 16:17:33 +0300
Processing by WelcomeController#index as HTML
  Rendering layout layouts/application.html.erb
  Rendering welcome/index.html.erb within layouts/application
  Rendered application/_menubar.html.erb (Duration: 1.3ms | Allocations: 396)
  Rendered application/_footer.html.erb (Duration: 0.9ms | Allocations: 92)
  Rendered welcome/index.html.erb within layouts/application (Duration: 6.0ms | Allocations: 871)
  Rendered layout layouts/application.html.erb (Duration: 46.3ms | Allocations: 9889)
Completed 200 OK in 61ms (Views: 57.5ms | ActiveRecord: 0.0ms | Allocations: 10708)


Started GET "/" for 127.0.0.1 at 2024-05-27 16:20:15 +0300
Processing by WelcomeController#index as HTML
  Rendering layout layouts/application.html.erb
  Rendering welcome/index.html.erb within layouts/application
  Rendered application/_menubar.html.erb (Duration: 1.3ms | Allocations: 1690)
  Rendered welcome/index.html.erb within layouts/application (Duration: 1.9ms | Allocations: 2179)
  Rendered layout layouts/application.html.erb (Duration: 2.0ms | Allocations: 2279)
Completed 500 Internal Server Error in 7ms (ActiveRecord: 0.0ms | Allocations: 6193)


  
ActionView::Template::Error (undefined local variable or method `root' for #<ActionView::Base:0x0000000000a870>):
    2:     <div class = "A_Carina">
    3:     </div>
    4:     <div class = "M_MenuLinks">
    5:         <%= link_to "карина р.", root, class: "A_MenuLink" %>
    6:         <%= link_to "работа", work_index_url, class: "A_MenuLink" %>
    7:         <%= link_to "приколы", offtop_index_url, class: "A_MenuLink" %>
    8:         <a src="https://t.me/okonnaya" class="A_MenuLink">законтачиться</a>
  
app/views/application/_menubar.html.erb:5
app/views/welcome/index.html.erb:1
Started GET "/" for 127.0.0.1 at 2024-05-27 16:20:16 +0300
Processing by WelcomeController#index as HTML
  Rendering layout layouts/application.html.erb
  Rendering welcome/index.html.erb within layouts/application
  Rendered application/_menubar.html.erb (Duration: 0.7ms | Allocations: 1122)
  Rendered welcome/index.html.erb within layouts/application (Duration: 0.9ms | Allocations: 1191)
  Rendered layout layouts/application.html.erb (Duration: 1.2ms | Allocations: 1279)
Completed 500 Internal Server Error in 2ms (ActiveRecord: 0.0ms | Allocations: 1520)


  
ActionView::Template::Error (undefined local variable or method `root' for #<ActionView::Base:0x0000000000ab90>):
    2:     <div class = "A_Carina">
    3:     </div>
    4:     <div class = "M_MenuLinks">
    5:         <%= link_to "карина р.", root, class: "A_MenuLink" %>
    6:         <%= link_to "работа", work_index_url, class: "A_MenuLink" %>
    7:         <%= link_to "приколы", offtop_index_url, class: "A_MenuLink" %>
    8:         <a src="https://t.me/okonnaya" class="A_MenuLink">законтачиться</a>
  
app/views/application/_menubar.html.erb:5
app/views/welcome/index.html.erb:1
Started GET "/" for 127.0.0.1 at 2024-05-27 16:20:35 +0300
Processing by WelcomeController#index as HTML
  Rendering layout layouts/application.html.erb
  Rendering welcome/index.html.erb within layouts/application
  Rendered application/_menubar.html.erb (Duration: 2.0ms | Allocations: 499)
  Rendered application/_footer.html.erb (Duration: 0.2ms | Allocations: 93)
  Rendered welcome/index.html.erb within layouts/application (Duration: 3.5ms | Allocations: 973)
  Rendered layout layouts/application.html.erb (Duration: 73.7ms | Allocations: 46754)
Completed 200 OK in 80ms (Views: 78.0ms | ActiveRecord: 0.0ms | Allocations: 47619)


Started GET "/" for 127.0.0.1 at 2024-05-27 16:20:37 +0300
Processing by WelcomeController#index as HTML
  Rendering layout layouts/application.html.erb
  Rendering welcome/index.html.erb within layouts/application
  Rendered application/_menubar.html.erb (Duration: 0.5ms | Allocations: 170)
  Rendered application/_footer.html.erb (Duration: 0.0ms | Allocations: 8)
  Rendered welcome/index.html.erb within layouts/application (Duration: 0.9ms | Allocations: 303)
  Rendered layout layouts/application.html.erb (Duration: 7.0ms | Allocations: 3422)
Completed 200 OK in 9ms (Views: 8.2ms | ActiveRecord: 0.0ms | Allocations: 3686)


Started GET "/" for 127.0.0.1 at 2024-05-27 16:20:38 +0300
Processing by WelcomeController#index as HTML
  Rendering layout layouts/application.html.erb
  Rendering welcome/index.html.erb within layouts/application
  Rendered application/_menubar.html.erb (Duration: 0.4ms | Allocations: 170)
  Rendered application/_footer.html.erb (Duration: 0.0ms | Allocations: 8)
  Rendered welcome/index.html.erb within layouts/application (Duration: 0.7ms | Allocations: 303)
  Rendered layout layouts/application.html.erb (Duration: 6.1ms | Allocations: 3408)
Completed 200 OK in 8ms (Views: 6.7ms | ActiveRecord: 0.0ms | Allocations: 3672)


Started GET "/work/index" for 127.0.0.1 at 2024-05-27 16:20:41 +0300
Processing by WorkController#index as HTML
  Rendering layout layouts/application.html.erb
  Rendering work/index.html.erb within layouts/application
  Rendered work/index.html.erb within layouts/application (Duration: 0.8ms | Allocations: 107)
  Rendered layout layouts/application.html.erb (Duration: 6.8ms | Allocations: 3302)
Completed 200 OK in 11ms (Views: 10.1ms | ActiveRecord: 0.0ms | Allocations: 3949)


Started GET "/" for 127.0.0.1 at 2024-05-27 16:21:32 +0300
Processing by WelcomeController#index as HTML
  Rendering layout layouts/application.html.erb
  Rendering welcome/index.html.erb within layouts/application
  Rendered welcome/index.html.erb within layouts/application (Duration: 0.4ms | Allocations: 110)
  Rendered application/_menubar.html.erb (Duration: 1.0ms | Allocations: 390)
  Rendered application/_footer.html.erb (Duration: 0.2ms | Allocations: 92)
  Rendered layout layouts/application.html.erb (Duration: 10.4ms | Allocations: 4311)
Completed 200 OK in 13ms (Views: 12.1ms | ActiveRecord: 0.0ms | Allocations: 5125)


Started GET "/" for 127.0.0.1 at 2024-05-27 16:21:34 +0300
Processing by WelcomeController#index as HTML
  Rendering layout layouts/application.html.erb
  Rendering welcome/index.html.erb within layouts/application
  Rendered welcome/index.html.erb within layouts/application (Duration: 0.1ms | Allocations: 7)
  Rendered application/_menubar.html.erb (Duration: 0.2ms | Allocations: 169)
  Rendered application/_footer.html.erb (Duration: 0.0ms | Allocations: 8)
  Rendered layout layouts/application.html.erb (Duration: 19.1ms | Allocations: 3408)
Completed 200 OK in 20ms (Views: 19.6ms | ActiveRecord: 0.0ms | Allocations: 3672)


Started GET "/work/index" for 127.0.0.1 at 2024-05-27 16:21:34 +0300
Processing by WorkController#index as HTML
  Rendering layout layouts/application.html.erb
  Rendering work/index.html.erb within layouts/application
  Rendered work/index.html.erb within layouts/application (Duration: 1.2ms | Allocations: 110)
  Rendered application/_menubar.html.erb (Duration: 0.4ms | Allocations: 198)
  Rendered application/_footer.html.erb (Duration: 0.0ms | Allocations: 9)
  Rendered layout layouts/application.html.erb (Duration: 8.4ms | Allocations: 3619)
Completed 200 OK in 11ms (Views: 10.4ms | ActiveRecord: 0.0ms | Allocations: 4187)


Started GET "/" for 127.0.0.1 at 2024-05-27 16:21:35 +0300
Processing by WelcomeController#index as HTML
  Rendering layout layouts/application.html.erb
  Rendering welcome/index.html.erb within layouts/application
  Rendered welcome/index.html.erb within layouts/application (Duration: 0.1ms | Allocations: 7)
  Rendered application/_menubar.html.erb (Duration: 1.8ms | Allocations: 169)
  Rendered application/_footer.html.erb (Duration: 0.0ms | Allocations: 8)
  Rendered layout layouts/application.html.erb (Duration: 8.9ms | Allocations: 3411)
Completed 200 OK in 11ms (Views: 9.6ms | ActiveRecord: 0.0ms | Allocations: 3678)


Started GET "/work/index" for 127.0.0.1 at 2024-05-27 16:21:36 +0300
Processing by WorkController#index as HTML
  Rendering layout layouts/application.html.erb
  Rendering work/index.html.erb within layouts/application
  Rendered work/index.html.erb within layouts/application (Duration: 0.1ms | Allocations: 7)
  Rendered application/_menubar.html.erb (Duration: 0.4ms | Allocations: 169)
  Rendered application/_footer.html.erb (Duration: 0.0ms | Allocations: 8)
  Rendered layout layouts/application.html.erb (Duration: 9.6ms | Allocations: 3414)
Completed 200 OK in 11ms (Views: 10.3ms | ActiveRecord: 0.0ms | Allocations: 3679)


Started GET "/offtop/index" for 127.0.0.1 at 2024-05-27 16:21:36 +0300
Processing by OfftopController#index as HTML
  Rendering layout layouts/application.html.erb
  Rendering offtop/index.html.erb within layouts/application
  Rendered offtop/index.html.erb within layouts/application (Duration: 0.6ms | Allocations: 107)
  Rendered application/_menubar.html.erb (Duration: 0.3ms | Allocations: 198)
  Rendered application/_footer.html.erb (Duration: 0.0ms | Allocations: 9)
  Rendered layout layouts/application.html.erb (Duration: 4.9ms | Allocations: 3630)
Completed 200 OK in 7ms (Views: 6.3ms | ActiveRecord: 0.0ms | Allocations: 4278)


Started GET "/offtop/index" for 127.0.0.1 at 2024-05-27 16:21:37 +0300
Processing by OfftopController#index as HTML
  Rendering layout layouts/application.html.erb
  Rendering offtop/index.html.erb within layouts/application
  Rendered offtop/index.html.erb within layouts/application (Duration: 0.1ms | Allocations: 7)
  Rendered application/_menubar.html.erb (Duration: 0.4ms | Allocations: 169)
  Rendered application/_footer.html.erb (Duration: 0.0ms | Allocations: 8)
  Rendered layout layouts/application.html.erb (Duration: 6.9ms | Allocations: 3408)
Completed 200 OK in 9ms (Views: 7.7ms | ActiveRecord: 0.0ms | Allocations: 3672)


Started GET "/offtop/index" for 127.0.0.1 at 2024-05-27 16:23:08 +0300
Processing by OfftopController#index as HTML
  Rendering layout layouts/application.html.erb
  Rendering offtop/index.html.erb within layouts/application
  Rendered offtop/index.html.erb within layouts/application (Duration: 0.3ms | Allocations: 7)
  Rendered application/_menubar.html.erb (Duration: 0.2ms | Allocations: 169)
  Rendered application/_footer.html.erb (Duration: 0.0ms | Allocations: 8)
  Rendered layout layouts/application.html.erb (Duration: 49.4ms | Allocations: 9572)
Completed 200 OK in 51ms (Views: 50.1ms | ActiveRecord: 0.0ms | Allocations: 9834)


Started GET "/work/index" for 127.0.0.1 at 2024-05-27 16:23:12 +0300
Processing by WorkController#index as HTML
  Rendering layout layouts/application.html.erb
  Rendering work/index.html.erb within layouts/application
  Rendered work/index.html.erb within layouts/application (Duration: 1.8ms | Allocations: 7)
  Rendered application/_menubar.html.erb (Duration: 2.9ms | Allocations: 169)
  Rendered application/_footer.html.erb (Duration: 0.1ms | Allocations: 8)
  Rendered layout layouts/application.html.erb (Duration: 35.0ms | Allocations: 3420)
Completed 200 OK in 44ms (Views: 39.3ms | ActiveRecord: 0.0ms | Allocations: 3685)


Started GET "/" for 127.0.0.1 at 2024-05-27 16:23:12 +0300
Processing by WelcomeController#index as HTML
  Rendering layout layouts/application.html.erb
  Rendering welcome/index.html.erb within layouts/application
  Rendered welcome/index.html.erb within layouts/application (Duration: 0.1ms | Allocations: 7)
  Rendered application/_menubar.html.erb (Duration: 0.3ms | Allocations: 169)
  Rendered application/_footer.html.erb (Duration: 0.0ms | Allocations: 8)
  Rendered layout layouts/application.html.erb (Duration: 7.2ms | Allocations: 3417)
Completed 200 OK in 9ms (Views: 8.1ms | ActiveRecord: 0.0ms | Allocations: 3682)


Started GET "/offtop/index" for 127.0.0.1 at 2024-05-27 16:23:13 +0300
Processing by OfftopController#index as HTML
  Rendering layout layouts/application.html.erb
  Rendering offtop/index.html.erb within layouts/application
  Rendered offtop/index.html.erb within layouts/application (Duration: 0.1ms | Allocations: 7)
  Rendered application/_menubar.html.erb (Duration: 0.4ms | Allocations: 169)
  Rendered application/_footer.html.erb (Duration: 0.0ms | Allocations: 8)
  Rendered layout layouts/application.html.erb (Duration: 6.5ms | Allocations: 3423)
Completed 200 OK in 8ms (Views: 7.1ms | ActiveRecord: 0.0ms | Allocations: 3685)


Started GET "/offtop/index" for 127.0.0.1 at 2024-05-27 16:23:34 +0300
Processing by OfftopController#index as HTML
  Rendering layout layouts/application.html.erb
  Rendering offtop/index.html.erb within layouts/application
  Rendered offtop/index.html.erb within layouts/application (Duration: 0.3ms | Allocations: 7)
  Rendered application/_menubar.html.erb (Duration: 0.4ms | Allocations: 169)
  Rendered application/_footer.html.erb (Duration: 0.0ms | Allocations: 8)
  Rendered layout layouts/application.html.erb (Duration: 44.2ms | Allocations: 8968)
Completed 200 OK in 47ms (Views: 45.6ms | ActiveRecord: 0.0ms | Allocations: 9230)


Started GET "/" for 127.0.0.1 at 2024-05-27 16:23:34 +0300
Processing by WelcomeController#index as HTML
  Rendering layout layouts/application.html.erb
  Rendering welcome/index.html.erb within layouts/application
  Rendered welcome/index.html.erb within layouts/application (Duration: 0.0ms | Allocations: 7)
  Rendered application/_menubar.html.erb (Duration: 0.5ms | Allocations: 169)
  Rendered application/_footer.html.erb (Duration: 0.1ms | Allocations: 8)
  Rendered layout layouts/application.html.erb (Duration: 6.0ms | Allocations: 3411)
Completed 200 OK in 8ms (Views: 6.8ms | ActiveRecord: 0.0ms | Allocations: 3675)


Started GET "/" for 127.0.0.1 at 2024-05-27 16:23:36 +0300
Processing by WelcomeController#index as HTML
  Rendering layout layouts/application.html.erb
  Rendering welcome/index.html.erb within layouts/application
  Rendered welcome/index.html.erb within layouts/application (Duration: 0.1ms | Allocations: 7)
  Rendered application/_menubar.html.erb (Duration: 0.3ms | Allocations: 169)
  Rendered application/_footer.html.erb (Duration: 0.0ms | Allocations: 8)
  Rendered layout layouts/application.html.erb (Duration: 8.8ms | Allocations: 3423)
Completed 200 OK in 11ms (Views: 10.1ms | ActiveRecord: 0.0ms | Allocations: 3687)


Started GET "/work/index" for 127.0.0.1 at 2024-05-27 16:23:36 +0300
Processing by WorkController#index as HTML
  Rendering layout layouts/application.html.erb
  Rendering work/index.html.erb within layouts/application
  Rendered work/index.html.erb within layouts/application (Duration: 0.1ms | Allocations: 7)
  Rendered application/_menubar.html.erb (Duration: 0.4ms | Allocations: 169)
  Rendered application/_footer.html.erb (Duration: 0.0ms | Allocations: 8)
  Rendered layout layouts/application.html.erb (Duration: 6.4ms | Allocations: 3417)
Completed 200 OK in 8ms (Views: 6.9ms | ActiveRecord: 0.0ms | Allocations: 3681)


Started GET "/offtop/index" for 127.0.0.1 at 2024-05-27 16:24:15 +0300
Processing by OfftopController#index as HTML
  Rendering layout layouts/application.html.erb
  Rendering offtop/index.html.erb within layouts/application
  Rendered offtop/index.html.erb within layouts/application (Duration: 0.2ms | Allocations: 7)
  Rendered application/_menubar.html.erb (Duration: 0.2ms | Allocations: 169)
  Rendered application/_footer.html.erb (Duration: 0.0ms | Allocations: 8)
  Rendered layout layouts/application.html.erb (Duration: 74.5ms | Allocations: 8964)
Completed 200 OK in 76ms (Views: 75.4ms | ActiveRecord: 0.0ms | Allocations: 9226)


Started GET "/" for 127.0.0.1 at 2024-05-27 16:24:16 +0300
Processing by WelcomeController#index as HTML
  Rendering layout layouts/application.html.erb
  Rendering welcome/index.html.erb within layouts/application
  Rendered welcome/index.html.erb within layouts/application (Duration: 0.1ms | Allocations: 7)
  Rendered application/_menubar.html.erb (Duration: 0.3ms | Allocations: 169)
  Rendered application/_footer.html.erb (Duration: 0.0ms | Allocations: 8)
  Rendered layout layouts/application.html.erb (Duration: 7.1ms | Allocations: 3413)
Completed 200 OK in 12ms (Views: 10.8ms | ActiveRecord: 0.0ms | Allocations: 3678)


Started GET "/work/index" for 127.0.0.1 at 2024-05-27 16:24:16 +0300
Processing by WorkController#index as HTML
  Rendering layout layouts/application.html.erb
  Rendering work/index.html.erb within layouts/application
  Rendered work/index.html.erb within layouts/application (Duration: 0.2ms | Allocations: 7)
  Rendered application/_menubar.html.erb (Duration: 0.3ms | Allocations: 169)
  Rendered application/_footer.html.erb (Duration: 0.0ms | Allocations: 8)
  Rendered layout layouts/application.html.erb (Duration: 7.3ms | Allocations: 3402)
Completed 200 OK in 10ms (Views: 8.3ms | ActiveRecord: 0.0ms | Allocations: 3666)


Started GET "/offtop/index" for 127.0.0.1 at 2024-05-27 16:24:48 +0300
Processing by OfftopController#index as HTML
  Rendering layout layouts/application.html.erb
  Rendering offtop/index.html.erb within layouts/application
  Rendered offtop/index.html.erb within layouts/application (Duration: 1.9ms | Allocations: 111)
  Rendered application/_menubar.html.erb (Duration: 4.6ms | Allocations: 392)
  Rendered application/_footer.html.erb (Duration: 0.5ms | Allocations: 92)
  Rendered layout layouts/application.html.erb (Duration: 41.5ms | Allocations: 4294)
Completed 200 OK in 53ms (Views: 50.0ms | ActiveRecord: 0.0ms | Allocations: 5112)


Started GET "/" for 127.0.0.1 at 2024-05-27 16:25:09 +0300
Processing by WelcomeController#index as HTML
  Rendering layout layouts/application.html.erb
  Rendering welcome/index.html.erb within layouts/application
  Rendered welcome/index.html.erb within layouts/application (Duration: 1.2ms | Allocations: 109)
  Rendered application/_menubar.html.erb (Duration: 0.7ms | Allocations: 393)
  Rendered application/_footer.html.erb (Duration: 0.5ms | Allocations: 92)
  Rendered layout layouts/application.html.erb (Duration: 14.3ms | Allocations: 4304)
Completed 200 OK in 21ms (Views: 18.7ms | ActiveRecord: 0.0ms | Allocations: 5122)


Started GET "/offtop/index" for 127.0.0.1 at 2024-05-27 16:25:09 +0300
Processing by OfftopController#index as HTML
  Rendering layout layouts/application.html.erb
  Rendering offtop/index.html.erb within layouts/application
  Rendered offtop/index.html.erb within layouts/application (Duration: 0.9ms | Allocations: 105)
  Rendered application/_menubar.html.erb (Duration: 0.2ms | Allocations: 192)
  Rendered application/_footer.html.erb (Duration: 0.0ms | Allocations: 9)
  Rendered layout layouts/application.html.erb (Duration: 11.8ms | Allocations: 3611)
Completed 200 OK in 15ms (Views: 14.0ms | ActiveRecord: 0.0ms | Allocations: 4177)


Started GET "/offtop/index" for 127.0.0.1 at 2024-05-27 16:28:05 +0300
Processing by OfftopController#index as HTML
  Rendering layout layouts/application.html.erb
  Rendering offtop/index.html.erb within layouts/application
  Rendered offtop/index.html.erb within layouts/application (Duration: 2.7ms | Allocations: 106)
  Rendered application/_menubar.html.erb (Duration: 2.1ms | Allocations: 362)
  Rendered application/_footer.html.erb (Duration: 0.1ms | Allocations: 92)
  Rendered layout layouts/application.html.erb (Duration: 45.7ms | Allocations: 18371)
Completed 200 OK in 61ms (Views: 57.3ms | ActiveRecord: 0.0ms | Allocations: 19190)


Started GET "/offtop/index" for 127.0.0.1 at 2024-05-27 17:44:25 +0300
Processing by OfftopController#index as HTML
  Rendering layout layouts/application.html.erb
  Rendering offtop/index.html.erb within layouts/application
  Rendered offtop/index.html.erb within layouts/application (Duration: 4.3ms | Allocations: 106)
  Rendered application/_menubar.html.erb (Duration: 1.7ms | Allocations: 361)
  Rendered application/_footer.html.erb (Duration: 0.5ms | Allocations: 92)
  Rendered layout layouts/application.html.erb (Duration: 40.5ms | Allocations: 4264)
Completed 200 OK in 63ms (Views: 54.2ms | ActiveRecord: 0.0ms | Allocations: 5083)


Started GET "/offtop/index" for 127.0.0.1 at 2024-05-27 17:45:31 +0300
Processing by OfftopController#index as HTML
  Rendering layout layouts/application.html.erb
  Rendering offtop/index.html.erb within layouts/application
  Rendered offtop/index.html.erb within layouts/application (Duration: 0.2ms | Allocations: 7)
  Rendered application/_menubar.html.erb (Duration: 0.4ms | Allocations: 169)
  Rendered application/_footer.html.erb (Duration: 0.0ms | Allocations: 8)
  Rendered layout layouts/application.html.erb (Duration: 53.2ms | Allocations: 17383)
Completed 200 OK in 55ms (Views: 53.8ms | ActiveRecord: 0.0ms | Allocations: 17649)


Started GET "/work/index" for 127.0.0.1 at 2024-05-27 17:45:33 +0300
Processing by WorkController#index as HTML
  Rendering layout layouts/application.html.erb
  Rendering work/index.html.erb within layouts/application
  Rendered work/index.html.erb within layouts/application (Duration: 1.1ms | Allocations: 105)
  Rendered application/_menubar.html.erb (Duration: 0.3ms | Allocations: 192)
  Rendered application/_footer.html.erb (Duration: 0.0ms | Allocations: 9)
  Rendered layout layouts/application.html.erb (Duration: 9.0ms | Allocations: 3626)
Completed 200 OK in 18ms (Views: 16.6ms | ActiveRecord: 0.0ms | Allocations: 4197)


Started GET "/" for 127.0.0.1 at 2024-05-27 17:45:35 +0300
Processing by WelcomeController#index as HTML
  Rendering layout layouts/application.html.erb
  Rendering welcome/index.html.erb within layouts/application
  Rendered welcome/index.html.erb within layouts/application (Duration: 0.6ms | Allocations: 111)
  Rendered application/_menubar.html.erb (Duration: 0.2ms | Allocations: 192)
  Rendered application/_footer.html.erb (Duration: 0.0ms | Allocations: 9)
  Rendered layout layouts/application.html.erb (Duration: 9.6ms | Allocations: 3622)
Completed 200 OK in 14ms (Views: 12.9ms | ActiveRecord: 0.0ms | Allocations: 4194)


Started GET "/" for 127.0.0.1 at 2024-05-27 17:45:48 +0300
Processing by WelcomeController#index as HTML
  Rendering layout layouts/application.html.erb
  Rendering welcome/index.html.erb within layouts/application
  Rendered welcome/index.html.erb within layouts/application (Duration: 0.1ms | Allocations: 7)
  Rendered application/_menubar.html.erb (Duration: 0.3ms | Allocations: 169)
  Rendered application/_footer.html.erb (Duration: 0.0ms | Allocations: 8)
  Rendered layout layouts/application.html.erb (Duration: 10.3ms | Allocations: 3409)
Completed 200 OK in 12ms (Views: 10.9ms | ActiveRecord: 0.0ms | Allocations: 3677)


Started GET "/" for 127.0.0.1 at 2024-05-27 17:45:52 +0300
Processing by WelcomeController#index as HTML
  Rendering layout layouts/application.html.erb
  Rendering welcome/index.html.erb within layouts/application
  Rendered welcome/index.html.erb within layouts/application (Duration: 0.1ms | Allocations: 7)
  Rendered application/_menubar.html.erb (Duration: 0.5ms | Allocations: 169)
  Rendered application/_footer.html.erb (Duration: 0.0ms | Allocations: 8)
  Rendered layout layouts/application.html.erb (Duration: 8.9ms | Allocations: 3406)
Completed 200 OK in 10ms (Views: 9.6ms | ActiveRecord: 0.0ms | Allocations: 3674)


Started GET "/" for 127.0.0.1 at 2024-05-27 17:47:13 +0300
Processing by WelcomeController#index as HTML
  Rendering layout layouts/application.html.erb
  Rendering welcome/index.html.erb within layouts/application
  Rendered welcome/index.html.erb within layouts/application (Duration: 0.4ms | Allocations: 7)
  Rendered application/_menubar.html.erb (Duration: 0.5ms | Allocations: 169)
  Rendered application/_footer.html.erb (Duration: 0.0ms | Allocations: 8)
  Rendered layout layouts/application.html.erb (Duration: 45.0ms | Allocations: 16309)
Completed 200 OK in 47ms (Views: 46.4ms | ActiveRecord: 0.0ms | Allocations: 16574)


Started GET "/" for 127.0.0.1 at 2024-05-27 17:47:37 +0300
Processing by WelcomeController#index as HTML
  Rendering layout layouts/application.html.erb
  Rendering welcome/index.html.erb within layouts/application
  Rendered welcome/index.html.erb within layouts/application (Duration: 0.2ms | Allocations: 7)
  Rendered application/_menubar.html.erb (Duration: 1.2ms | Allocations: 169)
  Rendered application/_footer.html.erb (Duration: 0.0ms | Allocations: 8)
  Rendered layout layouts/application.html.erb (Duration: 33.0ms | Allocations: 16180)
Completed 200 OK in 34ms (Views: 33.6ms | ActiveRecord: 0.0ms | Allocations: 16445)


Started GET "/" for 127.0.0.1 at 2024-05-27 17:48:28 +0300
Processing by WelcomeController#index as HTML
  Rendering layout layouts/application.html.erb
  Rendering welcome/index.html.erb within layouts/application
  Rendered welcome/index.html.erb within layouts/application (Duration: 0.3ms | Allocations: 7)
  Rendered application/_menubar.html.erb (Duration: 1.3ms | Allocations: 169)
  Rendered application/_footer.html.erb (Duration: 0.0ms | Allocations: 8)
  Rendered layout layouts/application.html.erb (Duration: 38.9ms | Allocations: 16164)
Completed 200 OK in 43ms (Views: 39.6ms | ActiveRecord: 0.0ms | Allocations: 16429)


Started GET "/" for 127.0.0.1 at 2024-05-27 17:48:52 +0300
Processing by WelcomeController#index as HTML
  Rendering layout layouts/application.html.erb
  Rendering welcome/index.html.erb within layouts/application
  Rendered welcome/index.html.erb within layouts/application (Duration: 0.2ms | Allocations: 7)
  Rendered application/_menubar.html.erb (Duration: 0.3ms | Allocations: 169)
  Rendered application/_footer.html.erb (Duration: 0.0ms | Allocations: 8)
  Rendered layout layouts/application.html.erb (Duration: 26.5ms | Allocations: 16176)
Completed 200 OK in 29ms (Views: 27.3ms | ActiveRecord: 0.0ms | Allocations: 16441)


Started GET "/offtop/index" for 127.0.0.1 at 2024-05-27 17:48:59 +0300
Processing by OfftopController#index as HTML
  Rendering layout layouts/application.html.erb
  Rendering offtop/index.html.erb within layouts/application
  Rendered offtop/index.html.erb within layouts/application (Duration: 0.0ms | Allocations: 7)
  Rendered application/_menubar.html.erb (Duration: 0.2ms | Allocations: 169)
  Rendered application/_footer.html.erb (Duration: 0.0ms | Allocations: 8)
  Rendered layout layouts/application.html.erb (Duration: 7.6ms | Allocations: 3416)
Completed 200 OK in 8ms (Views: 8.0ms | ActiveRecord: 0.0ms | Allocations: 3685)


Started GET "/" for 127.0.0.1 at 2024-05-27 17:49:21 +0300
Processing by WelcomeController#index as HTML
  Rendering layout layouts/application.html.erb
  Rendering welcome/index.html.erb within layouts/application
  Rendered welcome/index.html.erb within layouts/application (Duration: 0.1ms | Allocations: 7)
  Rendered application/_menubar.html.erb (Duration: 0.7ms | Allocations: 169)
  Rendered application/_footer.html.erb (Duration: 0.0ms | Allocations: 8)
  Rendered layout layouts/application.html.erb (Duration: 11.4ms | Allocations: 3414)
Completed 200 OK in 14ms (Views: 12.3ms | ActiveRecord: 0.0ms | Allocations: 3681)


Started GET "/offtop/index" for 127.0.0.1 at 2024-05-27 17:50:11 +0300
Processing by OfftopController#index as HTML
  Rendering layout layouts/application.html.erb
  Rendering offtop/index.html.erb within layouts/application
  Rendered offtop/index.html.erb within layouts/application (Duration: 0.1ms | Allocations: 7)
  Rendered application/_menubar.html.erb (Duration: 0.3ms | Allocations: 169)
  Rendered application/_footer.html.erb (Duration: 0.0ms | Allocations: 8)
  Rendered layout layouts/application.html.erb (Duration: 7.4ms | Allocations: 3425)
Completed 200 OK in 9ms (Views: 8.1ms | ActiveRecord: 0.0ms | Allocations: 3693)


Started GET "/offtop/index" for 127.0.0.1 at 2024-05-27 17:51:52 +0300
  
ActionController::RoutingError (No route matches [GET] "/offtop/index"):
  
Started GET "/" for 127.0.0.1 at 2024-05-27 17:51:57 +0300
Processing by WelcomeController#index as HTML
  Rendering layout layouts/application.html.erb
  Rendering welcome/index.html.erb within layouts/application
  Rendered welcome/index.html.erb within layouts/application (Duration: 0.1ms | Allocations: 10)
  Rendered application/_menubar.html.erb (Duration: 1.5ms | Allocations: 1162)
  Rendered layout layouts/application.html.erb (Duration: 23.7ms | Allocations: 17357)
Completed 500 Internal Server Error in 27ms (ActiveRecord: 0.0ms | Allocations: 17860)


  
ActionView::Template::Error (undefined local variable or method `work_index_url' for #<ActionView::Base:0x0000000000fde8>):
    3:     </div>
    4:     <div class = "M_MenuLinks">
    5:         <%= link_to "карина р.", root_url, class: "A_MenuLink" %>
    6:         <%= link_to "работа", work_index_url, class: "A_MenuLink" %>
    7:         <%= link_to "приколы", offtop_index_url, class: "A_MenuLink" %>
    8:         <a src="https://t.me/okonnaya" class="A_MenuLink">законтачиться</a>
    9:     </div>
  
app/views/application/_menubar.html.erb:6
app/views/layouts/application.html.erb:18
Started GET "/" for 127.0.0.1 at 2024-05-27 17:52:21 +0300
Processing by WelcomeController#index as HTML
  Rendering layout layouts/application.html.erb
  Rendering welcome/index.html.erb within layouts/application
  Rendered welcome/index.html.erb within layouts/application (Duration: 1.0ms | Allocations: 109)
  Rendered application/_menubar.html.erb (Duration: 0.7ms | Allocations: 361)
  Rendered application/_footer.html.erb (Duration: 0.2ms | Allocations: 92)
  Rendered layout layouts/application.html.erb (Duration: 14.5ms | Allocations: 4293)
Completed 200 OK in 23ms (Views: 20.9ms | ActiveRecord: 0.0ms | Allocations: 5120)


Started GET "/work" for 127.0.0.1 at 2024-05-27 17:52:23 +0300
Processing by WorkController#index as HTML
  Rendering layout layouts/application.html.erb
  Rendering work/index.html.erb within layouts/application
  Rendered work/index.html.erb within layouts/application (Duration: 0.7ms | Allocations: 105)
  Rendered application/_menubar.html.erb (Duration: 0.3ms | Allocations: 198)
  Rendered application/_footer.html.erb (Duration: 0.0ms | Allocations: 9)
  Rendered layout layouts/application.html.erb (Duration: 6.3ms | Allocations: 3639)
Completed 200 OK in 9ms (Views: 7.9ms | ActiveRecord: 0.0ms | Allocations: 4287)


Started GET "/offtop" for 127.0.0.1 at 2024-05-27 17:52:24 +0300
Processing by OfftopController#index as HTML
  Rendering layout layouts/application.html.erb
  Rendering offtop/index.html.erb within layouts/application
  Rendered offtop/index.html.erb within layouts/application (Duration: 0.6ms | Allocations: 105)
  Rendered application/_menubar.html.erb (Duration: 0.3ms | Allocations: 198)
  Rendered application/_footer.html.erb (Duration: 0.0ms | Allocations: 9)
  Rendered layout layouts/application.html.erb (Duration: 4.7ms | Allocations: 3615)
Completed 200 OK in 7ms (Views: 6.2ms | ActiveRecord: 0.0ms | Allocations: 4263)


Started GET "/offtop" for 127.0.0.1 at 2024-05-27 17:52:27 +0300
Processing by OfftopController#index as HTML
  Rendering layout layouts/application.html.erb
  Rendering offtop/index.html.erb within layouts/application
  Rendered offtop/index.html.erb within layouts/application (Duration: 0.1ms | Allocations: 7)
  Rendered application/_menubar.html.erb (Duration: 0.4ms | Allocations: 169)
  Rendered application/_footer.html.erb (Duration: 0.0ms | Allocations: 8)
  Rendered layout layouts/application.html.erb (Duration: 6.4ms | Allocations: 3399)
Completed 200 OK in 8ms (Views: 6.9ms | ActiveRecord: 0.0ms | Allocations: 3665)


Started GET "/work" for 127.0.0.1 at 2024-05-27 17:52:27 +0300
Processing by WorkController#index as HTML
  Rendering layout layouts/application.html.erb
  Rendering work/index.html.erb within layouts/application
  Rendered work/index.html.erb within layouts/application (Duration: 0.1ms | Allocations: 7)
  Rendered application/_menubar.html.erb (Duration: 0.5ms | Allocations: 169)
  Rendered application/_footer.html.erb (Duration: 0.0ms | Allocations: 8)
  Rendered layout layouts/application.html.erb (Duration: 7.2ms | Allocations: 3420)
Completed 200 OK in 9ms (Views: 7.9ms | ActiveRecord: 0.0ms | Allocations: 3687)


Started GET "/" for 127.0.0.1 at 2024-05-27 17:52:28 +0300
Processing by WelcomeController#index as HTML
  Rendering layout layouts/application.html.erb
  Rendering welcome/index.html.erb within layouts/application
  Rendered welcome/index.html.erb within layouts/application (Duration: 0.1ms | Allocations: 7)
  Rendered application/_menubar.html.erb (Duration: 0.3ms | Allocations: 169)
  Rendered application/_footer.html.erb (Duration: 0.0ms | Allocations: 8)
  Rendered layout layouts/application.html.erb (Duration: 18.4ms | Allocations: 3408)
Completed 200 OK in 20ms (Views: 19.1ms | ActiveRecord: 0.0ms | Allocations: 3678)


Started GET "/work" for 127.0.0.1 at 2024-05-27 17:52:29 +0300
Processing by WorkController#index as HTML
  Rendering layout layouts/application.html.erb
  Rendering work/index.html.erb within layouts/application
  Rendered work/index.html.erb within layouts/application (Duration: 0.1ms | Allocations: 7)
  Rendered application/_menubar.html.erb (Duration: 0.2ms | Allocations: 169)
  Rendered application/_footer.html.erb (Duration: 0.0ms | Allocations: 8)
  Rendered layout layouts/application.html.erb (Duration: 14.4ms | Allocations: 3426)
Completed 200 OK in 16ms (Views: 15.0ms | ActiveRecord: 0.0ms | Allocations: 3693)


Started GET "/" for 127.0.0.1 at 2024-05-27 17:52:29 +0300
Processing by WelcomeController#index as HTML
  Rendering layout layouts/application.html.erb
  Rendering welcome/index.html.erb within layouts/application
  Rendered welcome/index.html.erb within layouts/application (Duration: 0.0ms | Allocations: 7)
  Rendered application/_menubar.html.erb (Duration: 0.4ms | Allocations: 169)
  Rendered application/_footer.html.erb (Duration: 0.0ms | Allocations: 8)
  Rendered layout layouts/application.html.erb (Duration: 8.6ms | Allocations: 3431)
Completed 200 OK in 10ms (Views: 9.1ms | ActiveRecord: 0.0ms | Allocations: 3698)


Started GET "/" for 127.0.0.1 at 2024-05-27 17:52:58 +0300
Processing by WelcomeController#index as HTML
  Rendering layout layouts/application.html.erb
  Rendering welcome/index.html.erb within layouts/application
  Rendered welcome/index.html.erb within layouts/application (Duration: 0.3ms | Allocations: 7)
  Rendered application/_menubar.html.erb (Duration: 0.3ms | Allocations: 169)
  Rendered application/_footer.html.erb (Duration: 0.0ms | Allocations: 8)
  Rendered layout layouts/application.html.erb (Duration: 25.6ms | Allocations: 16238)
Completed 200 OK in 29ms (Views: 27.9ms | ActiveRecord: 0.0ms | Allocations: 16504)


Started GET "/" for 127.0.0.1 at 2024-05-27 18:02:07 +0300
Processing by WelcomeController#index as HTML
  Rendering layout layouts/application.html.erb
  Rendering welcome/index.html.erb within layouts/application
  Rendered welcome/index.html.erb within layouts/application (Duration: 0.6ms | Allocations: 7)
  Rendered application/_menubar.html.erb (Duration: 0.4ms | Allocations: 169)
  Rendered application/_footer.html.erb (Duration: 0.0ms | Allocations: 8)
  Rendered layout layouts/application.html.erb (Duration: 64.8ms | Allocations: 16161)
Completed 200 OK in 69ms (Views: 67.0ms | ActiveRecord: 0.0ms | Allocations: 16426)


Started GET "/offtop" for 127.0.0.1 at 2024-05-27 18:02:11 +0300
Processing by OfftopController#index as HTML
  Rendering layout layouts/application.html.erb
  Rendering offtop/index.html.erb within layouts/application
  Rendered offtop/index.html.erb within layouts/application (Duration: 0.4ms | Allocations: 7)
  Rendered application/_menubar.html.erb (Duration: 0.3ms | Allocations: 169)
  Rendered application/_footer.html.erb (Duration: 0.0ms | Allocations: 8)
  Rendered layout layouts/application.html.erb (Duration: 10.5ms | Allocations: 3423)
Completed 200 OK in 12ms (Views: 11.0ms | ActiveRecord: 0.0ms | Allocations: 3690)


Started GET "/work" for 127.0.0.1 at 2024-05-27 18:02:13 +0300
Processing by WorkController#index as HTML
  Rendering layout layouts/application.html.erb
  Rendering work/index.html.erb within layouts/application
  Rendered work/index.html.erb within layouts/application (Duration: 0.6ms | Allocations: 7)
  Rendered application/_menubar.html.erb (Duration: 0.7ms | Allocations: 169)
  Rendered application/_footer.html.erb (Duration: 0.0ms | Allocations: 8)
  Rendered layout layouts/application.html.erb (Duration: 8.0ms | Allocations: 3429)
Completed 200 OK in 9ms (Views: 8.6ms | ActiveRecord: 0.0ms | Allocations: 3696)


Started GET "/offtop" for 127.0.0.1 at 2024-05-27 18:02:13 +0300
Processing by OfftopController#index as HTML
  Rendering layout layouts/application.html.erb
  Rendering offtop/index.html.erb within layouts/application
  Rendered offtop/index.html.erb within layouts/application (Duration: 0.0ms | Allocations: 7)
  Rendered application/_menubar.html.erb (Duration: 0.3ms | Allocations: 169)
  Rendered application/_footer.html.erb (Duration: 0.0ms | Allocations: 8)
  Rendered layout layouts/application.html.erb (Duration: 7.8ms | Allocations: 3402)
Completed 200 OK in 9ms (Views: 8.3ms | ActiveRecord: 0.0ms | Allocations: 3669)


Started GET "/offtop" for 127.0.0.1 at 2024-05-27 18:03:56 +0300
Processing by OfftopController#index as HTML
  Rendering layout layouts/application.html.erb
  Rendering offtop/index.html.erb within layouts/application
  Rendered offtop/index.html.erb within layouts/application (Duration: 0.2ms | Allocations: 7)
  Rendered application/_menubar.html.erb (Duration: 0.4ms | Allocations: 169)
  Rendered application/_footer.html.erb (Duration: 0.0ms | Allocations: 8)
  Rendered layout layouts/application.html.erb (Duration: 14.6ms | Allocations: 3417)
Completed 200 OK in 17ms (Views: 15.4ms | ActiveRecord: 0.0ms | Allocations: 3684)


Started GET "/offtop" for 127.0.0.1 at 2024-05-27 18:04:02 +0300
Processing by OfftopController#index as HTML
  Rendering layout layouts/application.html.erb
  Rendering offtop/index.html.erb within layouts/application
  Rendered offtop/index.html.erb within layouts/application (Duration: 0.1ms | Allocations: 7)
  Rendered application/_menubar.html.erb (Duration: 0.4ms | Allocations: 169)
  Rendered application/_footer.html.erb (Duration: 0.0ms | Allocations: 8)
  Rendered layout layouts/application.html.erb (Duration: 12.5ms | Allocations: 3405)
Completed 200 OK in 14ms (Views: 13.2ms | ActiveRecord: 0.0ms | Allocations: 3670)


Started GET "/work" for 127.0.0.1 at 2024-05-27 18:04:59 +0300
Processing by WorkController#index as HTML
  Rendering layout layouts/application.html.erb
  Rendering work/index.html.erb within layouts/application
  Rendered work/index.html.erb within layouts/application (Duration: 0.1ms | Allocations: 7)
  Rendered application/_menubar.html.erb (Duration: 0.5ms | Allocations: 169)
  Rendered application/_footer.html.erb (Duration: 0.0ms | Allocations: 8)
  Rendered layout layouts/application.html.erb (Duration: 83.9ms | Allocations: 8973)
Completed 200 OK in 86ms (Views: 84.5ms | ActiveRecord: 0.0ms | Allocations: 9240)


Started GET "/offtop" for 127.0.0.1 at 2024-05-27 18:04:59 +0300
Processing by OfftopController#index as HTML
  Rendering layout layouts/application.html.erb
  Rendering offtop/index.html.erb within layouts/application
  Rendered offtop/index.html.erb within layouts/application (Duration: 0.1ms | Allocations: 7)
  Rendered application/_menubar.html.erb (Duration: 0.4ms | Allocations: 169)
  Rendered application/_footer.html.erb (Duration: 0.0ms | Allocations: 8)
  Rendered layout layouts/application.html.erb (Duration: 9.1ms | Allocations: 3462)
Completed 200 OK in 11ms (Views: 9.6ms | ActiveRecord: 0.0ms | Allocations: 3727)


Started GET "/" for 127.0.0.1 at 2024-05-27 18:05:01 +0300
Processing by WelcomeController#index as HTML
  Rendering layout layouts/application.html.erb
  Rendering welcome/index.html.erb within layouts/application
  Rendered welcome/index.html.erb within layouts/application (Duration: 0.0ms | Allocations: 7)
  Rendered application/_menubar.html.erb (Duration: 0.6ms | Allocations: 169)
  Rendered application/_footer.html.erb (Duration: 0.0ms | Allocations: 8)
  Rendered layout layouts/application.html.erb (Duration: 11.7ms | Allocations: 3420)
Completed 200 OK in 14ms (Views: 12.2ms | ActiveRecord: 0.0ms | Allocations: 3688)


Started GET "/work" for 127.0.0.1 at 2024-05-27 18:05:02 +0300
Processing by WorkController#index as HTML
  Rendering layout layouts/application.html.erb
  Rendering work/index.html.erb within layouts/application
  Rendered work/index.html.erb within layouts/application (Duration: 0.0ms | Allocations: 7)
  Rendered application/_menubar.html.erb (Duration: 0.3ms | Allocations: 169)
  Rendered application/_footer.html.erb (Duration: 0.0ms | Allocations: 8)
  Rendered layout layouts/application.html.erb (Duration: 9.4ms | Allocations: 3404)
Completed 200 OK in 11ms (Views: 10.2ms | ActiveRecord: 0.0ms | Allocations: 3671)


Started GET "/work" for 127.0.0.1 at 2024-05-27 18:05:57 +0300
Processing by WorkController#index as HTML
  Rendering layout layouts/application.html.erb
  Rendering work/index.html.erb within layouts/application
  Rendered work/index.html.erb within layouts/application (Duration: 0.4ms | Allocations: 7)
  Rendered application/_menubar.html.erb (Duration: 0.2ms | Allocations: 169)
  Rendered application/_footer.html.erb (Duration: 0.0ms | Allocations: 8)
  Rendered layout layouts/application.html.erb (Duration: 53.4ms | Allocations: 8982)
Completed 200 OK in 56ms (Views: 54.2ms | ActiveRecord: 0.0ms | Allocations: 9249)


Started GET "/offtop" for 127.0.0.1 at 2024-05-27 18:05:57 +0300
Processing by OfftopController#index as HTML
  Rendering layout layouts/application.html.erb
  Rendering offtop/index.html.erb within layouts/application
  Rendered offtop/index.html.erb within layouts/application (Duration: 0.1ms | Allocations: 7)
  Rendered application/_menubar.html.erb (Duration: 0.3ms | Allocations: 169)
  Rendered application/_footer.html.erb (Duration: 0.0ms | Allocations: 8)
  Rendered layout layouts/application.html.erb (Duration: 6.1ms | Allocations: 3400)
Completed 200 OK in 7ms (Views: 6.6ms | ActiveRecord: 0.0ms | Allocations: 3665)


Started GET "/offtop" for 127.0.0.1 at 2024-05-27 18:06:19 +0300
Processing by OfftopController#index as HTML
  Rendering layout layouts/application.html.erb
  Rendering offtop/index.html.erb within layouts/application
  Rendered offtop/index.html.erb within layouts/application (Duration: 0.2ms | Allocations: 7)
  Rendered application/_menubar.html.erb (Duration: 0.5ms | Allocations: 169)
  Rendered application/_footer.html.erb (Duration: 0.0ms | Allocations: 8)
  Rendered layout layouts/application.html.erb (Duration: 12.5ms | Allocations: 3405)
Completed 200 OK in 15ms (Views: 13.7ms | ActiveRecord: 0.0ms | Allocations: 3671)


Started GET "/" for 127.0.0.1 at 2024-05-27 18:06:19 +0300
Processing by WelcomeController#index as HTML
  Rendering layout layouts/application.html.erb
  Rendering welcome/index.html.erb within layouts/application
  Rendered welcome/index.html.erb within layouts/application (Duration: 0.0ms | Allocations: 7)
  Rendered application/_menubar.html.erb (Duration: 0.3ms | Allocations: 169)
  Rendered application/_footer.html.erb (Duration: 0.0ms | Allocations: 8)
  Rendered layout layouts/application.html.erb (Duration: 5.3ms | Allocations: 3408)
Completed 200 OK in 6ms (Views: 5.8ms | ActiveRecord: 0.0ms | Allocations: 3675)


Started GET "/" for 127.0.0.1 at 2024-05-27 18:06:25 +0300
Processing by WelcomeController#index as HTML
  Rendering layout layouts/application.html.erb
  Rendering welcome/index.html.erb within layouts/application
  Rendered welcome/index.html.erb within layouts/application (Duration: 0.0ms | Allocations: 7)
  Rendered application/_menubar.html.erb (Duration: 0.4ms | Allocations: 169)
  Rendered application/_footer.html.erb (Duration: 0.1ms | Allocations: 8)
  Rendered layout layouts/application.html.erb (Duration: 7.1ms | Allocations: 3405)
Completed 200 OK in 8ms (Views: 7.7ms | ActiveRecord: 0.0ms | Allocations: 3670)


Started GET "/" for 127.0.0.1 at 2024-05-27 18:08:45 +0300
Processing by WelcomeController#index as HTML
  Rendering layout layouts/application.html.erb
  Rendering welcome/index.html.erb within layouts/application
  Rendered welcome/index.html.erb within layouts/application (Duration: 0.1ms | Allocations: 7)
  Rendered application/_menubar.html.erb (Duration: 0.4ms | Allocations: 169)
  Rendered application/_footer.html.erb (Duration: 0.0ms | Allocations: 8)
  Rendered layout layouts/application.html.erb (Duration: 32.9ms | Allocations: 16245)
Completed 200 OK in 35ms (Views: 33.8ms | ActiveRecord: 0.0ms | Allocations: 16510)


  
Sprockets::FileNotFound (couldn't find file 'turbolinks' with type 'application/javascript'
Checked in these paths: 
  /Users/carina/portfolio/app/assets/config
  /Users/carina/portfolio/app/assets/images
  /Users/carina/portfolio/app/assets/stylesheets
  /Users/carina/.rbenv/versions/3.2.2/lib/ruby/gems/3.2.0/gems/stimulus-rails-1.3.3/app/assets/javascripts
  /Users/carina/.rbenv/versions/3.2.2/lib/ruby/gems/3.2.0/gems/turbo-rails-2.0.5/app/assets/javascripts
  /Users/carina/.rbenv/versions/3.2.2/lib/ruby/gems/3.2.0/gems/actiontext-7.0.8.3/app/assets/javascripts
  /Users/carina/.rbenv/versions/3.2.2/lib/ruby/gems/3.2.0/gems/actiontext-7.0.8.3/app/assets/stylesheets
  /Users/carina/.rbenv/versions/3.2.2/lib/ruby/gems/3.2.0/gems/actioncable-7.0.8.3/app/assets/javascripts
  /Users/carina/.rbenv/versions/3.2.2/lib/ruby/gems/3.2.0/gems/activestorage-7.0.8.3/app/assets/javascripts
  /Users/carina/.rbenv/versions/3.2.2/lib/ruby/gems/3.2.0/gems/actionview-7.0.8.3/lib/assets/compiled
  /Users/carina/portfolio/app/javascript
  /Users/carina/portfolio/vendor/javascript):
  
app/javascript/menubar.js:1
Started GET "/" for 127.0.0.1 at 2024-05-27 18:08:47 +0300
Processing by WelcomeController#index as HTML
  Rendering layout layouts/application.html.erb
  Rendering welcome/index.html.erb within layouts/application
  Rendered welcome/index.html.erb within layouts/application (Duration: 0.0ms | Allocations: 7)
  Rendered application/_menubar.html.erb (Duration: 0.3ms | Allocations: 169)
  Rendered application/_footer.html.erb (Duration: 0.0ms | Allocations: 8)
  Rendered layout layouts/application.html.erb (Duration: 9.1ms | Allocations: 3417)
Completed 200 OK in 10ms (Views: 9.6ms | ActiveRecord: 0.0ms | Allocations: 3681)


  
Sprockets::FileNotFound (couldn't find file 'turbolinks' with type 'application/javascript'
Checked in these paths: 
  /Users/carina/portfolio/app/assets/config
  /Users/carina/portfolio/app/assets/images
  /Users/carina/portfolio/app/assets/stylesheets
  /Users/carina/.rbenv/versions/3.2.2/lib/ruby/gems/3.2.0/gems/stimulus-rails-1.3.3/app/assets/javascripts
  /Users/carina/.rbenv/versions/3.2.2/lib/ruby/gems/3.2.0/gems/turbo-rails-2.0.5/app/assets/javascripts
  /Users/carina/.rbenv/versions/3.2.2/lib/ruby/gems/3.2.0/gems/actiontext-7.0.8.3/app/assets/javascripts
  /Users/carina/.rbenv/versions/3.2.2/lib/ruby/gems/3.2.0/gems/actiontext-7.0.8.3/app/assets/stylesheets
  /Users/carina/.rbenv/versions/3.2.2/lib/ruby/gems/3.2.0/gems/actioncable-7.0.8.3/app/assets/javascripts
  /Users/carina/.rbenv/versions/3.2.2/lib/ruby/gems/3.2.0/gems/activestorage-7.0.8.3/app/assets/javascripts
  /Users/carina/.rbenv/versions/3.2.2/lib/ruby/gems/3.2.0/gems/actionview-7.0.8.3/lib/assets/compiled
  /Users/carina/portfolio/app/javascript
  /Users/carina/portfolio/vendor/javascript):
  
app/javascript/menubar.js:1
Started GET "/" for 127.0.0.1 at 2024-05-27 19:55:54 +0300
Processing by WelcomeController#index as HTML
  Rendering layout layouts/application.html.erb
  Rendering welcome/index.html.erb within layouts/application
  Rendered welcome/index.html.erb within layouts/application (Duration: 8.6ms | Allocations: 109)
  Rendered layout layouts/application.html.erb (Duration: 46.3ms | Allocations: 7436)
Completed 500 Internal Server Error in 76ms (ActiveRecord: 0.0ms | Allocations: 8231)


  
ActionView::Template::Error (couldn't find file 'turbolinks' with type 'application/javascript'
Checked in these paths: 
  /Users/carina/portfolio/app/assets/config
  /Users/carina/portfolio/app/assets/images
  /Users/carina/portfolio/app/assets/stylesheets
  /Users/carina/.rbenv/versions/3.2.2/lib/ruby/gems/3.2.0/gems/stimulus-rails-1.3.3/app/assets/javascripts
  /Users/carina/.rbenv/versions/3.2.2/lib/ruby/gems/3.2.0/gems/turbo-rails-2.0.5/app/assets/javascripts
  /Users/carina/.rbenv/versions/3.2.2/lib/ruby/gems/3.2.0/gems/actiontext-7.0.8.3/app/assets/javascripts
  /Users/carina/.rbenv/versions/3.2.2/lib/ruby/gems/3.2.0/gems/actiontext-7.0.8.3/app/assets/stylesheets
  /Users/carina/.rbenv/versions/3.2.2/lib/ruby/gems/3.2.0/gems/actioncable-7.0.8.3/app/assets/javascripts
  /Users/carina/.rbenv/versions/3.2.2/lib/ruby/gems/3.2.0/gems/activestorage-7.0.8.3/app/assets/javascripts
  /Users/carina/.rbenv/versions/3.2.2/lib/ruby/gems/3.2.0/gems/actionview-7.0.8.3/lib/assets/compiled
  /Users/carina/portfolio/app/javascript
  /Users/carina/portfolio/vendor/javascript):
    11: 
    12: 
    13:     <%= stylesheet_link_tag "application", "data-turbo-track": "reload" %>
    14:     <%= javascript_importmap_tags %>
    15:   </head>
    16: 
    17:   <body>
  
app/javascript/application.js:2
app/views/layouts/application.html.erb:14
Started GET "/" for 127.0.0.1 at 2024-05-27 19:57:41 +0300
Processing by WelcomeController#index as HTML
  Rendering layout layouts/application.html.erb
  Rendering welcome/index.html.erb within layouts/application
  Rendered welcome/index.html.erb within layouts/application (Duration: 0.4ms | Allocations: 300)
  Rendered layout layouts/application.html.erb (Duration: 74.6ms | Allocations: 30735)
Completed 500 Internal Server Error in 80ms (ActiveRecord: 0.0ms | Allocations: 34652)


  
ActionView::Template::Error (couldn't find file 'turbolinks' with type 'application/javascript'
Checked in these paths: 
  /Users/carina/portfolio/app/assets/config
  /Users/carina/portfolio/app/assets/images
  /Users/carina/portfolio/app/assets/stylesheets
  /Users/carina/.rbenv/versions/3.2.2/lib/ruby/gems/3.2.0/gems/stimulus-rails-1.3.3/app/assets/javascripts
  /Users/carina/.rbenv/versions/3.2.2/lib/ruby/gems/3.2.0/gems/turbo-rails-2.0.5/app/assets/javascripts
  /Users/carina/.rbenv/versions/3.2.2/lib/ruby/gems/3.2.0/gems/actiontext-7.0.8.3/app/assets/javascripts
  /Users/carina/.rbenv/versions/3.2.2/lib/ruby/gems/3.2.0/gems/actiontext-7.0.8.3/app/assets/stylesheets
  /Users/carina/.rbenv/versions/3.2.2/lib/ruby/gems/3.2.0/gems/actioncable-7.0.8.3/app/assets/javascripts
  /Users/carina/.rbenv/versions/3.2.2/lib/ruby/gems/3.2.0/gems/activestorage-7.0.8.3/app/assets/javascripts
  /Users/carina/.rbenv/versions/3.2.2/lib/ruby/gems/3.2.0/gems/actionview-7.0.8.3/lib/assets/compiled
  /Users/carina/portfolio/app/javascript
  /Users/carina/portfolio/vendor/javascript):
  
app/javascript/application.js:2
Started GET "/" for 127.0.0.1 at 2024-05-27 19:57:45 +0300
Processing by WelcomeController#index as HTML
  Rendering layout layouts/application.html.erb
  Rendering welcome/index.html.erb within layouts/application
  Rendered welcome/index.html.erb within layouts/application (Duration: 0.0ms | Allocations: 7)
  Rendered layout layouts/application.html.erb (Duration: 22.4ms | Allocations: 18775)
Completed 500 Internal Server Error in 23ms (ActiveRecord: 0.0ms | Allocations: 19019)


  
ActionView::Template::Error (couldn't find file 'turbolinks' with type 'application/javascript'
Checked in these paths: 
  /Users/carina/portfolio/app/assets/config
  /Users/carina/portfolio/app/assets/images
  /Users/carina/portfolio/app/assets/stylesheets
  /Users/carina/.rbenv/versions/3.2.2/lib/ruby/gems/3.2.0/gems/stimulus-rails-1.3.3/app/assets/javascripts
  /Users/carina/.rbenv/versions/3.2.2/lib/ruby/gems/3.2.0/gems/turbo-rails-2.0.5/app/assets/javascripts
  /Users/carina/.rbenv/versions/3.2.2/lib/ruby/gems/3.2.0/gems/actiontext-7.0.8.3/app/assets/javascripts
  /Users/carina/.rbenv/versions/3.2.2/lib/ruby/gems/3.2.0/gems/actiontext-7.0.8.3/app/assets/stylesheets
  /Users/carina/.rbenv/versions/3.2.2/lib/ruby/gems/3.2.0/gems/actioncable-7.0.8.3/app/assets/javascripts
  /Users/carina/.rbenv/versions/3.2.2/lib/ruby/gems/3.2.0/gems/activestorage-7.0.8.3/app/assets/javascripts
  /Users/carina/.rbenv/versions/3.2.2/lib/ruby/gems/3.2.0/gems/actionview-7.0.8.3/lib/assets/compiled
  /Users/carina/portfolio/app/javascript
  /Users/carina/portfolio/vendor/javascript):
  
app/javascript/application.js:2
Started GET "/" for 127.0.0.1 at 2024-05-27 19:58:51 +0300
Processing by WelcomeController#index as HTML
  Rendering layout layouts/application.html.erb
  Rendering welcome/index.html.erb within layouts/application
  Rendered welcome/index.html.erb within layouts/application (Duration: 0.3ms | Allocations: 7)
  Rendered layout layouts/application.html.erb (Duration: 39.7ms | Allocations: 21299)
Completed 500 Internal Server Error in 42ms (ActiveRecord: 0.0ms | Allocations: 21544)


  
ActionView::Template::Error (couldn't find file 'turbolinks' with type 'application/javascript'
Checked in these paths: 
  /Users/carina/portfolio/app/assets/config
  /Users/carina/portfolio/app/assets/images
  /Users/carina/portfolio/app/assets/stylesheets
  /Users/carina/.rbenv/versions/3.2.2/lib/ruby/gems/3.2.0/gems/stimulus-rails-1.3.3/app/assets/javascripts
  /Users/carina/.rbenv/versions/3.2.2/lib/ruby/gems/3.2.0/gems/turbo-rails-2.0.5/app/assets/javascripts
  /Users/carina/.rbenv/versions/3.2.2/lib/ruby/gems/3.2.0/gems/actiontext-7.0.8.3/app/assets/javascripts
  /Users/carina/.rbenv/versions/3.2.2/lib/ruby/gems/3.2.0/gems/actiontext-7.0.8.3/app/assets/stylesheets
  /Users/carina/.rbenv/versions/3.2.2/lib/ruby/gems/3.2.0/gems/actioncable-7.0.8.3/app/assets/javascripts
  /Users/carina/.rbenv/versions/3.2.2/lib/ruby/gems/3.2.0/gems/activestorage-7.0.8.3/app/assets/javascripts
  /Users/carina/.rbenv/versions/3.2.2/lib/ruby/gems/3.2.0/gems/actionview-7.0.8.3/lib/assets/compiled
  /Users/carina/portfolio/app/javascript
  /Users/carina/portfolio/vendor/javascript):
  
app/javascript/application.js:2
Started GET "/" for 127.0.0.1 at 2024-05-27 19:58:52 +0300
Processing by WelcomeController#index as HTML
  Rendering layout layouts/application.html.erb
  Rendering welcome/index.html.erb within layouts/application
  Rendered welcome/index.html.erb within layouts/application (Duration: 0.0ms | Allocations: 7)
  Rendered layout layouts/application.html.erb (Duration: 28.5ms | Allocations: 18750)
Completed 500 Internal Server Error in 30ms (ActiveRecord: 0.0ms | Allocations: 18993)


  
ActionView::Template::Error (couldn't find file 'turbolinks' with type 'application/javascript'
Checked in these paths: 
  /Users/carina/portfolio/app/assets/config
  /Users/carina/portfolio/app/assets/images
  /Users/carina/portfolio/app/assets/stylesheets
  /Users/carina/.rbenv/versions/3.2.2/lib/ruby/gems/3.2.0/gems/stimulus-rails-1.3.3/app/assets/javascripts
  /Users/carina/.rbenv/versions/3.2.2/lib/ruby/gems/3.2.0/gems/turbo-rails-2.0.5/app/assets/javascripts
  /Users/carina/.rbenv/versions/3.2.2/lib/ruby/gems/3.2.0/gems/actiontext-7.0.8.3/app/assets/javascripts
  /Users/carina/.rbenv/versions/3.2.2/lib/ruby/gems/3.2.0/gems/actiontext-7.0.8.3/app/assets/stylesheets
  /Users/carina/.rbenv/versions/3.2.2/lib/ruby/gems/3.2.0/gems/actioncable-7.0.8.3/app/assets/javascripts
  /Users/carina/.rbenv/versions/3.2.2/lib/ruby/gems/3.2.0/gems/activestorage-7.0.8.3/app/assets/javascripts
  /Users/carina/.rbenv/versions/3.2.2/lib/ruby/gems/3.2.0/gems/actionview-7.0.8.3/lib/assets/compiled
  /Users/carina/portfolio/app/javascript
  /Users/carina/portfolio/vendor/javascript):
  
app/javascript/application.js:2
Started GET "/" for 127.0.0.1 at 2024-05-27 19:58:58 +0300
Processing by WelcomeController#index as HTML
  Rendering layout layouts/application.html.erb
  Rendering welcome/index.html.erb within layouts/application
  Rendered welcome/index.html.erb within layouts/application (Duration: 0.0ms | Allocations: 7)
  Rendered layout layouts/application.html.erb (Duration: 34.3ms | Allocations: 22658)
Completed 500 Internal Server Error in 35ms (ActiveRecord: 0.0ms | Allocations: 22899)


  
ActionView::Template::Error (couldn't find file 'turbolinks' with type 'application/javascript'
Checked in these paths: 
  /Users/carina/portfolio/app/assets/config
  /Users/carina/portfolio/app/assets/images
  /Users/carina/portfolio/app/assets/stylesheets
  /Users/carina/.rbenv/versions/3.2.2/lib/ruby/gems/3.2.0/gems/stimulus-rails-1.3.3/app/assets/javascripts
  /Users/carina/.rbenv/versions/3.2.2/lib/ruby/gems/3.2.0/gems/turbo-rails-2.0.5/app/assets/javascripts
  /Users/carina/.rbenv/versions/3.2.2/lib/ruby/gems/3.2.0/gems/actiontext-7.0.8.3/app/assets/javascripts
  /Users/carina/.rbenv/versions/3.2.2/lib/ruby/gems/3.2.0/gems/actiontext-7.0.8.3/app/assets/stylesheets
  /Users/carina/.rbenv/versions/3.2.2/lib/ruby/gems/3.2.0/gems/actioncable-7.0.8.3/app/assets/javascripts
  /Users/carina/.rbenv/versions/3.2.2/lib/ruby/gems/3.2.0/gems/activestorage-7.0.8.3/app/assets/javascripts
  /Users/carina/.rbenv/versions/3.2.2/lib/ruby/gems/3.2.0/gems/actionview-7.0.8.3/lib/assets/compiled
  /Users/carina/portfolio/app/javascript
  /Users/carina/portfolio/vendor/javascript):
    11: 
    12: 
    13:     <%= stylesheet_link_tag "application", "data-turbo-track": "reload" %>
    14:     <%= javascript_importmap_tags %>
    15:   </head>
    16: 
    17:   <body>
  
app/javascript/application.js:2
app/views/layouts/application.html.erb:14
Started GET "/" for 127.0.0.1 at 2024-05-28 18:05:56 +0300
Processing by WelcomeController#index as HTML
  Rendering layout layouts/application.html.erb
  Rendering welcome/index.html.erb within layouts/application
  Rendered welcome/index.html.erb within layouts/application (Duration: 0.5ms | Allocations: 300)
  Rendered layout layouts/application.html.erb (Duration: 76.3ms | Allocations: 30442)
Completed 500 Internal Server Error in 82ms (ActiveRecord: 0.0ms | Allocations: 34359)


  
ActionView::Template::Error (couldn't find file 'turbolinks' with type 'application/javascript'
Checked in these paths: 
  /Users/carina/portfolio/app/assets/config
  /Users/carina/portfolio/app/assets/images
  /Users/carina/portfolio/app/assets/stylesheets
  /Users/carina/.rbenv/versions/3.2.2/lib/ruby/gems/3.2.0/gems/stimulus-rails-1.3.3/app/assets/javascripts
  /Users/carina/.rbenv/versions/3.2.2/lib/ruby/gems/3.2.0/gems/turbo-rails-2.0.5/app/assets/javascripts
  /Users/carina/.rbenv/versions/3.2.2/lib/ruby/gems/3.2.0/gems/actiontext-7.0.8.3/app/assets/javascripts
  /Users/carina/.rbenv/versions/3.2.2/lib/ruby/gems/3.2.0/gems/actiontext-7.0.8.3/app/assets/stylesheets
  /Users/carina/.rbenv/versions/3.2.2/lib/ruby/gems/3.2.0/gems/actioncable-7.0.8.3/app/assets/javascripts
  /Users/carina/.rbenv/versions/3.2.2/lib/ruby/gems/3.2.0/gems/activestorage-7.0.8.3/app/assets/javascripts
  /Users/carina/.rbenv/versions/3.2.2/lib/ruby/gems/3.2.0/gems/actionview-7.0.8.3/lib/assets/compiled
  /Users/carina/portfolio/app/javascript
  /Users/carina/portfolio/vendor/javascript):
  
app/javascript/application.js:2
Started GET "/" for 127.0.0.1 at 2024-05-28 18:11:30 +0300
Processing by WelcomeController#index as HTML
  Rendering layout layouts/application.html.erb
  Rendering welcome/index.html.erb within layouts/application
  Rendered welcome/index.html.erb within layouts/application (Duration: 0.2ms | Allocations: 7)
  Rendered application/_menubar.html.erb (Duration: 3.5ms | Allocations: 399)
  Rendered application/_footer.html.erb (Duration: 0.1ms | Allocations: 93)
  Rendered layout layouts/application.html.erb (Duration: 57.2ms | Allocations: 41521)
Completed 200 OK in 59ms (Views: 57.6ms | ActiveRecord: 0.0ms | Allocations: 41839)


Started GET "/work" for 127.0.0.1 at 2024-05-28 18:11:33 +0300
Processing by WorkController#index as HTML
  Rendering layout layouts/application.html.erb
  Rendering work/index.html.erb within layouts/application
  Rendered work/index.html.erb within layouts/application (Duration: 0.8ms | Allocations: 107)
  Rendered application/_menubar.html.erb (Duration: 0.3ms | Allocations: 162)
  Rendered application/_footer.html.erb (Duration: 0.1ms | Allocations: 9)
  Rendered layout layouts/application.html.erb (Duration: 16.8ms | Allocations: 3588)
Completed 200 OK in 20ms (Views: 18.5ms | ActiveRecord: 0.0ms | Allocations: 4239)


Started GET "/offtop" for 127.0.0.1 at 2024-05-28 18:11:34 +0300
Processing by OfftopController#index as HTML
  Rendering layout layouts/application.html.erb
  Rendering offtop/index.html.erb within layouts/application
  Rendered offtop/index.html.erb within layouts/application (Duration: 0.9ms | Allocations: 107)
  Rendered application/_menubar.html.erb (Duration: 0.3ms | Allocations: 162)
  Rendered application/_footer.html.erb (Duration: 0.0ms | Allocations: 9)
  Rendered layout layouts/application.html.erb (Duration: 7.5ms | Allocations: 3609)
Completed 200 OK in 11ms (Views: 9.7ms | ActiveRecord: 0.0ms | Allocations: 4260)


Started GET "/" for 127.0.0.1 at 2024-05-28 18:11:38 +0300
Processing by WelcomeController#index as HTML
  Rendering layout layouts/application.html.erb
  Rendering welcome/index.html.erb within layouts/application
  Rendered welcome/index.html.erb within layouts/application (Duration: 0.1ms | Allocations: 7)
  Rendered application/_menubar.html.erb (Duration: 0.3ms | Allocations: 133)
  Rendered application/_footer.html.erb (Duration: 0.0ms | Allocations: 8)
  Rendered layout layouts/application.html.erb (Duration: 8.2ms | Allocations: 3378)
Completed 200 OK in 10ms (Views: 9.2ms | ActiveRecord: 0.0ms | Allocations: 3645)


Started GET "/work" for 127.0.0.1 at 2024-05-28 18:11:39 +0300
Processing by WorkController#index as HTML
  Rendering layout layouts/application.html.erb
  Rendering work/index.html.erb within layouts/application
  Rendered work/index.html.erb within layouts/application (Duration: 0.2ms | Allocations: 7)
  Rendered application/_menubar.html.erb (Duration: 0.2ms | Allocations: 133)
  Rendered application/_footer.html.erb (Duration: 0.0ms | Allocations: 8)
  Rendered layout layouts/application.html.erb (Duration: 5.8ms | Allocations: 3385)
Completed 200 OK in 7ms (Views: 6.4ms | ActiveRecord: 0.0ms | Allocations: 3653)


Started GET "/" for 127.0.0.1 at 2024-05-28 18:11:40 +0300
Processing by WelcomeController#index as HTML
  Rendering layout layouts/application.html.erb
  Rendering welcome/index.html.erb within layouts/application
  Rendered welcome/index.html.erb within layouts/application (Duration: 0.0ms | Allocations: 7)
  Rendered application/_menubar.html.erb (Duration: 0.2ms | Allocations: 133)
  Rendered application/_footer.html.erb (Duration: 0.0ms | Allocations: 8)
  Rendered layout layouts/application.html.erb (Duration: 4.7ms | Allocations: 3379)
Completed 200 OK in 6ms (Views: 5.1ms | ActiveRecord: 0.0ms | Allocations: 3645)


Started GET "/" for ::1 at 2024-05-29 12:50:09 +0300
Processing by WelcomeController#index as HTML
  Rendering layout layouts/application.html.erb
  Rendering welcome/index.html.erb within layouts/application
  Rendered welcome/index.html.erb within layouts/application (Duration: 0.8ms | Allocations: 7)
  Rendered application/_menubar.html.erb (Duration: 1.8ms | Allocations: 133)
  Rendered application/_footer.html.erb (Duration: 0.2ms | Allocations: 8)
  Rendered layout layouts/application.html.erb (Duration: 107.6ms | Allocations: 16157)
Completed 200 OK in 143ms (Views: 113.7ms | ActiveRecord: 0.0ms | Allocations: 16423)


Started GET "/work" for ::1 at 2024-05-29 12:50:11 +0300
Processing by WorkController#index as HTML
  Rendering layout layouts/application.html.erb
  Rendering work/index.html.erb within layouts/application
  Rendered work/index.html.erb within layouts/application (Duration: 0.1ms | Allocations: 7)
  Rendered application/_menubar.html.erb (Duration: 0.2ms | Allocations: 133)
  Rendered application/_footer.html.erb (Duration: 0.0ms | Allocations: 8)
  Rendered layout layouts/application.html.erb (Duration: 13.3ms | Allocations: 3298)
Completed 200 OK in 16ms (Views: 14.4ms | ActiveRecord: 0.0ms | Allocations: 3565)


Started GET "/offtop" for ::1 at 2024-05-29 12:50:12 +0300
Processing by OfftopController#index as HTML
  Rendering layout layouts/application.html.erb
  Rendering offtop/index.html.erb within layouts/application
  Rendered offtop/index.html.erb within layouts/application (Duration: 0.4ms | Allocations: 7)
  Rendered application/_menubar.html.erb (Duration: 0.4ms | Allocations: 133)
  Rendered application/_footer.html.erb (Duration: 0.0ms | Allocations: 8)
  Rendered layout layouts/application.html.erb (Duration: 12.8ms | Allocations: 3277)
Completed 200 OK in 14ms (Views: 13.6ms | ActiveRecord: 0.0ms | Allocations: 3544)


Started GET "/" for ::1 at 2024-05-29 12:50:16 +0300
Processing by WelcomeController#index as HTML
  Rendering layout layouts/application.html.erb
  Rendering welcome/index.html.erb within layouts/application
  Rendered welcome/index.html.erb within layouts/application (Duration: 0.1ms | Allocations: 7)
  Rendered application/_menubar.html.erb (Duration: 0.6ms | Allocations: 133)
  Rendered application/_footer.html.erb (Duration: 0.0ms | Allocations: 8)
  Rendered layout layouts/application.html.erb (Duration: 8.0ms | Allocations: 3277)
Completed 200 OK in 10ms (Views: 8.8ms | ActiveRecord: 0.0ms | Allocations: 3544)


Started GET "/offtop" for ::1 at 2024-05-29 12:52:42 +0300
Processing by OfftopController#index as HTML
  Rendering layout layouts/application.html.erb
  Rendering offtop/index.html.erb within layouts/application
  Rendered offtop/index.html.erb within layouts/application (Duration: 0.4ms | Allocations: 7)
  Rendered application/_menubar.html.erb (Duration: 0.7ms | Allocations: 133)
  Rendered application/_footer.html.erb (Duration: 0.6ms | Allocations: 8)
  Rendered layout layouts/application.html.erb (Duration: 113.0ms | Allocations: 9596)
Completed 200 OK in 120ms (Views: 115.8ms | ActiveRecord: 0.0ms | Allocations: 9861)


Started GET "/offtop" for ::1 at 2024-05-29 12:53:07 +0300
Processing by OfftopController#index as HTML
  Rendering layout layouts/application.html.erb
  Rendering offtop/index.html.erb within layouts/application
  Rendered offtop/index.html.erb within layouts/application (Duration: 0.2ms | Allocations: 7)
  Rendered application/_menubar.html.erb (Duration: 0.1ms | Allocations: 133)
  Rendered application/_footer.html.erb (Duration: 0.0ms | Allocations: 8)
  Rendered layout layouts/application.html.erb (Duration: 117.5ms | Allocations: 8817)
Completed 200 OK in 119ms (Views: 117.9ms | ActiveRecord: 0.0ms | Allocations: 9082)


Started GET "/offtop" for ::1 at 2024-05-29 12:53:31 +0300
Processing by OfftopController#index as HTML
  Rendering layout layouts/application.html.erb
  Rendering offtop/index.html.erb within layouts/application
  Rendered offtop/index.html.erb within layouts/application (Duration: 0.1ms | Allocations: 7)
  Rendered application/_menubar.html.erb (Duration: 0.8ms | Allocations: 133)
  Rendered application/_footer.html.erb (Duration: 0.8ms | Allocations: 8)
  Rendered layout layouts/application.html.erb (Duration: 50.6ms | Allocations: 8847)
Completed 200 OK in 52ms (Views: 51.4ms | ActiveRecord: 0.0ms | Allocations: 9112)


Started GET "/offtop" for ::1 at 2024-05-29 12:54:59 +0300
Processing by OfftopController#index as HTML
  Rendering layout layouts/application.html.erb
  Rendering offtop/index.html.erb within layouts/application
  Rendered offtop/index.html.erb within layouts/application (Duration: 0.2ms | Allocations: 7)
  Rendered application/_menubar.html.erb (Duration: 0.4ms | Allocations: 133)
  Rendered application/_footer.html.erb (Duration: 0.0ms | Allocations: 8)
  Rendered layout layouts/application.html.erb (Duration: 71.5ms | Allocations: 8874)
Completed 200 OK in 73ms (Views: 71.9ms | ActiveRecord: 0.0ms | Allocations: 9139)


Started GET "/offtop" for ::1 at 2024-05-29 12:55:25 +0300
Processing by OfftopController#index as HTML
  Rendering layout layouts/application.html.erb
  Rendering offtop/index.html.erb within layouts/application
  Rendered offtop/index.html.erb within layouts/application (Duration: 0.1ms | Allocations: 7)
  Rendered application/_menubar.html.erb (Duration: 0.2ms | Allocations: 133)
  Rendered application/_footer.html.erb (Duration: 0.0ms | Allocations: 8)
  Rendered layout layouts/application.html.erb (Duration: 56.4ms | Allocations: 8866)
Completed 200 OK in 58ms (Views: 57.0ms | ActiveRecord: 0.0ms | Allocations: 9131)


Started GET "/offtop" for ::1 at 2024-05-29 12:58:04 +0300
Processing by OfftopController#index as HTML
  Rendering layout layouts/application.html.erb
  Rendering offtop/index.html.erb within layouts/application
  Rendered offtop/index.html.erb within layouts/application (Duration: 0.5ms | Allocations: 7)
  Rendered application/_menubar.html.erb (Duration: 0.2ms | Allocations: 133)
  Rendered application/_footer.html.erb (Duration: 0.0ms | Allocations: 8)
  Rendered layout layouts/application.html.erb (Duration: 57.8ms | Allocations: 8864)
Completed 200 OK in 61ms (Views: 58.7ms | ActiveRecord: 0.0ms | Allocations: 9129)


Started GET "/" for ::1 at 2024-05-29 12:58:12 +0300
Processing by WelcomeController#index as HTML
  Rendering layout layouts/application.html.erb
  Rendering welcome/index.html.erb within layouts/application
  Rendered welcome/index.html.erb within layouts/application (Duration: 0.1ms | Allocations: 7)
  Rendered application/_menubar.html.erb (Duration: 0.3ms | Allocations: 133)
  Rendered application/_footer.html.erb (Duration: 0.0ms | Allocations: 8)
  Rendered layout layouts/application.html.erb (Duration: 10.4ms | Allocations: 3280)
Completed 200 OK in 13ms (Views: 11.4ms | ActiveRecord: 0.0ms | Allocations: 3548)


Started GET "/" for ::1 at 2024-05-29 12:58:30 +0300
Processing by WelcomeController#index as HTML
  Rendering layout layouts/application.html.erb
  Rendering welcome/index.html.erb within layouts/application
  Rendered welcome/index.html.erb within layouts/application (Duration: 0.1ms | Allocations: 7)
  Rendered application/_menubar.html.erb (Duration: 0.3ms | Allocations: 133)
  Rendered application/_footer.html.erb (Duration: 0.0ms | Allocations: 8)
  Rendered layout layouts/application.html.erb (Duration: 52.6ms | Allocations: 8857)
Completed 200 OK in 54ms (Views: 53.3ms | ActiveRecord: 0.0ms | Allocations: 9122)


Started GET "/" for ::1 at 2024-05-29 12:58:36 +0300
Processing by WelcomeController#index as HTML
  Rendering layout layouts/application.html.erb
  Rendering welcome/index.html.erb within layouts/application
  Rendered welcome/index.html.erb within layouts/application (Duration: 0.1ms | Allocations: 7)
  Rendered application/_menubar.html.erb (Duration: 0.7ms | Allocations: 133)
  Rendered application/_footer.html.erb (Duration: 0.0ms | Allocations: 8)
  Rendered layout layouts/application.html.erb (Duration: 47.8ms | Allocations: 8910)
Completed 200 OK in 51ms (Views: 48.7ms | ActiveRecord: 0.0ms | Allocations: 9175)


Started GET "/" for ::1 at 2024-05-29 12:58:43 +0300
Processing by WelcomeController#index as HTML
  Rendering layout layouts/application.html.erb
  Rendering welcome/index.html.erb within layouts/application
  Rendered welcome/index.html.erb within layouts/application (Duration: 0.3ms | Allocations: 7)
  Rendered application/_menubar.html.erb (Duration: 1.1ms | Allocations: 133)
  Rendered application/_footer.html.erb (Duration: 0.1ms | Allocations: 8)
  Rendered layout layouts/application.html.erb (Duration: 46.6ms | Allocations: 8870)
Completed 200 OK in 49ms (Views: 47.8ms | ActiveRecord: 0.0ms | Allocations: 9135)


Started GET "/" for ::1 at 2024-05-29 12:58:57 +0300
Processing by WelcomeController#index as HTML
  Rendering layout layouts/application.html.erb
  Rendering welcome/index.html.erb within layouts/application
  Rendered welcome/index.html.erb within layouts/application (Duration: 0.1ms | Allocations: 7)
  Rendered application/_menubar.html.erb (Duration: 0.4ms | Allocations: 133)
  Rendered application/_footer.html.erb (Duration: 0.0ms | Allocations: 8)
  Rendered layout layouts/application.html.erb (Duration: 45.1ms | Allocations: 8882)
Completed 200 OK in 48ms (Views: 46.5ms | ActiveRecord: 0.0ms | Allocations: 9147)


Started GET "/" for ::1 at 2024-05-29 12:59:11 +0300
Processing by WelcomeController#index as HTML
  Rendering layout layouts/application.html.erb
  Rendering welcome/index.html.erb within layouts/application
  Rendered welcome/index.html.erb within layouts/application (Duration: 0.1ms | Allocations: 7)
  Rendered application/_menubar.html.erb (Duration: 0.2ms | Allocations: 133)
  Rendered application/_footer.html.erb (Duration: 0.0ms | Allocations: 8)
  Rendered layout layouts/application.html.erb (Duration: 52.3ms | Allocations: 8855)
Completed 200 OK in 55ms (Views: 53.2ms | ActiveRecord: 0.0ms | Allocations: 9120)


Started GET "/offtop" for ::1 at 2024-05-29 12:59:22 +0300
Processing by OfftopController#index as HTML
  Rendering layout layouts/application.html.erb
  Rendering offtop/index.html.erb within layouts/application
  Rendered offtop/index.html.erb within layouts/application (Duration: 0.3ms | Allocations: 7)
  Rendered application/_menubar.html.erb (Duration: 0.3ms | Allocations: 133)
  Rendered application/_footer.html.erb (Duration: 0.0ms | Allocations: 8)
  Rendered layout layouts/application.html.erb (Duration: 35.0ms | Allocations: 8853)
Completed 200 OK in 43ms (Views: 37.1ms | ActiveRecord: 0.0ms | Allocations: 9120)


Started GET "/offtop" for ::1 at 2024-05-29 12:59:22 +0300
Processing by OfftopController#index as HTML
  Rendering layout layouts/application.html.erb
  Rendering offtop/index.html.erb within layouts/application
  Rendered offtop/index.html.erb within layouts/application (Duration: 0.0ms | Allocations: 7)
  Rendered application/_menubar.html.erb (Duration: 0.1ms | Allocations: 133)
  Rendered application/_footer.html.erb (Duration: 0.0ms | Allocations: 8)
  Rendered layout layouts/application.html.erb (Duration: 2.7ms | Allocations: 3301)
Completed 200 OK in 3ms (Views: 3.0ms | ActiveRecord: 0.0ms | Allocations: 3566)


Started GET "/" for ::1 at 2024-05-29 12:59:24 +0300
Processing by WelcomeController#index as HTML
  Rendering layout layouts/application.html.erb
  Rendering welcome/index.html.erb within layouts/application
  Rendered welcome/index.html.erb within layouts/application (Duration: 0.1ms | Allocations: 7)
  Rendered application/_menubar.html.erb (Duration: 1.7ms | Allocations: 133)
  Rendered application/_footer.html.erb (Duration: 0.0ms | Allocations: 8)
  Rendered layout layouts/application.html.erb (Duration: 17.2ms | Allocations: 3292)
Completed 200 OK in 19ms (Views: 17.8ms | ActiveRecord: 0.0ms | Allocations: 3560)


Started GET "/work" for ::1 at 2024-05-29 12:59:25 +0300
Processing by WorkController#index as HTML
  Rendering layout layouts/application.html.erb
  Rendering work/index.html.erb within layouts/application
  Rendered work/index.html.erb within layouts/application (Duration: 0.1ms | Allocations: 7)
  Rendered application/_menubar.html.erb (Duration: 0.2ms | Allocations: 133)
  Rendered application/_footer.html.erb (Duration: 0.0ms | Allocations: 8)
  Rendered layout layouts/application.html.erb (Duration: 8.0ms | Allocations: 3307)
Completed 200 OK in 10ms (Views: 8.7ms | ActiveRecord: 0.0ms | Allocations: 3575)


Started GET "/offtop" for ::1 at 2024-05-29 12:59:25 +0300
Processing by OfftopController#index as HTML
  Rendering layout layouts/application.html.erb
  Rendering offtop/index.html.erb within layouts/application
  Rendered offtop/index.html.erb within layouts/application (Duration: 0.1ms | Allocations: 7)
  Rendered application/_menubar.html.erb (Duration: 0.3ms | Allocations: 133)
  Rendered application/_footer.html.erb (Duration: 0.0ms | Allocations: 8)
  Rendered layout layouts/application.html.erb (Duration: 6.9ms | Allocations: 3303)
Completed 200 OK in 8ms (Views: 7.5ms | ActiveRecord: 0.0ms | Allocations: 3570)


Started GET "/work" for ::1 at 2024-05-29 12:59:26 +0300
Processing by WorkController#index as HTML
  Rendering layout layouts/application.html.erb
  Rendering work/index.html.erb within layouts/application
  Rendered work/index.html.erb within layouts/application (Duration: 0.2ms | Allocations: 7)
  Rendered application/_menubar.html.erb (Duration: 0.4ms | Allocations: 133)
  Rendered application/_footer.html.erb (Duration: 0.0ms | Allocations: 8)
  Rendered layout layouts/application.html.erb (Duration: 9.6ms | Allocations: 3286)
Completed 200 OK in 12ms (Views: 10.9ms | ActiveRecord: 0.0ms | Allocations: 3553)


Started GET "/offtop" for ::1 at 2024-05-29 12:59:47 +0300
Processing by OfftopController#index as HTML
  Rendering layout layouts/application.html.erb
  Rendering offtop/index.html.erb within layouts/application
  Rendered offtop/index.html.erb within layouts/application (Duration: 3.2ms | Allocations: 111)
  Rendered application/_menubar.html.erb (Duration: 1.6ms | Allocations: 325)
  Rendered application/_footer.html.erb (Duration: 0.2ms | Allocations: 92)
  Rendered layout layouts/application.html.erb (Duration: 28.3ms | Allocations: 4152)
Completed 200 OK in 50ms (Views: 41.2ms | ActiveRecord: 0.0ms | Allocations: 4973)


Started GET "/offtop" for ::1 at 2024-05-29 12:59:48 +0300
Processing by OfftopController#index as HTML
  Rendering layout layouts/application.html.erb
  Rendering offtop/index.html.erb within layouts/application
  Rendered offtop/index.html.erb within layouts/application (Duration: 0.1ms | Allocations: 7)
  Rendered application/_menubar.html.erb (Duration: 0.3ms | Allocations: 133)
  Rendered application/_footer.html.erb (Duration: 0.0ms | Allocations: 8)
  Rendered layout layouts/application.html.erb (Duration: 6.5ms | Allocations: 3286)
Completed 200 OK in 9ms (Views: 8.4ms | ActiveRecord: 0.0ms | Allocations: 3552)


Started GET "/" for ::1 at 2024-05-29 12:59:50 +0300
Processing by WelcomeController#index as HTML
  Rendering layout layouts/application.html.erb
  Rendering welcome/index.html.erb within layouts/application
  Rendered welcome/index.html.erb within layouts/application (Duration: 1.1ms | Allocations: 107)
  Rendered application/_menubar.html.erb (Duration: 0.4ms | Allocations: 156)
  Rendered application/_footer.html.erb (Duration: 0.0ms | Allocations: 9)
  Rendered layout layouts/application.html.erb (Duration: 9.5ms | Allocations: 3488)
Completed 200 OK in 13ms (Views: 11.3ms | ActiveRecord: 0.0ms | Allocations: 4058)


Started GET "/" for ::1 at 2024-05-29 13:06:56 +0300
Processing by WelcomeController#index as HTML
  Rendering layout layouts/application.html.erb
  Rendering welcome/index.html.erb within layouts/application
  Rendered welcome/index.html.erb within layouts/application (Duration: 2.2ms | Allocations: 108)
  Rendered application/_menubar.html.erb (Duration: 1.4ms | Allocations: 325)
  Rendered application/_footer.html.erb (Duration: 0.5ms | Allocations: 92)
  Rendered layout layouts/application.html.erb (Duration: 85.6ms | Allocations: 9755)
Completed 200 OK in 98ms (Views: 92.7ms | ActiveRecord: 0.0ms | Allocations: 10574)


Started GET "/" for ::1 at 2024-05-29 13:07:53 +0300
Processing by WelcomeController#index as HTML
  Rendering layout layouts/application.html.erb
  Rendering welcome/index.html.erb within layouts/application
  Rendered welcome/index.html.erb within layouts/application (Duration: 0.2ms | Allocations: 7)
  Rendered application/_menubar.html.erb (Duration: 0.4ms | Allocations: 133)
  Rendered application/_footer.html.erb (Duration: 0.0ms | Allocations: 8)
  Rendered layout layouts/application.html.erb (Duration: 67.3ms | Allocations: 8869)
Completed 200 OK in 69ms (Views: 67.9ms | ActiveRecord: 0.0ms | Allocations: 9135)


Started GET "/" for ::1 at 2024-05-29 13:08:51 +0300
Processing by WelcomeController#index as HTML
  Rendering layout layouts/application.html.erb
  Rendering welcome/index.html.erb within layouts/application
  Rendered welcome/index.html.erb within layouts/application (Duration: 0.1ms | Allocations: 7)
  Rendered application/_menubar.html.erb (Duration: 0.2ms | Allocations: 133)
  Rendered application/_footer.html.erb (Duration: 0.0ms | Allocations: 8)
  Rendered layout layouts/application.html.erb (Duration: 78.4ms | Allocations: 8894)
Completed 200 OK in 80ms (Views: 79.0ms | ActiveRecord: 0.0ms | Allocations: 9159)


Started GET "/" for ::1 at 2024-05-29 13:09:33 +0300
Processing by WelcomeController#index as HTML
  Rendering layout layouts/application.html.erb
  Rendering welcome/index.html.erb within layouts/application
  Rendered welcome/index.html.erb within layouts/application (Duration: 0.1ms | Allocations: 7)
  Rendered application/_menubar.html.erb (Duration: 0.2ms | Allocations: 133)
  Rendered application/_footer.html.erb (Duration: 0.0ms | Allocations: 8)
  Rendered layout layouts/application.html.erb (Duration: 72.0ms | Allocations: 8902)
Completed 200 OK in 74ms (Views: 72.5ms | ActiveRecord: 0.0ms | Allocations: 9168)


Started GET "/" for ::1 at 2024-05-29 13:09:42 +0300
Processing by WelcomeController#index as HTML
  Rendering layout layouts/application.html.erb
  Rendering welcome/index.html.erb within layouts/application
  Rendered welcome/index.html.erb within layouts/application (Duration: 0.1ms | Allocations: 7)
  Rendered application/_menubar.html.erb (Duration: 0.5ms | Allocations: 133)
  Rendered application/_footer.html.erb (Duration: 0.0ms | Allocations: 8)
  Rendered layout layouts/application.html.erb (Duration: 52.4ms | Allocations: 8896)
Completed 200 OK in 56ms (Views: 54.2ms | ActiveRecord: 0.0ms | Allocations: 9161)


Started GET "/" for ::1 at 2024-05-29 13:09:57 +0300
Processing by WelcomeController#index as HTML
  Rendering layout layouts/application.html.erb
  Rendering welcome/index.html.erb within layouts/application
  Rendered welcome/index.html.erb within layouts/application (Duration: 0.1ms | Allocations: 7)
  Rendered application/_menubar.html.erb (Duration: 0.3ms | Allocations: 133)
  Rendered application/_footer.html.erb (Duration: 0.0ms | Allocations: 8)
  Rendered layout layouts/application.html.erb (Duration: 55.5ms | Allocations: 8895)
Completed 200 OK in 58ms (Views: 56.9ms | ActiveRecord: 0.0ms | Allocations: 9160)


Started GET "/" for ::1 at 2024-05-29 13:10:40 +0300
Processing by WelcomeController#index as HTML
  Rendering layout layouts/application.html.erb
  Rendering welcome/index.html.erb within layouts/application
  Rendered welcome/index.html.erb within layouts/application (Duration: 0.1ms | Allocations: 7)
  Rendered application/_menubar.html.erb (Duration: 0.5ms | Allocations: 133)
  Rendered application/_footer.html.erb (Duration: 0.2ms | Allocations: 8)
  Rendered layout layouts/application.html.erb (Duration: 31.5ms | Allocations: 8892)
Completed 200 OK in 35ms (Views: 33.0ms | ActiveRecord: 0.0ms | Allocations: 9157)


Started GET "/" for ::1 at 2024-05-29 13:13:26 +0300
Processing by WelcomeController#index as HTML
  Rendering layout layouts/application.html.erb
  Rendering welcome/index.html.erb within layouts/application
  Rendered welcome/index.html.erb within layouts/application (Duration: 1.4ms | Allocations: 112)
  Rendered application/_menubar.html.erb (Duration: 0.6ms | Allocations: 325)
  Rendered application/_footer.html.erb (Duration: 0.3ms | Allocations: 107)
  Rendered layout layouts/application.html.erb (Duration: 51.9ms | Allocations: 9775)
Completed 200 OK in 62ms (Views: 59.4ms | ActiveRecord: 0.0ms | Allocations: 10596)


Started GET "/" for ::1 at 2024-05-29 13:14:34 +0300
Processing by WelcomeController#index as HTML
  Rendering layout layouts/application.html.erb
  Rendering welcome/index.html.erb within layouts/application
  Rendered welcome/index.html.erb within layouts/application (Duration: 0.1ms | Allocations: 7)
  Rendered application/_menubar.html.erb (Duration: 0.2ms | Allocations: 133)
  Rendered application/_footer.html.erb (Duration: 0.0ms | Allocations: 8)
  Rendered layout layouts/application.html.erb (Duration: 56.7ms | Allocations: 8894)
Completed 200 OK in 59ms (Views: 57.3ms | ActiveRecord: 0.0ms | Allocations: 9160)


Started GET "/" for ::1 at 2024-05-29 13:14:56 +0300
Processing by WelcomeController#index as HTML
  Rendering layout layouts/application.html.erb
  Rendering welcome/index.html.erb within layouts/application
  Rendered welcome/index.html.erb within layouts/application (Duration: 0.1ms | Allocations: 7)
  Rendered application/_menubar.html.erb (Duration: 0.2ms | Allocations: 133)
  Rendered application/_footer.html.erb (Duration: 0.0ms | Allocations: 8)
  Rendered layout layouts/application.html.erb (Duration: 53.6ms | Allocations: 8942)
Completed 200 OK in 57ms (Views: 55.1ms | ActiveRecord: 0.0ms | Allocations: 9207)


Started GET "/" for ::1 at 2024-05-29 13:15:50 +0300
Processing by WelcomeController#index as HTML
  Rendering layout layouts/application.html.erb
  Rendering welcome/index.html.erb within layouts/application
  Rendered welcome/index.html.erb within layouts/application (Duration: 0.3ms | Allocations: 7)
  Rendered application/_menubar.html.erb (Duration: 0.2ms | Allocations: 133)
  Rendered application/_footer.html.erb (Duration: 0.0ms | Allocations: 8)
  Rendered layout layouts/application.html.erb (Duration: 65.7ms | Allocations: 8905)
Completed 200 OK in 70ms (Views: 67.8ms | ActiveRecord: 0.0ms | Allocations: 9170)


Started GET "/" for 127.0.0.1 at 2024-05-31 18:38:02 +0300
Processing by WelcomeController#index as HTML
  Rendering layout layouts/application.html.erb
  Rendering welcome/index.html.erb within layouts/application
  Rendered welcome/index.html.erb within layouts/application (Duration: 0.4ms | Allocations: 302)
  Rendered application/_menubar.html.erb (Duration: 0.5ms | Allocations: 410)
  Rendered application/_footer.html.erb (Duration: 0.2ms | Allocations: 108)
  Rendered layout layouts/application.html.erb (Duration: 105.6ms | Allocations: 55692)
Completed 200 OK in 111ms (Views: 106.7ms | ActiveRecord: 0.0ms | Allocations: 59661)


Started GET "/" for 127.0.0.1 at 2024-05-31 18:38:20 +0300
Processing by WelcomeController#index as HTML
  Rendering layout layouts/application.html.erb
  Rendering welcome/index.html.erb within layouts/application
  Rendered welcome/index.html.erb within layouts/application (Duration: 0.1ms | Allocations: 7)
  Rendered application/_menubar.html.erb (Duration: 0.3ms | Allocations: 133)
  Rendered application/_footer.html.erb (Duration: 0.0ms | Allocations: 8)
  Rendered layout layouts/application.html.erb (Duration: 7.7ms | Allocations: 3378)
Completed 200 OK in 9ms (Views: 8.2ms | ActiveRecord: 0.0ms | Allocations: 3646)


Started GET "/" for 127.0.0.1 at 2024-05-31 18:38:57 +0300
Processing by WelcomeController#index as HTML
  Rendering layout layouts/application.html.erb
  Rendering welcome/index.html.erb within layouts/application
  Rendered welcome/index.html.erb within layouts/application (Duration: 0.9ms | Allocations: 7)
  Rendered application/_menubar.html.erb (Duration: 0.5ms | Allocations: 133)
  Rendered application/_footer.html.erb (Duration: 0.0ms | Allocations: 8)
  Rendered layout layouts/application.html.erb (Duration: 57.0ms | Allocations: 9007)
Completed 200 OK in 62ms (Views: 58.7ms | ActiveRecord: 0.0ms | Allocations: 9273)


Started GET "/work" for 127.0.0.1 at 2024-05-31 18:38:59 +0300
Processing by WorkController#index as HTML
  Rendering layout layouts/application.html.erb
  Rendering work/index.html.erb within layouts/application
  Rendered work/index.html.erb within layouts/application (Duration: 0.7ms | Allocations: 110)
  Rendered application/_menubar.html.erb (Duration: 0.4ms | Allocations: 162)
  Rendered application/_footer.html.erb (Duration: 0.0ms | Allocations: 9)
  Rendered layout layouts/application.html.erb (Duration: 6.4ms | Allocations: 3606)
Completed 200 OK in 9ms (Views: 8.1ms | ActiveRecord: 0.0ms | Allocations: 4258)


Started GET "/offtop" for 127.0.0.1 at 2024-05-31 18:39:01 +0300
Processing by OfftopController#index as HTML
  Rendering layout layouts/application.html.erb
  Rendering offtop/index.html.erb within layouts/application
  Rendered offtop/index.html.erb within layouts/application (Duration: 1.5ms | Allocations: 107)
  Rendered application/_menubar.html.erb (Duration: 0.3ms | Allocations: 162)
  Rendered application/_footer.html.erb (Duration: 0.0ms | Allocations: 9)
  Rendered layout layouts/application.html.erb (Duration: 8.4ms | Allocations: 3596)
Completed 200 OK in 12ms (Views: 11.1ms | ActiveRecord: 0.0ms | Allocations: 4247)


Started GET "/offtop" for 127.0.0.1 at 2024-05-31 18:39:02 +0300
Processing by OfftopController#index as HTML
  Rendering layout layouts/application.html.erb
  Rendering offtop/index.html.erb within layouts/application
  Rendered offtop/index.html.erb within layouts/application (Duration: 0.1ms | Allocations: 7)
  Rendered application/_menubar.html.erb (Duration: 0.3ms | Allocations: 133)
  Rendered application/_footer.html.erb (Duration: 0.0ms | Allocations: 8)
  Rendered layout layouts/application.html.erb (Duration: 7.5ms | Allocations: 3404)
Completed 200 OK in 9ms (Views: 8.0ms | ActiveRecord: 0.0ms | Allocations: 3672)


Started GET "/work" for 127.0.0.1 at 2024-05-31 18:39:03 +0300
Processing by WorkController#index as HTML
  Rendering layout layouts/application.html.erb
  Rendering work/index.html.erb within layouts/application
  Rendered work/index.html.erb within layouts/application (Duration: 0.1ms | Allocations: 7)
  Rendered application/_menubar.html.erb (Duration: 0.3ms | Allocations: 133)
  Rendered application/_footer.html.erb (Duration: 0.0ms | Allocations: 8)
  Rendered layout layouts/application.html.erb (Duration: 10.0ms | Allocations: 3379)
Completed 200 OK in 12ms (Views: 11.0ms | ActiveRecord: 0.0ms | Allocations: 3648)


Started GET "/" for 127.0.0.1 at 2024-05-31 18:39:04 +0300
Processing by WelcomeController#index as HTML
  Rendering layout layouts/application.html.erb
  Rendering welcome/index.html.erb within layouts/application
  Rendered welcome/index.html.erb within layouts/application (Duration: 0.0ms | Allocations: 7)
  Rendered application/_menubar.html.erb (Duration: 0.3ms | Allocations: 133)
  Rendered application/_footer.html.erb (Duration: 0.0ms | Allocations: 8)
  Rendered layout layouts/application.html.erb (Duration: 7.8ms | Allocations: 3375)
Completed 200 OK in 9ms (Views: 8.3ms | ActiveRecord: 0.0ms | Allocations: 3643)


Started GET "/work" for 127.0.0.1 at 2024-05-31 18:39:05 +0300
Processing by WorkController#index as HTML
  Rendering layout layouts/application.html.erb
  Rendering work/index.html.erb within layouts/application
  Rendered work/index.html.erb within layouts/application (Duration: 0.0ms | Allocations: 7)
  Rendered application/_menubar.html.erb (Duration: 0.4ms | Allocations: 133)
  Rendered application/_footer.html.erb (Duration: 0.0ms | Allocations: 8)
  Rendered layout layouts/application.html.erb (Duration: 6.9ms | Allocations: 3360)
Completed 200 OK in 9ms (Views: 7.7ms | ActiveRecord: 0.0ms | Allocations: 3627)


Started GET "/" for 127.0.0.1 at 2024-05-31 18:39:06 +0300
Processing by WelcomeController#index as HTML
  Rendering layout layouts/application.html.erb
  Rendering welcome/index.html.erb within layouts/application
  Rendered welcome/index.html.erb within layouts/application (Duration: 0.0ms | Allocations: 7)
  Rendered application/_menubar.html.erb (Duration: 0.5ms | Allocations: 133)
  Rendered application/_footer.html.erb (Duration: 0.0ms | Allocations: 8)
  Rendered layout layouts/application.html.erb (Duration: 5.8ms | Allocations: 3378)
Completed 200 OK in 7ms (Views: 6.4ms | ActiveRecord: 0.0ms | Allocations: 3645)


Started GET "/offtop" for 127.0.0.1 at 2024-05-31 18:39:06 +0300
Processing by OfftopController#index as HTML
  Rendering layout layouts/application.html.erb
  Rendering offtop/index.html.erb within layouts/application
  Rendered offtop/index.html.erb within layouts/application (Duration: 0.0ms | Allocations: 7)
  Rendered application/_menubar.html.erb (Duration: 0.7ms | Allocations: 133)
  Rendered application/_footer.html.erb (Duration: 0.0ms | Allocations: 8)
  Rendered layout layouts/application.html.erb (Duration: 7.3ms | Allocations: 3369)
Completed 200 OK in 9ms (Views: 7.8ms | ActiveRecord: 0.0ms | Allocations: 3636)


Started GET "/" for 127.0.0.1 at 2024-05-31 18:39:10 +0300
Processing by WelcomeController#index as HTML
  Rendering layout layouts/application.html.erb
  Rendering welcome/index.html.erb within layouts/application
  Rendered welcome/index.html.erb within layouts/application (Duration: 0.1ms | Allocations: 7)
  Rendered application/_menubar.html.erb (Duration: 0.3ms | Allocations: 133)
  Rendered application/_footer.html.erb (Duration: 0.0ms | Allocations: 8)
  Rendered layout layouts/application.html.erb (Duration: 7.0ms | Allocations: 3384)
Completed 200 OK in 9ms (Views: 7.9ms | ActiveRecord: 0.0ms | Allocations: 3651)


Started GET "/" for 127.0.0.1 at 2024-05-31 18:39:11 +0300
Processing by WelcomeController#index as HTML
  Rendering layout layouts/application.html.erb
  Rendering welcome/index.html.erb within layouts/application
  Rendered welcome/index.html.erb within layouts/application (Duration: 0.0ms | Allocations: 7)
  Rendered application/_menubar.html.erb (Duration: 0.2ms | Allocations: 133)
  Rendered application/_footer.html.erb (Duration: 0.0ms | Allocations: 8)
  Rendered layout layouts/application.html.erb (Duration: 4.9ms | Allocations: 3375)
Completed 200 OK in 6ms (Views: 5.4ms | ActiveRecord: 0.0ms | Allocations: 3642)


Started GET "/" for 127.0.0.1 at 2024-05-31 18:41:11 +0300
Processing by WelcomeController#index as HTML
  Rendering layout layouts/application.html.erb
  Rendering welcome/index.html.erb within layouts/application
  Rendered welcome/index.html.erb within layouts/application (Duration: 0.3ms | Allocations: 7)
  Rendered application/_menubar.html.erb (Duration: 0.3ms | Allocations: 133)
  Rendered application/_footer.html.erb (Duration: 0.0ms | Allocations: 8)
  Rendered layout layouts/application.html.erb (Duration: 68.2ms | Allocations: 9762)
Completed 200 OK in 70ms (Views: 68.9ms | ActiveRecord: 0.0ms | Allocations: 10027)


Started GET "/work" for 127.0.0.1 at 2024-05-31 18:41:19 +0300
Processing by WorkController#index as HTML
  Rendering layout layouts/application.html.erb
  Rendering work/index.html.erb within layouts/application
  Rendered work/index.html.erb within layouts/application (Duration: 0.2ms | Allocations: 7)
  Rendered application/_menubar.html.erb (Duration: 0.4ms | Allocations: 133)
  Rendered application/_footer.html.erb (Duration: 0.0ms | Allocations: 8)
  Rendered layout layouts/application.html.erb (Duration: 13.0ms | Allocations: 3388)
Completed 200 OK in 16ms (Views: 14.2ms | ActiveRecord: 0.0ms | Allocations: 3657)


Started GET "/work" for 127.0.0.1 at 2024-05-31 18:41:20 +0300
Processing by WorkController#index as HTML
  Rendering layout layouts/application.html.erb
  Rendering work/index.html.erb within layouts/application
  Rendered work/index.html.erb within layouts/application (Duration: 0.0ms | Allocations: 7)
  Rendered application/_menubar.html.erb (Duration: 0.3ms | Allocations: 133)
  Rendered application/_footer.html.erb (Duration: 0.0ms | Allocations: 8)
  Rendered layout layouts/application.html.erb (Duration: 8.1ms | Allocations: 3382)
Completed 200 OK in 9ms (Views: 8.6ms | ActiveRecord: 0.0ms | Allocations: 3650)


Started GET "/" for 127.0.0.1 at 2024-05-31 18:42:36 +0300
Processing by WelcomeController#index as HTML
  Rendering layout layouts/application.html.erb
  Rendering welcome/index.html.erb within layouts/application
  Rendered welcome/index.html.erb within layouts/application (Duration: 0.2ms | Allocations: 7)
  Rendered application/_menubar.html.erb (Duration: 0.3ms | Allocations: 133)
  Rendered application/_footer.html.erb (Duration: 0.0ms | Allocations: 8)
  Rendered layout layouts/application.html.erb (Duration: 55.3ms | Allocations: 9697)
Completed 200 OK in 57ms (Views: 55.9ms | ActiveRecord: 0.0ms | Allocations: 9962)


Started GET "/work" for 127.0.0.1 at 2024-05-31 18:42:39 +0300
Processing by WorkController#index as HTML
  Rendering layout layouts/application.html.erb
  Rendering work/index.html.erb within layouts/application
  Rendered work/index.html.erb within layouts/application (Duration: 0.0ms | Allocations: 7)
  Rendered application/_menubar.html.erb (Duration: 0.3ms | Allocations: 133)
  Rendered application/_footer.html.erb (Duration: 0.0ms | Allocations: 8)
  Rendered layout layouts/application.html.erb (Duration: 7.2ms | Allocations: 3372)
Completed 200 OK in 8ms (Views: 7.6ms | ActiveRecord: 0.0ms | Allocations: 3639)


Started GET "/work" for 127.0.0.1 at 2024-05-31 18:42:41 +0300
Processing by WorkController#index as HTML
  Rendering layout layouts/application.html.erb
  Rendering work/index.html.erb within layouts/application
  Rendered work/index.html.erb within layouts/application (Duration: 0.0ms | Allocations: 7)
  Rendered application/_menubar.html.erb (Duration: 0.3ms | Allocations: 133)
  Rendered application/_footer.html.erb (Duration: 0.0ms | Allocations: 8)
  Rendered layout layouts/application.html.erb (Duration: 6.2ms | Allocations: 3376)
Completed 200 OK in 7ms (Views: 6.6ms | ActiveRecord: 0.0ms | Allocations: 3643)


Started GET "/offtop" for 127.0.0.1 at 2024-05-31 18:42:41 +0300
Processing by OfftopController#index as HTML
  Rendering layout layouts/application.html.erb
  Rendering offtop/index.html.erb within layouts/application
  Rendered offtop/index.html.erb within layouts/application (Duration: 0.1ms | Allocations: 7)
  Rendered application/_menubar.html.erb (Duration: 0.3ms | Allocations: 133)
  Rendered application/_footer.html.erb (Duration: 0.0ms | Allocations: 8)
  Rendered layout layouts/application.html.erb (Duration: 8.2ms | Allocations: 3402)
Completed 200 OK in 10ms (Views: 8.9ms | ActiveRecord: 0.0ms | Allocations: 3669)


Started GET "/" for 127.0.0.1 at 2024-05-31 18:43:55 +0300
Processing by WelcomeController#index as HTML
  Rendering layout layouts/application.html.erb
  Rendering welcome/index.html.erb within layouts/application
  Rendered welcome/index.html.erb within layouts/application (Duration: 0.1ms | Allocations: 7)
  Rendered application/_menubar.html.erb (Duration: 0.3ms | Allocations: 133)
  Rendered application/_footer.html.erb (Duration: 0.0ms | Allocations: 8)
  Rendered layout layouts/application.html.erb (Duration: 36.1ms | Allocations: 9703)
Completed 200 OK in 39ms (Views: 37.2ms | ActiveRecord: 0.0ms | Allocations: 9968)


Started GET "/work" for 127.0.0.1 at 2024-05-31 18:44:00 +0300
Processing by WorkController#index as HTML
  Rendering layout layouts/application.html.erb
  Rendering work/index.html.erb within layouts/application
  Rendered work/index.html.erb within layouts/application (Duration: 0.1ms | Allocations: 7)
  Rendered application/_menubar.html.erb (Duration: 0.2ms | Allocations: 133)
  Rendered application/_footer.html.erb (Duration: 0.0ms | Allocations: 8)
  Rendered layout layouts/application.html.erb (Duration: 8.1ms | Allocations: 3369)
Completed 200 OK in 10ms (Views: 8.7ms | ActiveRecord: 0.0ms | Allocations: 3636)


Started GET "/work" for 127.0.0.1 at 2024-05-31 18:44:38 +0300
Processing by WorkController#index as HTML
  Rendering layout layouts/application.html.erb
  Rendering work/index.html.erb within layouts/application
  Rendered work/index.html.erb within layouts/application (Duration: 0.2ms | Allocations: 7)
  Rendered application/_menubar.html.erb (Duration: 1.0ms | Allocations: 133)
  Rendered application/_footer.html.erb (Duration: 0.0ms | Allocations: 8)
  Rendered layout layouts/application.html.erb (Duration: 43.2ms | Allocations: 9686)
Completed 200 OK in 48ms (Views: 44.4ms | ActiveRecord: 0.0ms | Allocations: 9953)


Started GET "/" for 127.0.0.1 at 2024-05-31 18:44:47 +0300
Processing by WelcomeController#index as HTML
  Rendering layout layouts/application.html.erb
  Rendering welcome/index.html.erb within layouts/application
  Rendered welcome/index.html.erb within layouts/application (Duration: 0.1ms | Allocations: 7)
  Rendered application/_menubar.html.erb (Duration: 0.2ms | Allocations: 133)
  Rendered application/_footer.html.erb (Duration: 0.0ms | Allocations: 8)
  Rendered layout layouts/application.html.erb (Duration: 16.8ms | Allocations: 3379)
Completed 200 OK in 19ms (Views: 17.9ms | ActiveRecord: 0.0ms | Allocations: 3645)


Started GET "/work" for 127.0.0.1 at 2024-05-31 18:44:50 +0300
Processing by WorkController#index as HTML
  Rendering layout layouts/application.html.erb
  Rendering work/index.html.erb within layouts/application
  Rendered work/index.html.erb within layouts/application (Duration: 0.1ms | Allocations: 7)
  Rendered application/_menubar.html.erb (Duration: 0.3ms | Allocations: 133)
  Rendered application/_footer.html.erb (Duration: 0.0ms | Allocations: 8)
  Rendered layout layouts/application.html.erb (Duration: 8.5ms | Allocations: 3385)
Completed 200 OK in 10ms (Views: 9.3ms | ActiveRecord: 0.0ms | Allocations: 3653)


Started GET "/offtop" for 127.0.0.1 at 2024-05-31 18:44:52 +0300
Processing by OfftopController#index as HTML
  Rendering layout layouts/application.html.erb
  Rendering offtop/index.html.erb within layouts/application
  Rendered offtop/index.html.erb within layouts/application (Duration: 0.1ms | Allocations: 7)
  Rendered application/_menubar.html.erb (Duration: 0.4ms | Allocations: 133)
  Rendered application/_footer.html.erb (Duration: 0.0ms | Allocations: 8)
  Rendered layout layouts/application.html.erb (Duration: 7.8ms | Allocations: 3369)
Completed 200 OK in 9ms (Views: 8.6ms | ActiveRecord: 0.0ms | Allocations: 3637)


Started GET "/" for 127.0.0.1 at 2024-05-31 18:45:17 +0300
Processing by WelcomeController#index as HTML
  Rendering layout layouts/application.html.erb
  Rendering welcome/index.html.erb within layouts/application
  Rendered welcome/index.html.erb within layouts/application (Duration: 0.2ms | Allocations: 7)
  Rendered application/_menubar.html.erb (Duration: 0.5ms | Allocations: 133)
  Rendered application/_footer.html.erb (Duration: 0.0ms | Allocations: 8)
  Rendered layout layouts/application.html.erb (Duration: 38.6ms | Allocations: 9381)
Completed 200 OK in 42ms (Views: 39.6ms | ActiveRecord: 0.0ms | Allocations: 9646)


Started GET "/work" for 127.0.0.1 at 2024-05-31 18:45:22 +0300
Processing by WorkController#index as HTML
  Rendering layout layouts/application.html.erb
  Rendering work/index.html.erb within layouts/application
  Rendered work/index.html.erb within layouts/application (Duration: 0.1ms | Allocations: 7)
  Rendered application/_menubar.html.erb (Duration: 0.2ms | Allocations: 133)
  Rendered application/_footer.html.erb (Duration: 0.0ms | Allocations: 8)
  Rendered layout layouts/application.html.erb (Duration: 7.6ms | Allocations: 3372)
Completed 200 OK in 9ms (Views: 8.2ms | ActiveRecord: 0.0ms | Allocations: 3639)


Started GET "/offtop" for 127.0.0.1 at 2024-05-31 18:45:23 +0300
Processing by OfftopController#index as HTML
  Rendering layout layouts/application.html.erb
  Rendering offtop/index.html.erb within layouts/application
  Rendered offtop/index.html.erb within layouts/application (Duration: 0.1ms | Allocations: 7)
  Rendered application/_menubar.html.erb (Duration: 0.5ms | Allocations: 133)
  Rendered application/_footer.html.erb (Duration: 0.0ms | Allocations: 8)
  Rendered layout layouts/application.html.erb (Duration: 8.4ms | Allocations: 3382)
Completed 200 OK in 11ms (Views: 9.4ms | ActiveRecord: 0.0ms | Allocations: 3649)


Started GET "/" for 127.0.0.1 at 2024-05-31 18:46:55 +0300
Processing by WelcomeController#index as HTML
  Rendering layout layouts/application.html.erb
  Rendering welcome/index.html.erb within layouts/application
  Rendered welcome/index.html.erb within layouts/application (Duration: 0.2ms | Allocations: 7)
  Rendered application/_menubar.html.erb (Duration: 0.2ms | Allocations: 133)
  Rendered application/_footer.html.erb (Duration: 0.0ms | Allocations: 8)
  Rendered layout layouts/application.html.erb (Duration: 66.3ms | Allocations: 9366)
Completed 200 OK in 69ms (Views: 67.0ms | ActiveRecord: 0.0ms | Allocations: 9631)


Started GET "/work" for 127.0.0.1 at 2024-05-31 18:46:58 +0300
Processing by WorkController#index as HTML
  Rendering layout layouts/application.html.erb
  Rendering work/index.html.erb within layouts/application
  Rendered work/index.html.erb within layouts/application (Duration: 0.1ms | Allocations: 7)
  Rendered application/_menubar.html.erb (Duration: 0.3ms | Allocations: 133)
  Rendered application/_footer.html.erb (Duration: 0.0ms | Allocations: 8)
  Rendered layout layouts/application.html.erb (Duration: 8.7ms | Allocations: 3384)
Completed 200 OK in 11ms (Views: 9.5ms | ActiveRecord: 0.0ms | Allocations: 3651)


Started GET "/offtop" for 127.0.0.1 at 2024-05-31 18:46:59 +0300
Processing by OfftopController#index as HTML
  Rendering layout layouts/application.html.erb
  Rendering offtop/index.html.erb within layouts/application
  Rendered offtop/index.html.erb within layouts/application (Duration: 0.0ms | Allocations: 7)
  Rendered application/_menubar.html.erb (Duration: 0.4ms | Allocations: 133)
  Rendered application/_footer.html.erb (Duration: 0.0ms | Allocations: 8)
  Rendered layout layouts/application.html.erb (Duration: 6.1ms | Allocations: 3366)
Completed 200 OK in 7ms (Views: 6.6ms | ActiveRecord: 0.0ms | Allocations: 3633)


Started GET "/" for 127.0.0.1 at 2024-05-31 18:48:04 +0300
Processing by WelcomeController#index as HTML
  Rendering layout layouts/application.html.erb
  Rendering welcome/index.html.erb within layouts/application
  Rendered welcome/index.html.erb within layouts/application (Duration: 0.2ms | Allocations: 7)
  Rendered application/_menubar.html.erb (Duration: 0.5ms | Allocations: 133)
  Rendered application/_footer.html.erb (Duration: 0.0ms | Allocations: 8)
  Rendered layout layouts/application.html.erb (Duration: 38.1ms | Allocations: 9672)
Completed 200 OK in 41ms (Views: 39.1ms | ActiveRecord: 0.0ms | Allocations: 9937)


Started GET "/" for 127.0.0.1 at 2024-05-31 18:48:05 +0300
Processing by WelcomeController#index as HTML
  Rendering layout layouts/application.html.erb
  Rendering welcome/index.html.erb within layouts/application
  Rendered welcome/index.html.erb within layouts/application (Duration: 0.2ms | Allocations: 7)
  Rendered application/_menubar.html.erb (Duration: 0.3ms | Allocations: 133)
  Rendered application/_footer.html.erb (Duration: 0.0ms | Allocations: 8)
  Rendered layout layouts/application.html.erb (Duration: 8.1ms | Allocations: 3376)
Completed 200 OK in 9ms (Views: 8.7ms | ActiveRecord: 0.0ms | Allocations: 3643)


Started GET "/work" for 127.0.0.1 at 2024-05-31 18:48:08 +0300
Processing by WorkController#index as HTML
  Rendering layout layouts/application.html.erb
  Rendering work/index.html.erb within layouts/application
  Rendered work/index.html.erb within layouts/application (Duration: 0.1ms | Allocations: 7)
  Rendered application/_menubar.html.erb (Duration: 0.3ms | Allocations: 133)
  Rendered application/_footer.html.erb (Duration: 0.0ms | Allocations: 8)
  Rendered layout layouts/application.html.erb (Duration: 7.5ms | Allocations: 3382)
Completed 200 OK in 9ms (Views: 8.2ms | ActiveRecord: 0.0ms | Allocations: 3650)


Started GET "/offtop" for 127.0.0.1 at 2024-05-31 18:48:09 +0300
Processing by OfftopController#index as HTML
  Rendering layout layouts/application.html.erb
  Rendering offtop/index.html.erb within layouts/application
  Rendered offtop/index.html.erb within layouts/application (Duration: 0.1ms | Allocations: 7)
  Rendered application/_menubar.html.erb (Duration: 0.4ms | Allocations: 133)
  Rendered application/_footer.html.erb (Duration: 0.0ms | Allocations: 8)
  Rendered layout layouts/application.html.erb (Duration: 7.5ms | Allocations: 3372)
Completed 200 OK in 9ms (Views: 8.2ms | ActiveRecord: 0.0ms | Allocations: 3640)


Started GET "/work" for 127.0.0.1 at 2024-05-31 18:48:20 +0300
Processing by WorkController#index as HTML
  Rendering layout layouts/application.html.erb
  Rendering work/index.html.erb within layouts/application
  Rendered work/index.html.erb within layouts/application (Duration: 0.2ms | Allocations: 7)
  Rendered application/_menubar.html.erb (Duration: 0.4ms | Allocations: 133)
  Rendered application/_footer.html.erb (Duration: 0.0ms | Allocations: 8)
  Rendered layout layouts/application.html.erb (Duration: 11.4ms | Allocations: 3381)
Completed 200 OK in 14ms (Views: 12.5ms | ActiveRecord: 0.0ms | Allocations: 3648)


Started GET "/offtop" for 127.0.0.1 at 2024-05-31 18:48:21 +0300
Processing by OfftopController#index as HTML
  Rendering layout layouts/application.html.erb
  Rendering offtop/index.html.erb within layouts/application
  Rendered offtop/index.html.erb within layouts/application (Duration: 0.0ms | Allocations: 7)
  Rendered application/_menubar.html.erb (Duration: 0.3ms | Allocations: 133)
  Rendered application/_footer.html.erb (Duration: 0.0ms | Allocations: 8)
  Rendered layout layouts/application.html.erb (Duration: 6.8ms | Allocations: 3381)
Completed 200 OK in 8ms (Views: 7.4ms | ActiveRecord: 0.0ms | Allocations: 3648)


Started GET "/" for 127.0.0.1 at 2024-05-31 18:50:19 +0300
Processing by WelcomeController#index as HTML
  Rendering layout layouts/application.html.erb
  Rendering welcome/index.html.erb within layouts/application
  Rendered welcome/index.html.erb within layouts/application (Duration: 0.1ms | Allocations: 7)
  Rendered application/_menubar.html.erb (Duration: 0.2ms | Allocations: 133)
  Rendered application/_footer.html.erb (Duration: 0.0ms | Allocations: 8)
  Rendered layout layouts/application.html.erb (Duration: 40.0ms | Allocations: 9654)
Completed 200 OK in 44ms (Views: 42.8ms | ActiveRecord: 0.0ms | Allocations: 9919)


Started GET "/work" for 127.0.0.1 at 2024-05-31 18:50:22 +0300
Processing by WorkController#index as HTML
  Rendering layout layouts/application.html.erb
  Rendering work/index.html.erb within layouts/application
  Rendered work/index.html.erb within layouts/application (Duration: 0.1ms | Allocations: 7)
  Rendered application/_menubar.html.erb (Duration: 0.4ms | Allocations: 133)
  Rendered application/_footer.html.erb (Duration: 0.0ms | Allocations: 8)
  Rendered layout layouts/application.html.erb (Duration: 8.2ms | Allocations: 3378)
Completed 200 OK in 10ms (Views: 9.0ms | ActiveRecord: 0.0ms | Allocations: 3645)


Started GET "/offtop" for 127.0.0.1 at 2024-05-31 18:50:23 +0300
Processing by OfftopController#index as HTML
  Rendering layout layouts/application.html.erb
  Rendering offtop/index.html.erb within layouts/application
  Rendered offtop/index.html.erb within layouts/application (Duration: 0.1ms | Allocations: 7)
  Rendered application/_menubar.html.erb (Duration: 0.3ms | Allocations: 133)
  Rendered application/_footer.html.erb (Duration: 0.0ms | Allocations: 8)
  Rendered layout layouts/application.html.erb (Duration: 7.5ms | Allocations: 3369)
Completed 200 OK in 9ms (Views: 8.1ms | ActiveRecord: 0.0ms | Allocations: 3636)


Started GET "/" for 127.0.0.1 at 2024-05-31 18:50:44 +0300
Processing by WelcomeController#index as HTML
  Rendering layout layouts/application.html.erb
  Rendering welcome/index.html.erb within layouts/application
  Rendered welcome/index.html.erb within layouts/application (Duration: 0.1ms | Allocations: 7)
  Rendered application/_menubar.html.erb (Duration: 0.2ms | Allocations: 133)
  Rendered application/_footer.html.erb (Duration: 0.0ms | Allocations: 8)
  Rendered layout layouts/application.html.erb (Duration: 44.3ms | Allocations: 9654)
Completed 200 OK in 46ms (Views: 45.2ms | ActiveRecord: 0.0ms | Allocations: 9919)


Started GET "/work" for 127.0.0.1 at 2024-05-31 18:50:47 +0300
Processing by WorkController#index as HTML
  Rendering layout layouts/application.html.erb
  Rendering work/index.html.erb within layouts/application
  Rendered work/index.html.erb within layouts/application (Duration: 0.1ms | Allocations: 7)
  Rendered application/_menubar.html.erb (Duration: 0.3ms | Allocations: 133)
  Rendered application/_footer.html.erb (Duration: 0.0ms | Allocations: 8)
  Rendered layout layouts/application.html.erb (Duration: 7.1ms | Allocations: 3363)
Completed 200 OK in 9ms (Views: 7.8ms | ActiveRecord: 0.0ms | Allocations: 3630)


Started GET "/" for 127.0.0.1 at 2024-05-31 18:54:11 +0300
Processing by WelcomeController#index as HTML
  Rendering layout layouts/application.html.erb
  Rendering welcome/index.html.erb within layouts/application
  Rendered welcome/index.html.erb within layouts/application (Duration: 0.2ms | Allocations: 7)
  Rendered application/_menubar.html.erb (Duration: 0.1ms | Allocations: 133)
  Rendered application/_footer.html.erb (Duration: 0.0ms | Allocations: 8)
  Rendered layout layouts/application.html.erb (Duration: 71.1ms | Allocations: 11779)
Completed 200 OK in 72ms (Views: 71.6ms | ActiveRecord: 0.0ms | Allocations: 12044)


Started GET "/work" for 127.0.0.1 at 2024-05-31 18:54:15 +0300
Processing by WorkController#index as HTML
  Rendering layout layouts/application.html.erb
  Rendering work/index.html.erb within layouts/application
  Rendered work/index.html.erb within layouts/application (Duration: 0.1ms | Allocations: 7)
  Rendered application/_menubar.html.erb (Duration: 0.3ms | Allocations: 133)
  Rendered application/_footer.html.erb (Duration: 0.0ms | Allocations: 8)
  Rendered layout layouts/application.html.erb (Duration: 7.1ms | Allocations: 3368)
Completed 200 OK in 9ms (Views: 7.7ms | ActiveRecord: 0.0ms | Allocations: 3636)


Started GET "/offtop" for 127.0.0.1 at 2024-05-31 18:54:16 +0300
Processing by OfftopController#index as HTML
  Rendering layout layouts/application.html.erb
  Rendering offtop/index.html.erb within layouts/application
  Rendered offtop/index.html.erb within layouts/application (Duration: 0.0ms | Allocations: 7)
  Rendered application/_menubar.html.erb (Duration: 0.3ms | Allocations: 133)
  Rendered application/_footer.html.erb (Duration: 0.0ms | Allocations: 8)
  Rendered layout layouts/application.html.erb (Duration: 6.7ms | Allocations: 3369)
Completed 200 OK in 8ms (Views: 7.2ms | ActiveRecord: 0.0ms | Allocations: 3636)


Started GET "/" for 127.0.0.1 at 2024-05-31 18:54:32 +0300
Processing by WelcomeController#index as HTML
  Rendering layout layouts/application.html.erb
  Rendering welcome/index.html.erb within layouts/application
  Rendered welcome/index.html.erb within layouts/application (Duration: 0.1ms | Allocations: 7)
  Rendered application/_menubar.html.erb (Duration: 0.3ms | Allocations: 133)
  Rendered application/_footer.html.erb (Duration: 0.0ms | Allocations: 8)
  Rendered layout layouts/application.html.erb (Duration: 17.8ms | Allocations: 3427)
Completed 200 OK in 20ms (Views: 18.5ms | ActiveRecord: 0.0ms | Allocations: 3692)


Started GET "/" for 127.0.0.1 at 2024-05-31 18:54:33 +0300
Processing by WelcomeController#index as HTML
  Rendering layout layouts/application.html.erb
  Rendering welcome/index.html.erb within layouts/application
  Rendered welcome/index.html.erb within layouts/application (Duration: 0.0ms | Allocations: 7)
  Rendered application/_menubar.html.erb (Duration: 0.3ms | Allocations: 133)
  Rendered application/_footer.html.erb (Duration: 0.0ms | Allocations: 8)
  Rendered layout layouts/application.html.erb (Duration: 6.7ms | Allocations: 3372)
Completed 200 OK in 9ms (Views: 8.1ms | ActiveRecord: 0.0ms | Allocations: 3637)


Started GET "/" for 127.0.0.1 at 2024-05-31 18:54:37 +0300
Processing by WelcomeController#index as HTML
  Rendering layout layouts/application.html.erb
  Rendering welcome/index.html.erb within layouts/application
  Rendered welcome/index.html.erb within layouts/application (Duration: 0.1ms | Allocations: 7)
  Rendered application/_menubar.html.erb (Duration: 0.2ms | Allocations: 133)
  Rendered application/_footer.html.erb (Duration: 0.0ms | Allocations: 8)
  Rendered layout layouts/application.html.erb (Duration: 17.2ms | Allocations: 3400)
Completed 200 OK in 19ms (Views: 17.8ms | ActiveRecord: 0.0ms | Allocations: 3665)


Started GET "/" for 127.0.0.1 at 2024-05-31 18:54:38 +0300
Processing by WelcomeController#index as HTML
  Rendering layout layouts/application.html.erb
  Rendering welcome/index.html.erb within layouts/application
  Rendered welcome/index.html.erb within layouts/application (Duration: 0.0ms | Allocations: 7)
  Rendered application/_menubar.html.erb (Duration: 0.2ms | Allocations: 133)
  Rendered application/_footer.html.erb (Duration: 0.0ms | Allocations: 8)
  Rendered layout layouts/application.html.erb (Duration: 5.7ms | Allocations: 3366)
Completed 200 OK in 7ms (Views: 6.1ms | ActiveRecord: 0.0ms | Allocations: 3631)


Started GET "/offtop" for 127.0.0.1 at 2024-05-31 18:54:42 +0300
Processing by OfftopController#index as HTML
  Rendering layout layouts/application.html.erb
  Rendering offtop/index.html.erb within layouts/application
  Rendered offtop/index.html.erb within layouts/application (Duration: 0.1ms | Allocations: 7)
  Rendered application/_menubar.html.erb (Duration: 1.1ms | Allocations: 133)
  Rendered application/_footer.html.erb (Duration: 0.0ms | Allocations: 8)
  Rendered layout layouts/application.html.erb (Duration: 7.6ms | Allocations: 3390)
Completed 200 OK in 9ms (Views: 8.2ms | ActiveRecord: 0.0ms | Allocations: 3657)


Started GET "/" for 127.0.0.1 at 2024-05-31 18:54:58 +0300
Processing by WelcomeController#index as HTML
  Rendering layout layouts/application.html.erb
  Rendering welcome/index.html.erb within layouts/application
  Rendered welcome/index.html.erb within layouts/application (Duration: 0.1ms | Allocations: 7)
  Rendered application/_menubar.html.erb (Duration: 0.4ms | Allocations: 133)
  Rendered application/_footer.html.erb (Duration: 0.0ms | Allocations: 8)
  Rendered layout layouts/application.html.erb (Duration: 12.9ms | Allocations: 3420)
Completed 200 OK in 14ms (Views: 13.4ms | ActiveRecord: 0.0ms | Allocations: 3685)


Started GET "/work" for 127.0.0.1 at 2024-05-31 18:55:01 +0300
Processing by WorkController#index as HTML
  Rendering layout layouts/application.html.erb
  Rendering work/index.html.erb within layouts/application
  Rendered work/index.html.erb within layouts/application (Duration: 0.1ms | Allocations: 7)
  Rendered application/_menubar.html.erb (Duration: 0.5ms | Allocations: 133)
  Rendered application/_footer.html.erb (Duration: 0.0ms | Allocations: 8)
  Rendered layout layouts/application.html.erb (Duration: 7.6ms | Allocations: 3372)
Completed 200 OK in 9ms (Views: 8.5ms | ActiveRecord: 0.0ms | Allocations: 3639)


Started GET "/" for 127.0.0.1 at 2024-05-31 18:55:02 +0300
Processing by WelcomeController#index as HTML
  Rendering layout layouts/application.html.erb
  Rendering welcome/index.html.erb within layouts/application
  Rendered welcome/index.html.erb within layouts/application (Duration: 0.1ms | Allocations: 7)
  Rendered application/_menubar.html.erb (Duration: 0.3ms | Allocations: 133)
  Rendered application/_footer.html.erb (Duration: 0.0ms | Allocations: 8)
  Rendered layout layouts/application.html.erb (Duration: 7.2ms | Allocations: 3393)
Completed 200 OK in 10ms (Views: 8.0ms | ActiveRecord: 0.0ms | Allocations: 3658)


Started GET "/" for 127.0.0.1 at 2024-05-31 18:55:32 +0300
Processing by WelcomeController#index as HTML
  Rendering layout layouts/application.html.erb
  Rendering welcome/index.html.erb within layouts/application
  Rendered welcome/index.html.erb within layouts/application (Duration: 0.1ms | Allocations: 7)
  Rendered application/_menubar.html.erb (Duration: 0.2ms | Allocations: 133)
  Rendered application/_footer.html.erb (Duration: 0.0ms | Allocations: 8)
  Rendered layout layouts/application.html.erb (Duration: 64.9ms | Allocations: 9700)
Completed 200 OK in 67ms (Views: 65.7ms | ActiveRecord: 0.0ms | Allocations: 9965)


Started GET "/work" for 127.0.0.1 at 2024-05-31 18:55:35 +0300
Processing by WorkController#index as HTML
  Rendering layout layouts/application.html.erb
  Rendering work/index.html.erb within layouts/application
  Rendered work/index.html.erb within layouts/application (Duration: 0.1ms | Allocations: 7)
  Rendered application/_menubar.html.erb (Duration: 1.1ms | Allocations: 133)
  Rendered application/_footer.html.erb (Duration: 0.0ms | Allocations: 8)
  Rendered layout layouts/application.html.erb (Duration: 9.3ms | Allocations: 3386)
Completed 200 OK in 12ms (Views: 10.1ms | ActiveRecord: 0.0ms | Allocations: 3654)


Started GET "/offtop" for 127.0.0.1 at 2024-05-31 18:55:36 +0300
Processing by OfftopController#index as HTML
  Rendering layout layouts/application.html.erb
  Rendering offtop/index.html.erb within layouts/application
  Rendered offtop/index.html.erb within layouts/application (Duration: 0.1ms | Allocations: 7)
  Rendered application/_menubar.html.erb (Duration: 0.5ms | Allocations: 133)
  Rendered application/_footer.html.erb (Duration: 0.0ms | Allocations: 8)
  Rendered layout layouts/application.html.erb (Duration: 7.9ms | Allocations: 3372)
Completed 200 OK in 10ms (Views: 8.8ms | ActiveRecord: 0.0ms | Allocations: 3640)


Started GET "/" for 127.0.0.1 at 2024-05-31 18:56:04 +0300
Processing by WelcomeController#index as HTML
  Rendering layout layouts/application.html.erb
  Rendering welcome/index.html.erb within layouts/application
  Rendered welcome/index.html.erb within layouts/application (Duration: 0.4ms | Allocations: 7)
  Rendered application/_menubar.html.erb (Duration: 0.3ms | Allocations: 133)
  Rendered application/_footer.html.erb (Duration: 0.0ms | Allocations: 8)
  Rendered layout layouts/application.html.erb (Duration: 62.5ms | Allocations: 9681)
Completed 200 OK in 65ms (Views: 63.5ms | ActiveRecord: 0.0ms | Allocations: 9946)


Started GET "/" for 127.0.0.1 at 2024-05-31 18:56:43 +0300
Processing by WelcomeController#index as HTML
  Rendering layout layouts/application.html.erb
  Rendering welcome/index.html.erb within layouts/application
  Rendered welcome/index.html.erb within layouts/application (Duration: 0.3ms | Allocations: 7)
  Rendered application/_menubar.html.erb (Duration: 0.2ms | Allocations: 133)
  Rendered application/_footer.html.erb (Duration: 0.0ms | Allocations: 8)
  Rendered layout layouts/application.html.erb (Duration: 44.7ms | Allocations: 9667)
Completed 200 OK in 49ms (Views: 46.2ms | ActiveRecord: 0.0ms | Allocations: 9932)


Started GET "/" for 127.0.0.1 at 2024-05-31 18:56:48 +0300
Processing by WelcomeController#index as HTML
  Rendering layout layouts/application.html.erb
  Rendering welcome/index.html.erb within layouts/application
  Rendered welcome/index.html.erb within layouts/application (Duration: 0.0ms | Allocations: 7)
  Rendered application/_menubar.html.erb (Duration: 0.2ms | Allocations: 133)
  Rendered application/_footer.html.erb (Duration: 0.0ms | Allocations: 8)
  Rendered layout layouts/application.html.erb (Duration: 6.7ms | Allocations: 3360)
Completed 200 OK in 8ms (Views: 7.4ms | ActiveRecord: 0.0ms | Allocations: 3627)


Started GET "/work" for 127.0.0.1 at 2024-05-31 18:56:49 +0300
Processing by WorkController#index as HTML
  Rendering layout layouts/application.html.erb
  Rendering work/index.html.erb within layouts/application
  Rendered work/index.html.erb within layouts/application (Duration: 0.2ms | Allocations: 7)
  Rendered application/_menubar.html.erb (Duration: 0.5ms | Allocations: 133)
  Rendered application/_footer.html.erb (Duration: 0.0ms | Allocations: 8)
  Rendered layout layouts/application.html.erb (Duration: 9.6ms | Allocations: 3375)
Completed 200 OK in 11ms (Views: 10.5ms | ActiveRecord: 0.0ms | Allocations: 3642)


Started GET "/offtop" for 127.0.0.1 at 2024-05-31 18:56:50 +0300
Processing by OfftopController#index as HTML
  Rendering layout layouts/application.html.erb
  Rendering offtop/index.html.erb within layouts/application
  Rendered offtop/index.html.erb within layouts/application (Duration: 0.1ms | Allocations: 7)
  Rendered application/_menubar.html.erb (Duration: 0.3ms | Allocations: 133)
  Rendered application/_footer.html.erb (Duration: 0.0ms | Allocations: 8)
  Rendered layout layouts/application.html.erb (Duration: 7.4ms | Allocations: 3378)
Completed 200 OK in 9ms (Views: 8.1ms | ActiveRecord: 0.0ms | Allocations: 3645)


Started GET "/work" for 127.0.0.1 at 2024-05-31 18:56:53 +0300
Processing by WorkController#index as HTML
  Rendering layout layouts/application.html.erb
  Rendering work/index.html.erb within layouts/application
  Rendered work/index.html.erb within layouts/application (Duration: 0.1ms | Allocations: 7)
  Rendered application/_menubar.html.erb (Duration: 0.3ms | Allocations: 133)
  Rendered application/_footer.html.erb (Duration: 0.0ms | Allocations: 8)
  Rendered layout layouts/application.html.erb (Duration: 10.3ms | Allocations: 3375)
Completed 200 OK in 12ms (Views: 10.9ms | ActiveRecord: 0.0ms | Allocations: 3642)


Started GET "/offtop" for 127.0.0.1 at 2024-05-31 18:56:53 +0300
Processing by OfftopController#index as HTML
  Rendering layout layouts/application.html.erb
  Rendering offtop/index.html.erb within layouts/application
  Rendered offtop/index.html.erb within layouts/application (Duration: 0.0ms | Allocations: 7)
  Rendered application/_menubar.html.erb (Duration: 0.3ms | Allocations: 133)
  Rendered application/_footer.html.erb (Duration: 0.0ms | Allocations: 8)
  Rendered layout layouts/application.html.erb (Duration: 6.0ms | Allocations: 3372)
Completed 200 OK in 7ms (Views: 6.6ms | ActiveRecord: 0.0ms | Allocations: 3639)


Started GET "/" for 127.0.0.1 at 2024-05-31 18:57:43 +0300
Processing by WelcomeController#index as HTML
  Rendering layout layouts/application.html.erb
  Rendering welcome/index.html.erb within layouts/application
  Rendered welcome/index.html.erb within layouts/application (Duration: 0.1ms | Allocations: 7)
  Rendered application/_menubar.html.erb (Duration: 0.2ms | Allocations: 133)
  Rendered application/_footer.html.erb (Duration: 0.0ms | Allocations: 8)
  Rendered layout layouts/application.html.erb (Duration: 26.6ms | Allocations: 9654)
Completed 200 OK in 39ms (Views: 27.0ms | ActiveRecord: 0.0ms | Allocations: 9920)


Started GET "/work" for 127.0.0.1 at 2024-05-31 18:57:48 +0300
Processing by WorkController#index as HTML
  Rendering layout layouts/application.html.erb
  Rendering work/index.html.erb within layouts/application
  Rendered work/index.html.erb within layouts/application (Duration: 0.1ms | Allocations: 7)
  Rendered application/_menubar.html.erb (Duration: 0.4ms | Allocations: 133)
  Rendered application/_footer.html.erb (Duration: 0.0ms | Allocations: 8)
  Rendered layout layouts/application.html.erb (Duration: 7.5ms | Allocations: 3390)
Completed 200 OK in 9ms (Views: 8.3ms | ActiveRecord: 0.0ms | Allocations: 3658)


Started GET "/offtop" for 127.0.0.1 at 2024-05-31 18:57:49 +0300
Processing by OfftopController#index as HTML
  Rendering layout layouts/application.html.erb
  Rendering offtop/index.html.erb within layouts/application
  Rendered offtop/index.html.erb within layouts/application (Duration: 0.1ms | Allocations: 7)
  Rendered application/_menubar.html.erb (Duration: 0.3ms | Allocations: 133)
  Rendered application/_footer.html.erb (Duration: 0.0ms | Allocations: 8)
  Rendered layout layouts/application.html.erb (Duration: 8.2ms | Allocations: 3393)
Completed 200 OK in 10ms (Views: 9.1ms | ActiveRecord: 0.0ms | Allocations: 3660)


Started GET "/offtop" for 127.0.0.1 at 2024-05-31 18:57:50 +0300
Processing by OfftopController#index as HTML
  Rendering layout layouts/application.html.erb
  Rendering offtop/index.html.erb within layouts/application
  Rendered offtop/index.html.erb within layouts/application (Duration: 0.1ms | Allocations: 7)
  Rendered application/_menubar.html.erb (Duration: 0.5ms | Allocations: 133)
  Rendered application/_footer.html.erb (Duration: 0.0ms | Allocations: 8)
  Rendered layout layouts/application.html.erb (Duration: 10.6ms | Allocations: 3363)
Completed 200 OK in 12ms (Views: 11.5ms | ActiveRecord: 0.0ms | Allocations: 3630)


Started GET "/work" for 127.0.0.1 at 2024-05-31 18:57:50 +0300
Processing by WorkController#index as HTML
  Rendering layout layouts/application.html.erb
  Rendering work/index.html.erb within layouts/application
  Rendered work/index.html.erb within layouts/application (Duration: 0.0ms | Allocations: 7)
  Rendered application/_menubar.html.erb (Duration: 0.2ms | Allocations: 133)
  Rendered application/_footer.html.erb (Duration: 0.0ms | Allocations: 8)
  Rendered layout layouts/application.html.erb (Duration: 7.9ms | Allocations: 3384)
Completed 200 OK in 9ms (Views: 8.5ms | ActiveRecord: 0.0ms | Allocations: 3651)


Started GET "/offtop" for 127.0.0.1 at 2024-05-31 18:57:55 +0300
Processing by OfftopController#index as HTML
  Rendering layout layouts/application.html.erb
  Rendering offtop/index.html.erb within layouts/application
  Rendered offtop/index.html.erb within layouts/application (Duration: 0.1ms | Allocations: 7)
  Rendered application/_menubar.html.erb (Duration: 0.3ms | Allocations: 133)
  Rendered application/_footer.html.erb (Duration: 0.0ms | Allocations: 8)
  Rendered layout layouts/application.html.erb (Duration: 8.3ms | Allocations: 3390)
Completed 200 OK in 10ms (Views: 9.0ms | ActiveRecord: 0.0ms | Allocations: 3657)


Started GET "/" for 127.0.0.1 at 2024-05-31 18:58:14 +0300
Processing by WelcomeController#index as HTML
  Rendering layout layouts/application.html.erb
  Rendering welcome/index.html.erb within layouts/application
  Rendered welcome/index.html.erb within layouts/application (Duration: 0.1ms | Allocations: 7)
  Rendered application/_menubar.html.erb (Duration: 2.4ms | Allocations: 133)
  Rendered application/_footer.html.erb (Duration: 0.0ms | Allocations: 8)
  Rendered layout layouts/application.html.erb (Duration: 31.6ms | Allocations: 9384)
Completed 200 OK in 35ms (Views: 33.4ms | ActiveRecord: 0.0ms | Allocations: 9649)


Started GET "/" for 127.0.0.1 at 2024-05-31 18:58:15 +0300
Processing by WelcomeController#index as HTML
  Rendering layout layouts/application.html.erb
  Rendering welcome/index.html.erb within layouts/application
  Rendered welcome/index.html.erb within layouts/application (Duration: 0.1ms | Allocations: 7)
  Rendered application/_menubar.html.erb (Duration: 0.3ms | Allocations: 133)
  Rendered application/_footer.html.erb (Duration: 0.0ms | Allocations: 8)
  Rendered layout layouts/application.html.erb (Duration: 6.6ms | Allocations: 3375)
Completed 200 OK in 8ms (Views: 7.1ms | ActiveRecord: 0.0ms | Allocations: 3640)


Started GET "/" for 127.0.0.1 at 2024-05-31 18:58:31 +0300
Processing by WelcomeController#index as HTML
  Rendering layout layouts/application.html.erb
  Rendering welcome/index.html.erb within layouts/application
  Rendered welcome/index.html.erb within layouts/application (Duration: 0.4ms | Allocations: 7)
  Rendered application/_menubar.html.erb (Duration: 0.4ms | Allocations: 133)
  Rendered application/_footer.html.erb (Duration: 0.0ms | Allocations: 8)
  Rendered layout layouts/application.html.erb (Duration: 15.9ms | Allocations: 3480)
Completed 200 OK in 21ms (Views: 18.1ms | ActiveRecord: 0.0ms | Allocations: 3745)


Started GET "/" for 127.0.0.1 at 2024-05-31 18:58:32 +0300
Processing by WelcomeController#index as HTML
  Rendering layout layouts/application.html.erb
  Rendering welcome/index.html.erb within layouts/application
  Rendered welcome/index.html.erb within layouts/application (Duration: 0.1ms | Allocations: 7)
  Rendered application/_menubar.html.erb (Duration: 0.2ms | Allocations: 133)
  Rendered application/_footer.html.erb (Duration: 0.0ms | Allocations: 8)
  Rendered layout layouts/application.html.erb (Duration: 7.2ms | Allocations: 3378)
Completed 200 OK in 9ms (Views: 7.6ms | ActiveRecord: 0.0ms | Allocations: 3643)


Started GET "/" for 127.0.0.1 at 2024-05-31 18:59:41 +0300
Processing by WelcomeController#index as HTML
  Rendering layout layouts/application.html.erb
  Rendering welcome/index.html.erb within layouts/application
  Rendered welcome/index.html.erb within layouts/application (Duration: 0.1ms | Allocations: 7)
  Rendered application/_menubar.html.erb (Duration: 0.3ms | Allocations: 133)
  Rendered application/_footer.html.erb (Duration: 0.0ms | Allocations: 8)
  Rendered layout layouts/application.html.erb (Duration: 7.3ms | Allocations: 3487)
Completed 200 OK in 9ms (Views: 7.8ms | ActiveRecord: 0.0ms | Allocations: 3753)


Started GET "/work" for 127.0.0.1 at 2024-05-31 18:59:43 +0300
Processing by WorkController#index as HTML
  Rendering layout layouts/application.html.erb
  Rendering work/index.html.erb within layouts/application
  Rendered work/index.html.erb within layouts/application (Duration: 0.1ms | Allocations: 7)
  Rendered application/_menubar.html.erb (Duration: 0.3ms | Allocations: 133)
  Rendered application/_footer.html.erb (Duration: 0.0ms | Allocations: 8)
  Rendered layout layouts/application.html.erb (Duration: 8.2ms | Allocations: 3404)
Completed 200 OK in 10ms (Views: 8.9ms | ActiveRecord: 0.0ms | Allocations: 3673)


Started GET "/offtop" for 127.0.0.1 at 2024-05-31 18:59:44 +0300
Processing by OfftopController#index as HTML
  Rendering layout layouts/application.html.erb
  Rendering offtop/index.html.erb within layouts/application
  Rendered offtop/index.html.erb within layouts/application (Duration: 0.1ms | Allocations: 7)
  Rendered application/_menubar.html.erb (Duration: 1.5ms | Allocations: 133)
  Rendered application/_footer.html.erb (Duration: 0.0ms | Allocations: 8)
  Rendered layout layouts/application.html.erb (Duration: 9.4ms | Allocations: 3382)
Completed 200 OK in 11ms (Views: 10.1ms | ActiveRecord: 0.0ms | Allocations: 3650)


Started GET "/work" for 127.0.0.1 at 2024-05-31 18:59:45 +0300
Processing by WorkController#index as HTML
  Rendering layout layouts/application.html.erb
  Rendering work/index.html.erb within layouts/application
  Rendered work/index.html.erb within layouts/application (Duration: 0.0ms | Allocations: 7)
  Rendered application/_menubar.html.erb (Duration: 0.5ms | Allocations: 133)
  Rendered application/_footer.html.erb (Duration: 0.0ms | Allocations: 8)
  Rendered layout layouts/application.html.erb (Duration: 7.9ms | Allocations: 3376)
Completed 200 OK in 9ms (Views: 8.4ms | ActiveRecord: 0.0ms | Allocations: 3643)


Started GET "/work" for 127.0.0.1 at 2024-05-31 18:59:46 +0300
Processing by WorkController#index as HTML
  Rendering layout layouts/application.html.erb
  Rendering work/index.html.erb within layouts/application
  Rendered work/index.html.erb within layouts/application (Duration: 0.0ms | Allocations: 7)
  Rendered application/_menubar.html.erb (Duration: 0.3ms | Allocations: 133)
  Rendered application/_footer.html.erb (Duration: 0.0ms | Allocations: 8)
  Rendered layout layouts/application.html.erb (Duration: 5.7ms | Allocations: 3375)
Completed 200 OK in 7ms (Views: 6.1ms | ActiveRecord: 0.0ms | Allocations: 3642)


Started GET "/offtop" for 127.0.0.1 at 2024-05-31 18:59:47 +0300
Processing by OfftopController#index as HTML
  Rendering layout layouts/application.html.erb
  Rendering offtop/index.html.erb within layouts/application
  Rendered offtop/index.html.erb within layouts/application (Duration: 0.0ms | Allocations: 7)
  Rendered application/_menubar.html.erb (Duration: 0.3ms | Allocations: 133)
  Rendered application/_footer.html.erb (Duration: 0.0ms | Allocations: 8)
  Rendered layout layouts/application.html.erb (Duration: 6.9ms | Allocations: 3378)
Completed 200 OK in 8ms (Views: 7.4ms | ActiveRecord: 0.0ms | Allocations: 3646)


Started GET "/work" for 127.0.0.1 at 2024-05-31 18:59:47 +0300
Processing by WorkController#index as HTML
  Rendering layout layouts/application.html.erb
  Rendering work/index.html.erb within layouts/application
  Rendered work/index.html.erb within layouts/application (Duration: 0.1ms | Allocations: 7)
  Rendered application/_menubar.html.erb (Duration: 0.3ms | Allocations: 133)
  Rendered application/_footer.html.erb (Duration: 0.0ms | Allocations: 8)
  Rendered layout layouts/application.html.erb (Duration: 7.0ms | Allocations: 3372)
Completed 200 OK in 8ms (Views: 7.7ms | ActiveRecord: 0.0ms | Allocations: 3639)


Started GET "/" for 127.0.0.1 at 2024-05-31 19:00:22 +0300
Processing by WelcomeController#index as HTML
  Rendering layout layouts/application.html.erb
  Rendering welcome/index.html.erb within layouts/application
  Rendered welcome/index.html.erb within layouts/application (Duration: 0.1ms | Allocations: 7)
  Rendered application/_menubar.html.erb (Duration: 0.2ms | Allocations: 133)
  Rendered application/_footer.html.erb (Duration: 0.0ms | Allocations: 8)
  Rendered layout layouts/application.html.erb (Duration: 58.8ms | Allocations: 9440)
Completed 200 OK in 62ms (Views: 60.1ms | ActiveRecord: 0.0ms | Allocations: 9705)


Started GET "/work" for 127.0.0.1 at 2024-05-31 19:00:26 +0300
Processing by WorkController#index as HTML
  Rendering layout layouts/application.html.erb
  Rendering work/index.html.erb within layouts/application
  Rendered work/index.html.erb within layouts/application (Duration: 0.1ms | Allocations: 7)
  Rendered application/_menubar.html.erb (Duration: 0.3ms | Allocations: 133)
  Rendered application/_footer.html.erb (Duration: 0.0ms | Allocations: 8)
  Rendered layout layouts/application.html.erb (Duration: 7.6ms | Allocations: 3366)
Completed 200 OK in 9ms (Views: 8.1ms | ActiveRecord: 0.0ms | Allocations: 3633)


Started GET "/offtop" for 127.0.0.1 at 2024-05-31 19:00:27 +0300
Processing by OfftopController#index as HTML
  Rendering layout layouts/application.html.erb
  Rendering offtop/index.html.erb within layouts/application
  Rendered offtop/index.html.erb within layouts/application (Duration: 0.1ms | Allocations: 7)
  Rendered application/_menubar.html.erb (Duration: 0.5ms | Allocations: 133)
  Rendered application/_footer.html.erb (Duration: 0.0ms | Allocations: 8)
  Rendered layout layouts/application.html.erb (Duration: 9.1ms | Allocations: 3363)
Completed 200 OK in 11ms (Views: 10.1ms | ActiveRecord: 0.0ms | Allocations: 3630)


Started GET "/" for 127.0.0.1 at 2024-05-31 19:00:48 +0300
Processing by WelcomeController#index as HTML
  Rendering layout layouts/application.html.erb
  Rendering welcome/index.html.erb within layouts/application
  Rendered welcome/index.html.erb within layouts/application (Duration: 0.1ms | Allocations: 7)
  Rendered application/_menubar.html.erb (Duration: 0.6ms | Allocations: 133)
  Rendered application/_footer.html.erb (Duration: 0.0ms | Allocations: 8)
  Rendered layout layouts/application.html.erb (Duration: 49.3ms | Allocations: 9130)
Completed 200 OK in 52ms (Views: 50.3ms | ActiveRecord: 0.0ms | Allocations: 9395)


Started GET "/work" for 127.0.0.1 at 2024-05-31 19:00:51 +0300
Processing by WorkController#index as HTML
  Rendering layout layouts/application.html.erb
  Rendering work/index.html.erb within layouts/application
  Rendered work/index.html.erb within layouts/application (Duration: 0.1ms | Allocations: 7)
  Rendered application/_menubar.html.erb (Duration: 0.7ms | Allocations: 133)
  Rendered application/_footer.html.erb (Duration: 0.0ms | Allocations: 8)
  Rendered layout layouts/application.html.erb (Duration: 9.4ms | Allocations: 3375)
Completed 200 OK in 11ms (Views: 10.2ms | ActiveRecord: 0.0ms | Allocations: 3642)


Started GET "/offtop" for 127.0.0.1 at 2024-05-31 19:00:52 +0300
Processing by OfftopController#index as HTML
  Rendering layout layouts/application.html.erb
  Rendering offtop/index.html.erb within layouts/application
  Rendered offtop/index.html.erb within layouts/application (Duration: 0.0ms | Allocations: 7)
  Rendered application/_menubar.html.erb (Duration: 0.4ms | Allocations: 133)
  Rendered application/_footer.html.erb (Duration: 0.0ms | Allocations: 8)
  Rendered layout layouts/application.html.erb (Duration: 6.7ms | Allocations: 3372)
Completed 200 OK in 8ms (Views: 7.3ms | ActiveRecord: 0.0ms | Allocations: 3639)


Started GET "/offtop" for 127.0.0.1 at 2024-05-31 19:00:55 +0300
Processing by OfftopController#index as HTML
  Rendering layout layouts/application.html.erb
  Rendering offtop/index.html.erb within layouts/application
  Rendered offtop/index.html.erb within layouts/application (Duration: 0.0ms | Allocations: 7)
  Rendered application/_menubar.html.erb (Duration: 0.3ms | Allocations: 133)
  Rendered application/_footer.html.erb (Duration: 0.0ms | Allocations: 8)
  Rendered layout layouts/application.html.erb (Duration: 5.8ms | Allocations: 3375)
Completed 200 OK in 8ms (Views: 6.4ms | ActiveRecord: 0.0ms | Allocations: 3642)


Started GET "/work" for 127.0.0.1 at 2024-05-31 19:00:59 +0300
Processing by WorkController#index as HTML
  Rendering layout layouts/application.html.erb
  Rendering work/index.html.erb within layouts/application
  Rendered work/index.html.erb within layouts/application (Duration: 0.1ms | Allocations: 7)
  Rendered application/_menubar.html.erb (Duration: 0.3ms | Allocations: 133)
  Rendered application/_footer.html.erb (Duration: 0.0ms | Allocations: 8)
  Rendered layout layouts/application.html.erb (Duration: 6.9ms | Allocations: 3366)
Completed 200 OK in 9ms (Views: 7.6ms | ActiveRecord: 0.0ms | Allocations: 3633)


Started GET "/" for 127.0.0.1 at 2024-05-31 19:19:43 +0300
Processing by WelcomeController#index as HTML
  Rendering layout layouts/application.html.erb
  Rendering welcome/index.html.erb within layouts/application
  Rendered welcome/index.html.erb within layouts/application (Duration: 0.1ms | Allocations: 7)
  Rendered application/_menubar.html.erb (Duration: 0.2ms | Allocations: 133)
  Rendered application/_footer.html.erb (Duration: 0.0ms | Allocations: 8)
  Rendered layout layouts/application.html.erb (Duration: 63.7ms | Allocations: 9000)
Completed 200 OK in 65ms (Views: 64.4ms | ActiveRecord: 0.0ms | Allocations: 9265)


Started GET "/" for 127.0.0.1 at 2024-05-31 19:40:48 +0300
Processing by WelcomeController#index as HTML
  Rendering layout layouts/application.html.erb
  Rendering welcome/index.html.erb within layouts/application
  Rendered welcome/index.html.erb within layouts/application (Duration: 0.4ms | Allocations: 7)
  Rendered application/_menubar.html.erb (Duration: 0.2ms | Allocations: 133)
  Rendered application/_footer.html.erb (Duration: 0.0ms | Allocations: 8)
  Rendered layout layouts/application.html.erb (Duration: 61.9ms | Allocations: 9004)
Completed 200 OK in 64ms (Views: 62.6ms | ActiveRecord: 0.0ms | Allocations: 9269)


Started GET "/" for 127.0.0.1 at 2024-05-31 19:40:59 +0300
Processing by WelcomeController#index as HTML
  Rendering layout layouts/application.html.erb
  Rendering welcome/index.html.erb within layouts/application
  Rendered welcome/index.html.erb within layouts/application (Duration: 0.1ms | Allocations: 7)
  Rendered application/_menubar.html.erb (Duration: 0.2ms | Allocations: 133)
  Rendered application/_footer.html.erb (Duration: 0.0ms | Allocations: 8)
  Rendered layout layouts/application.html.erb (Duration: 56.7ms | Allocations: 9003)
Completed 200 OK in 59ms (Views: 57.8ms | ActiveRecord: 0.0ms | Allocations: 9268)


Started GET "/" for 127.0.0.1 at 2024-05-31 19:50:17 +0300
Processing by WelcomeController#index as HTML
  Rendering layout layouts/application.html.erb
  Rendering welcome/index.html.erb within layouts/application
  Rendered welcome/index.html.erb within layouts/application (Duration: 2.7ms | Allocations: 117)
  Rendered application/_menubar.html.erb (Duration: 0.6ms | Allocations: 325)
  Rendered application/_footer.html.erb (Duration: 0.2ms | Allocations: 106)
  Rendered layout layouts/application.html.erb (Duration: 47.7ms | Allocations: 9880)
Completed 200 OK in 65ms (Views: 61.3ms | ActiveRecord: 0.0ms | Allocations: 10701)


Started GET "/" for 127.0.0.1 at 2024-05-31 19:50:21 +0300
Processing by WelcomeController#index as HTML
  Rendering layout layouts/application.html.erb
  Rendering welcome/index.html.erb within layouts/application
  Rendered welcome/index.html.erb within layouts/application (Duration: 0.1ms | Allocations: 7)
  Rendered application/_menubar.html.erb (Duration: 0.9ms | Allocations: 133)
  Rendered application/_footer.html.erb (Duration: 0.0ms | Allocations: 8)
  Rendered layout layouts/application.html.erb (Duration: 43.1ms | Allocations: 9022)
Completed 200 OK in 47ms (Views: 44.4ms | ActiveRecord: 0.0ms | Allocations: 9288)


Started GET "/" for 127.0.0.1 at 2024-05-31 19:51:47 +0300
Processing by WelcomeController#index as HTML
  Rendering layout layouts/application.html.erb
  Rendering welcome/index.html.erb within layouts/application
  Rendered welcome/index.html.erb within layouts/application (Duration: 1.2ms | Allocations: 112)
  Rendered application/_menubar.html.erb (Duration: 1.3ms | Allocations: 325)
  Rendered application/_footer.html.erb (Duration: 0.4ms | Allocations: 106)
  Rendered layout layouts/application.html.erb (Duration: 43.6ms | Allocations: 9882)
Completed 200 OK in 51ms (Views: 48.9ms | ActiveRecord: 0.0ms | Allocations: 10700)


Started GET "/" for 127.0.0.1 at 2024-05-31 19:51:57 +0300
Processing by WelcomeController#index as HTML
  Rendering layout layouts/application.html.erb
  Rendering welcome/index.html.erb within layouts/application
  Rendered welcome/index.html.erb within layouts/application (Duration: 0.1ms | Allocations: 7)
  Rendered application/_menubar.html.erb (Duration: 0.2ms | Allocations: 133)
  Rendered application/_footer.html.erb (Duration: 0.0ms | Allocations: 8)
  Rendered layout layouts/application.html.erb (Duration: 44.5ms | Allocations: 9017)
Completed 200 OK in 46ms (Views: 45.4ms | ActiveRecord: 0.0ms | Allocations: 9284)


Started GET "/" for 127.0.0.1 at 2024-05-31 19:52:03 +0300
Processing by WelcomeController#index as HTML
  Rendering layout layouts/application.html.erb
  Rendering welcome/index.html.erb within layouts/application
  Rendered welcome/index.html.erb within layouts/application (Duration: 0.1ms | Allocations: 7)
  Rendered application/_menubar.html.erb (Duration: 3.1ms | Allocations: 133)
  Rendered application/_footer.html.erb (Duration: 0.3ms | Allocations: 8)
  Rendered layout layouts/application.html.erb (Duration: 44.2ms | Allocations: 9033)
Completed 200 OK in 46ms (Views: 45.6ms | ActiveRecord: 0.0ms | Allocations: 9298)


Started GET "/" for 127.0.0.1 at 2024-05-31 19:52:12 +0300
Processing by WelcomeController#index as HTML
  Rendering layout layouts/application.html.erb
  Rendering welcome/index.html.erb within layouts/application
  Rendered welcome/index.html.erb within layouts/application (Duration: 4.8ms | Allocations: 7)
  Rendered application/_menubar.html.erb (Duration: 0.4ms | Allocations: 133)
  Rendered application/_footer.html.erb (Duration: 0.0ms | Allocations: 8)
  Rendered layout layouts/application.html.erb (Duration: 55.4ms | Allocations: 9009)
Completed 200 OK in 60ms (Views: 58.5ms | ActiveRecord: 0.0ms | Allocations: 9274)


Started GET "/" for 127.0.0.1 at 2024-05-31 19:52:26 +0300
Processing by WelcomeController#index as HTML
  Rendering layout layouts/application.html.erb
  Rendering welcome/index.html.erb within layouts/application
  Rendered welcome/index.html.erb within layouts/application (Duration: 0.1ms | Allocations: 7)
  Rendered application/_menubar.html.erb (Duration: 6.2ms | Allocations: 133)
  Rendered application/_footer.html.erb (Duration: 0.1ms | Allocations: 8)
  Rendered layout layouts/application.html.erb (Duration: 46.2ms | Allocations: 9024)
Completed 200 OK in 48ms (Views: 47.0ms | ActiveRecord: 0.0ms | Allocations: 9289)


Started GET "/" for 127.0.0.1 at 2024-05-31 20:07:34 +0300
Processing by WelcomeController#index as HTML
  Rendering layout layouts/application.html.erb
  Rendering welcome/index.html.erb within layouts/application
  Rendered welcome/index.html.erb within layouts/application (Duration: 1.2ms | Allocations: 120)
  Rendered application/_menubar.html.erb (Duration: 0.8ms | Allocations: 325)
  Rendered application/_footer.html.erb (Duration: 0.5ms | Allocations: 106)
  Rendered layout layouts/application.html.erb (Duration: 58.8ms | Allocations: 9884)
Completed 200 OK in 73ms (Views: 69.4ms | ActiveRecord: 0.0ms | Allocations: 10705)


Started GET "/" for 127.0.0.1 at 2024-05-31 20:09:27 +0300
Processing by WelcomeController#index as HTML
  Rendering layout layouts/application.html.erb
  Rendering welcome/index.html.erb within layouts/application
  Rendered welcome/index.html.erb within layouts/application (Duration: 1.1ms | Allocations: 119)
  Rendered application/_menubar.html.erb (Duration: 0.9ms | Allocations: 325)
  Rendered application/_footer.html.erb (Duration: 0.4ms | Allocations: 106)
  Rendered layout layouts/application.html.erb (Duration: 15.6ms | Allocations: 4245)
Completed 200 OK in 23ms (Views: 19.8ms | ActiveRecord: 0.0ms | Allocations: 5064)


Started GET "/" for 127.0.0.1 at 2024-05-31 20:12:27 +0300
Processing by WelcomeController#index as HTML
  Rendering layout layouts/application.html.erb
  Rendering welcome/index.html.erb within layouts/application
  Rendered welcome/index.html.erb within layouts/application (Duration: 3.8ms | Allocations: 122)
  Rendered application/_menubar.html.erb (Duration: 0.8ms | Allocations: 325)
  Rendered application/_footer.html.erb (Duration: 0.3ms | Allocations: 106)
  Rendered layout layouts/application.html.erb (Duration: 77.1ms | Allocations: 9935)
Completed 200 OK in 97ms (Views: 91.6ms | ActiveRecord: 0.0ms | Allocations: 10758)


Started GET "/" for 127.0.0.1 at 2024-05-31 20:12:54 +0300
Processing by WelcomeController#index as HTML
  Rendering layout layouts/application.html.erb
  Rendering welcome/index.html.erb within layouts/application
  Rendered welcome/index.html.erb within layouts/application (Duration: 1.1ms | Allocations: 119)
  Rendered application/_menubar.html.erb (Duration: 0.8ms | Allocations: 325)
  Rendered application/_footer.html.erb (Duration: 0.3ms | Allocations: 106)
  Rendered layout layouts/application.html.erb (Duration: 27.1ms | Allocations: 4260)
Completed 200 OK in 35ms (Views: 32.9ms | ActiveRecord: 0.0ms | Allocations: 5080)


Started GET "/offtop" for 127.0.0.1 at 2024-05-31 20:13:34 +0300
Processing by OfftopController#index as HTML
  Rendering layout layouts/application.html.erb
  Rendering offtop/index.html.erb within layouts/application
  Rendered offtop/index.html.erb within layouts/application (Duration: 3.1ms | Allocations: 106)
  Rendered application/_menubar.html.erb (Duration: 0.2ms | Allocations: 156)
  Rendered application/_footer.html.erb (Duration: 0.0ms | Allocations: 9)
  Rendered layout layouts/application.html.erb (Duration: 66.1ms | Allocations: 9235)
Completed 200 OK in 76ms (Views: 73.2ms | ActiveRecord: 0.0ms | Allocations: 9805)


Started GET "/offtop" for 127.0.0.1 at 2024-05-31 20:13:34 +0300
Processing by OfftopController#index as HTML
  Rendering layout layouts/application.html.erb
  Rendering offtop/index.html.erb within layouts/application
  Rendered offtop/index.html.erb within layouts/application (Duration: 0.0ms | Allocations: 7)
  Rendered application/_menubar.html.erb (Duration: 0.1ms | Allocations: 133)
  Rendered application/_footer.html.erb (Duration: 0.0ms | Allocations: 8)
  Rendered layout layouts/application.html.erb (Duration: 3.5ms | Allocations: 3400)
Completed 200 OK in 4ms (Views: 3.7ms | ActiveRecord: 0.0ms | Allocations: 3666)


Started GET "/" for 127.0.0.1 at 2024-05-31 20:13:36 +0300
Processing by WelcomeController#index as HTML
  Rendering layout layouts/application.html.erb
  Rendering welcome/index.html.erb within layouts/application
  Rendered welcome/index.html.erb within layouts/application (Duration: 0.7ms | Allocations: 7)
  Rendered application/_menubar.html.erb (Duration: 0.3ms | Allocations: 133)
  Rendered application/_footer.html.erb (Duration: 0.0ms | Allocations: 8)
  Rendered layout layouts/application.html.erb (Duration: 12.2ms | Allocations: 3375)
Completed 200 OK in 18ms (Views: 13.2ms | ActiveRecord: 0.0ms | Allocations: 3644)


Started GET "/" for 127.0.0.1 at 2024-05-31 20:13:42 +0300
Processing by WelcomeController#index as HTML
  Rendering layout layouts/application.html.erb
  Rendering welcome/index.html.erb within layouts/application
  Rendered welcome/index.html.erb within layouts/application (Duration: 0.2ms | Allocations: 7)
  Rendered application/_menubar.html.erb (Duration: 0.4ms | Allocations: 133)
  Rendered application/_footer.html.erb (Duration: 0.0ms | Allocations: 8)
  Rendered layout layouts/application.html.erb (Duration: 45.2ms | Allocations: 9055)
Completed 200 OK in 48ms (Views: 46.7ms | ActiveRecord: 0.0ms | Allocations: 9320)


Started GET "/" for 127.0.0.1 at 2024-05-31 20:17:44 +0300
Processing by WelcomeController#index as HTML
  Rendering layout layouts/application.html.erb
  Rendering welcome/index.html.erb within layouts/application
  Rendered welcome/index.html.erb within layouts/application (Duration: 6.5ms | Allocations: 129)
  Rendered application/_menubar.html.erb (Duration: 0.7ms | Allocations: 325)
  Rendered application/_footer.html.erb (Duration: 0.6ms | Allocations: 106)
  Rendered layout layouts/application.html.erb (Duration: 57.4ms | Allocations: 9931)
Completed 200 OK in 73ms (Views: 68.2ms | ActiveRecord: 0.0ms | Allocations: 10749)


Started GET "/" for 127.0.0.1 at 2024-05-31 20:17:55 +0300
Processing by WelcomeController#index as HTML
  Rendering layout layouts/application.html.erb
  Rendering welcome/index.html.erb within layouts/application
  Rendered welcome/index.html.erb within layouts/application (Duration: 0.2ms | Allocations: 7)
  Rendered application/_menubar.html.erb (Duration: 0.2ms | Allocations: 133)
  Rendered application/_footer.html.erb (Duration: 0.0ms | Allocations: 8)
  Rendered layout layouts/application.html.erb (Duration: 93.1ms | Allocations: 9094)
Completed 200 OK in 95ms (Views: 94.0ms | ActiveRecord: 0.0ms | Allocations: 9361)


Started GET "/" for 127.0.0.1 at 2024-05-31 20:17:59 +0300
Processing by WelcomeController#index as HTML
  Rendering layout layouts/application.html.erb
  Rendering welcome/index.html.erb within layouts/application
  Rendered welcome/index.html.erb within layouts/application (Duration: 0.2ms | Allocations: 7)
  Rendered application/_menubar.html.erb (Duration: 6.5ms | Allocations: 133)
  Rendered application/_footer.html.erb (Duration: 0.7ms | Allocations: 8)
  Rendered layout layouts/application.html.erb (Duration: 50.7ms | Allocations: 9056)
Completed 200 OK in 57ms (Views: 55.8ms | ActiveRecord: 0.0ms | Allocations: 9321)


Started GET "/" for 127.0.0.1 at 2024-05-31 20:18:37 +0300
Processing by WelcomeController#index as HTML
  Rendering layout layouts/application.html.erb
  Rendering welcome/index.html.erb within layouts/application
  Rendered welcome/index.html.erb within layouts/application (Duration: 0.2ms | Allocations: 7)
  Rendered application/_menubar.html.erb (Duration: 0.3ms | Allocations: 133)
  Rendered application/_footer.html.erb (Duration: 0.0ms | Allocations: 8)
  Rendered layout layouts/application.html.erb (Duration: 40.3ms | Allocations: 9050)
Completed 200 OK in 42ms (Views: 41.1ms | ActiveRecord: 0.0ms | Allocations: 9315)


Started GET "/" for 127.0.0.1 at 2024-05-31 20:18:52 +0300
Processing by WelcomeController#index as HTML
  Rendering layout layouts/application.html.erb
  Rendering welcome/index.html.erb within layouts/application
  Rendered welcome/index.html.erb within layouts/application (Duration: 0.1ms | Allocations: 7)
  Rendered application/_menubar.html.erb (Duration: 1.4ms | Allocations: 133)
  Rendered application/_footer.html.erb (Duration: 0.5ms | Allocations: 8)
  Rendered layout layouts/application.html.erb (Duration: 52.3ms | Allocations: 9040)
Completed 200 OK in 55ms (Views: 54.0ms | ActiveRecord: 0.0ms | Allocations: 9305)


Started GET "/" for 127.0.0.1 at 2024-05-31 20:19:12 +0300
Processing by WelcomeController#index as HTML
  Rendering layout layouts/application.html.erb
  Rendering welcome/index.html.erb within layouts/application
  Rendered welcome/index.html.erb within layouts/application (Duration: 0.1ms | Allocations: 7)
  Rendered application/_menubar.html.erb (Duration: 0.3ms | Allocations: 133)
  Rendered application/_footer.html.erb (Duration: 0.0ms | Allocations: 8)
  Rendered layout layouts/application.html.erb (Duration: 8.3ms | Allocations: 3419)
Completed 200 OK in 12ms (Views: 10.7ms | ActiveRecord: 0.0ms | Allocations: 3684)


Started GET "/" for 127.0.0.1 at 2024-05-31 20:19:41 +0300
Processing by WelcomeController#index as HTML
  Rendering layout layouts/application.html.erb
  Rendering welcome/index.html.erb within layouts/application
  Rendered welcome/index.html.erb within layouts/application (Duration: 0.2ms | Allocations: 7)
  Rendered application/_menubar.html.erb (Duration: 0.3ms | Allocations: 133)
  Rendered application/_footer.html.erb (Duration: 0.0ms | Allocations: 8)
  Rendered layout layouts/application.html.erb (Duration: 55.3ms | Allocations: 9025)
Completed 200 OK in 64ms (Views: 60.3ms | ActiveRecord: 0.0ms | Allocations: 9290)


Started GET "/" for 127.0.0.1 at 2024-05-31 20:19:55 +0300
Processing by WelcomeController#index as HTML
  Rendering layout layouts/application.html.erb
  Rendering welcome/index.html.erb within layouts/application
  Rendered welcome/index.html.erb within layouts/application (Duration: 0.2ms | Allocations: 7)
  Rendered application/_menubar.html.erb (Duration: 0.2ms | Allocations: 133)
  Rendered application/_footer.html.erb (Duration: 0.0ms | Allocations: 8)
  Rendered layout layouts/application.html.erb (Duration: 67.0ms | Allocations: 9132)
Completed 200 OK in 69ms (Views: 67.9ms | ActiveRecord: 0.0ms | Allocations: 9397)


Started GET "/" for 127.0.0.1 at 2024-05-31 20:20:01 +0300
Processing by WelcomeController#index as HTML
  Rendering layout layouts/application.html.erb
  Rendering welcome/index.html.erb within layouts/application
  Rendered welcome/index.html.erb within layouts/application (Duration: 0.2ms | Allocations: 7)
  Rendered application/_menubar.html.erb (Duration: 2.9ms | Allocations: 133)
  Rendered application/_footer.html.erb (Duration: 0.1ms | Allocations: 8)
  Rendered layout layouts/application.html.erb (Duration: 18.3ms | Allocations: 3438)
Completed 200 OK in 21ms (Views: 19.3ms | ActiveRecord: 0.0ms | Allocations: 3704)


Started GET "/" for 127.0.0.1 at 2024-05-31 20:20:49 +0300
Processing by WelcomeController#index as HTML
  Rendering layout layouts/application.html.erb
  Rendering welcome/index.html.erb within layouts/application
  Rendered welcome/index.html.erb within layouts/application (Duration: 0.2ms | Allocations: 7)
  Rendered application/_menubar.html.erb (Duration: 1.7ms | Allocations: 133)
  Rendered application/_footer.html.erb (Duration: 0.2ms | Allocations: 8)
  Rendered layout layouts/application.html.erb (Duration: 31.6ms | Allocations: 9056)
Completed 200 OK in 35ms (Views: 32.8ms | ActiveRecord: 0.0ms | Allocations: 9321)


Started GET "/" for 127.0.0.1 at 2024-05-31 20:21:17 +0300
Processing by WelcomeController#index as HTML
  Rendering layout layouts/application.html.erb
  Rendering welcome/index.html.erb within layouts/application
  Rendered welcome/index.html.erb within layouts/application (Duration: 0.2ms | Allocations: 7)
  Rendered application/_menubar.html.erb (Duration: 0.8ms | Allocations: 133)
  Rendered application/_footer.html.erb (Duration: 0.1ms | Allocations: 8)
  Rendered layout layouts/application.html.erb (Duration: 68.3ms | Allocations: 9031)
Completed 200 OK in 71ms (Views: 69.4ms | ActiveRecord: 0.0ms | Allocations: 9296)


Started GET "/" for 127.0.0.1 at 2024-05-31 20:21:25 +0300
Processing by WelcomeController#index as HTML
  Rendering layout layouts/application.html.erb
  Rendering welcome/index.html.erb within layouts/application
  Rendered welcome/index.html.erb within layouts/application (Duration: 2.1ms | Allocations: 7)
  Rendered application/_menubar.html.erb (Duration: 0.4ms | Allocations: 133)
  Rendered application/_footer.html.erb (Duration: 0.0ms | Allocations: 8)
  Rendered layout layouts/application.html.erb (Duration: 12.4ms | Allocations: 3443)
Completed 200 OK in 14ms (Views: 13.5ms | ActiveRecord: 0.0ms | Allocations: 3708)


Started GET "/" for 127.0.0.1 at 2024-05-31 20:24:02 +0300
Processing by WelcomeController#index as HTML
  Rendering layout layouts/application.html.erb
  Rendering welcome/index.html.erb within layouts/application
  Rendered welcome/index.html.erb within layouts/application (Duration: 0.8ms | Allocations: 7)
  Rendered application/_menubar.html.erb (Duration: 0.2ms | Allocations: 133)
  Rendered application/_footer.html.erb (Duration: 0.0ms | Allocations: 8)
  Rendered layout layouts/application.html.erb (Duration: 45.6ms | Allocations: 9062)
Completed 200 OK in 47ms (Views: 46.1ms | ActiveRecord: 0.0ms | Allocations: 9327)


Started GET "/" for 127.0.0.1 at 2024-05-31 20:24:29 +0300
Processing by WelcomeController#index as HTML
  Rendering layout layouts/application.html.erb
  Rendering welcome/index.html.erb within layouts/application
  Rendered welcome/index.html.erb within layouts/application (Duration: 0.2ms | Allocations: 7)
  Rendered application/_menubar.html.erb (Duration: 0.3ms | Allocations: 133)
  Rendered application/_footer.html.erb (Duration: 0.0ms | Allocations: 8)
  Rendered layout layouts/application.html.erb (Duration: 48.2ms | Allocations: 9052)
Completed 200 OK in 51ms (Views: 49.1ms | ActiveRecord: 0.0ms | Allocations: 9317)


Started GET "/" for 127.0.0.1 at 2024-05-31 20:24:37 +0300
Processing by WelcomeController#index as HTML
  Rendering layout layouts/application.html.erb
  Rendering welcome/index.html.erb within layouts/application
  Rendered welcome/index.html.erb within layouts/application (Duration: 0.2ms | Allocations: 7)
  Rendered application/_menubar.html.erb (Duration: 0.2ms | Allocations: 133)
  Rendered application/_footer.html.erb (Duration: 0.0ms | Allocations: 8)
  Rendered layout layouts/application.html.erb (Duration: 78.7ms | Allocations: 9070)
Completed 200 OK in 80ms (Views: 79.5ms | ActiveRecord: 0.0ms | Allocations: 9335)


Started GET "/" for 127.0.0.1 at 2024-05-31 20:24:48 +0300
Processing by WelcomeController#index as HTML
  Rendering layout layouts/application.html.erb
  Rendering welcome/index.html.erb within layouts/application
  Rendered welcome/index.html.erb within layouts/application (Duration: 0.2ms | Allocations: 7)
  Rendered application/_menubar.html.erb (Duration: 0.3ms | Allocations: 133)
  Rendered application/_footer.html.erb (Duration: 0.0ms | Allocations: 8)
  Rendered layout layouts/application.html.erb (Duration: 53.6ms | Allocations: 9059)
Completed 200 OK in 62ms (Views: 54.8ms | ActiveRecord: 0.0ms | Allocations: 9324)


Started GET "/" for 127.0.0.1 at 2024-05-31 20:26:16 +0300
Processing by WelcomeController#index as HTML
  Rendering layout layouts/application.html.erb
  Rendering welcome/index.html.erb within layouts/application
  Rendered welcome/index.html.erb within layouts/application (Duration: 0.1ms | Allocations: 7)
  Rendered application/_menubar.html.erb (Duration: 0.2ms | Allocations: 133)
  Rendered application/_footer.html.erb (Duration: 0.0ms | Allocations: 8)
  Rendered layout layouts/application.html.erb (Duration: 27.4ms | Allocations: 9050)
Completed 200 OK in 29ms (Views: 27.9ms | ActiveRecord: 0.0ms | Allocations: 9315)


Started GET "/" for 127.0.0.1 at 2024-05-31 21:09:46 +0300
Processing by WelcomeController#index as HTML
  Rendering layout layouts/application.html.erb
  Rendering welcome/index.html.erb within layouts/application
  Rendered welcome/index.html.erb within layouts/application (Duration: 1.6ms | Allocations: 7)
  Rendered application/_menubar.html.erb (Duration: 0.2ms | Allocations: 133)
  Rendered application/_footer.html.erb (Duration: 0.0ms | Allocations: 8)
  Rendered layout layouts/application.html.erb (Duration: 62.9ms | Allocations: 9045)
Completed 200 OK in 67ms (Views: 64.4ms | ActiveRecord: 0.0ms | Allocations: 9310)


Started GET "/" for 127.0.0.1 at 2024-05-31 21:11:32 +0300
Processing by WelcomeController#index as HTML
  Rendering layout layouts/application.html.erb
  Rendering welcome/index.html.erb within layouts/application
  Rendered welcome/index.html.erb within layouts/application (Duration: 0.2ms | Allocations: 7)
  Rendered application/_menubar.html.erb (Duration: 0.3ms | Allocations: 133)
  Rendered application/_footer.html.erb (Duration: 0.0ms | Allocations: 8)
  Rendered layout layouts/application.html.erb (Duration: 47.6ms | Allocations: 9053)
Completed 200 OK in 51ms (Views: 48.9ms | ActiveRecord: 0.0ms | Allocations: 9318)


Started GET "/" for 127.0.0.1 at 2024-05-31 21:12:03 +0300
Processing by WelcomeController#index as HTML
  Rendering layout layouts/application.html.erb
  Rendering welcome/index.html.erb within layouts/application
  Rendered welcome/index.html.erb within layouts/application (Duration: 0.2ms | Allocations: 7)
  Rendered application/_menubar.html.erb (Duration: 1.6ms | Allocations: 133)
  Rendered application/_footer.html.erb (Duration: 0.4ms | Allocations: 8)
  Rendered layout layouts/application.html.erb (Duration: 49.6ms | Allocations: 9090)
Completed 200 OK in 53ms (Views: 50.8ms | ActiveRecord: 0.0ms | Allocations: 9355)


Started GET "/" for 127.0.0.1 at 2024-05-31 21:13:29 +0300
Processing by WelcomeController#index as HTML
  Rendering layout layouts/application.html.erb
  Rendering welcome/index.html.erb within layouts/application
  Rendered welcome/index.html.erb within layouts/application (Duration: 0.1ms | Allocations: 7)
  Rendered application/_menubar.html.erb (Duration: 0.8ms | Allocations: 133)
  Rendered application/_footer.html.erb (Duration: 0.0ms | Allocations: 8)
  Rendered layout layouts/application.html.erb (Duration: 28.1ms | Allocations: 9040)
Completed 200 OK in 30ms (Views: 28.8ms | ActiveRecord: 0.0ms | Allocations: 9305)


Started GET "/" for 127.0.0.1 at 2024-05-31 21:14:13 +0300
Processing by WelcomeController#index as HTML
  Rendering layout layouts/application.html.erb
  Rendering welcome/index.html.erb within layouts/application
  Rendered welcome/index.html.erb within layouts/application (Duration: 0.7ms | Allocations: 7)
  Rendered application/_menubar.html.erb (Duration: 0.5ms | Allocations: 133)
  Rendered application/_footer.html.erb (Duration: 0.0ms | Allocations: 8)
  Rendered layout layouts/application.html.erb (Duration: 53.4ms | Allocations: 9055)
Completed 200 OK in 57ms (Views: 54.9ms | ActiveRecord: 0.0ms | Allocations: 9320)


Started GET "/" for 127.0.0.1 at 2024-05-31 21:14:46 +0300
Processing by WelcomeController#index as HTML
  Rendering layout layouts/application.html.erb
  Rendering welcome/index.html.erb within layouts/application
  Rendered welcome/index.html.erb within layouts/application (Duration: 0.4ms | Allocations: 7)
  Rendered application/_menubar.html.erb (Duration: 0.3ms | Allocations: 133)
  Rendered application/_footer.html.erb (Duration: 0.0ms | Allocations: 8)
  Rendered layout layouts/application.html.erb (Duration: 37.6ms | Allocations: 9083)
Completed 200 OK in 45ms (Views: 40.5ms | ActiveRecord: 0.0ms | Allocations: 9348)


Started GET "/" for 127.0.0.1 at 2024-05-31 21:14:52 +0300
Processing by WelcomeController#index as HTML
  Rendering layout layouts/application.html.erb
  Rendering welcome/index.html.erb within layouts/application
  Rendered welcome/index.html.erb within layouts/application (Duration: 0.1ms | Allocations: 7)
  Rendered application/_menubar.html.erb (Duration: 1.0ms | Allocations: 133)
  Rendered application/_footer.html.erb (Duration: 0.3ms | Allocations: 8)
  Rendered layout layouts/application.html.erb (Duration: 48.8ms | Allocations: 9064)
Completed 200 OK in 51ms (Views: 49.7ms | ActiveRecord: 0.0ms | Allocations: 9329)


Started GET "/" for 127.0.0.1 at 2024-06-01 10:53:44 +0300
Processing by WelcomeController#index as HTML
  Rendering layout layouts/application.html.erb
  Rendering welcome/index.html.erb within layouts/application
  Rendered welcome/index.html.erb within layouts/application (Duration: 1.4ms | Allocations: 7)
  Rendered application/_menubar.html.erb (Duration: 0.7ms | Allocations: 133)
  Rendered application/_footer.html.erb (Duration: 0.0ms | Allocations: 8)
  Rendered layout layouts/application.html.erb (Duration: 75.0ms | Allocations: 9051)
Completed 200 OK in 80ms (Views: 77.9ms | ActiveRecord: 0.0ms | Allocations: 9316)


Started GET "/" for 127.0.0.1 at 2024-06-01 19:40:03 +0300
Processing by WelcomeController#index as */*
  Rendering layout layouts/application.html.erb
  Rendering welcome/index.html.erb within layouts/application
  Rendered welcome/index.html.erb within layouts/application (Duration: 0.8ms | Allocations: 324)
  Rendered application/_menubar.html.erb (Duration: 0.5ms | Allocations: 410)
  Rendered application/_footer.html.erb (Duration: 0.3ms | Allocations: 108)
  Rendered layout layouts/application.html.erb (Duration: 105.4ms | Allocations: 54035)
Completed 200 OK in 115ms (Views: 107.0ms | ActiveRecord: 0.0ms | Allocations: 58087)


Started GET "/" for 127.0.0.1 at 2024-06-01 19:40:37 +0300
Processing by WelcomeController#index as HTML
  Rendering layout layouts/application.html.erb
  Rendering welcome/index.html.erb within layouts/application
  Rendered welcome/index.html.erb within layouts/application (Duration: 0.1ms | Allocations: 7)
  Rendered application/_menubar.html.erb (Duration: 0.2ms | Allocations: 133)
  Rendered application/_footer.html.erb (Duration: 0.0ms | Allocations: 8)
  Rendered layout layouts/application.html.erb (Duration: 31.8ms | Allocations: 9275)
Completed 200 OK in 33ms (Views: 32.2ms | ActiveRecord: 0.0ms | Allocations: 9545)


Started GET "/" for 127.0.0.1 at 2024-06-01 19:40:49 +0300
Processing by WelcomeController#index as HTML
  Rendering layout layouts/application.html.erb
  Rendering welcome/index.html.erb within layouts/application
  Rendered welcome/index.html.erb within layouts/application (Duration: 0.0ms | Allocations: 7)
  Rendered application/_menubar.html.erb (Duration: 0.2ms | Allocations: 133)
  Rendered application/_footer.html.erb (Duration: 0.0ms | Allocations: 8)
  Rendered layout layouts/application.html.erb (Duration: 26.2ms | Allocations: 8869)
Completed 200 OK in 27ms (Views: 26.6ms | ActiveRecord: 0.0ms | Allocations: 9134)


Started GET "/work" for 127.0.0.1 at 2024-06-01 19:43:53 +0300
Processing by WorkController#index as HTML
  Rendering layout layouts/application.html.erb
  Rendering work/index.html.erb within layouts/application
  Rendered work/index.html.erb within layouts/application (Duration: 0.8ms | Allocations: 110)
  Rendered application/_menubar.html.erb (Duration: 0.2ms | Allocations: 162)
  Rendered application/_footer.html.erb (Duration: 0.0ms | Allocations: 9)
  Rendered layout layouts/application.html.erb (Duration: 8.6ms | Allocations: 3629)
Completed 200 OK in 11ms (Views: 9.9ms | ActiveRecord: 0.0ms | Allocations: 4283)


Started GET "/offtop" for 127.0.0.1 at 2024-06-01 19:43:54 +0300
Processing by OfftopController#index as HTML
  Rendering layout layouts/application.html.erb
  Rendering offtop/index.html.erb within layouts/application
  Rendered offtop/index.html.erb within layouts/application (Duration: 0.9ms | Allocations: 107)
  Rendered application/_menubar.html.erb (Duration: 0.3ms | Allocations: 162)
  Rendered application/_footer.html.erb (Duration: 0.0ms | Allocations: 9)
  Rendered layout layouts/application.html.erb (Duration: 8.7ms | Allocations: 3597)
Completed 200 OK in 12ms (Views: 11.2ms | ActiveRecord: 0.0ms | Allocations: 4249)


Started GET "/" for 127.0.0.1 at 2024-06-01 19:45:10 +0300
Processing by WelcomeController#index as HTML
  Rendering layout layouts/application.html.erb
  Rendering welcome/index.html.erb within layouts/application
  Rendered welcome/index.html.erb within layouts/application (Duration: 0.1ms | Allocations: 7)
  Rendered application/_menubar.html.erb (Duration: 0.3ms | Allocations: 133)
  Rendered application/_footer.html.erb (Duration: 0.0ms | Allocations: 8)
  Rendered layout layouts/application.html.erb (Duration: 35.6ms | Allocations: 8858)
Completed 200 OK in 37ms (Views: 36.8ms | ActiveRecord: 0.0ms | Allocations: 9124)


Started GET "/" for 127.0.0.1 at 2024-06-01 19:45:23 +0300
Processing by WelcomeController#index as HTML
  Rendering layout layouts/application.html.erb
  Rendering welcome/index.html.erb within layouts/application
  Rendered welcome/index.html.erb within layouts/application (Duration: 0.1ms | Allocations: 7)
  Rendered application/_menubar.html.erb (Duration: 0.2ms | Allocations: 133)
  Rendered application/_footer.html.erb (Duration: 0.0ms | Allocations: 8)
  Rendered layout layouts/application.html.erb (Duration: 26.1ms | Allocations: 8873)
Completed 200 OK in 27ms (Views: 26.6ms | ActiveRecord: 0.0ms | Allocations: 9138)


Started GET "/" for 127.0.0.1 at 2024-06-01 19:45:33 +0300
Processing by WelcomeController#index as HTML
  Rendering layout layouts/application.html.erb
  Rendering welcome/index.html.erb within layouts/application
  Rendered welcome/index.html.erb within layouts/application (Duration: 0.2ms | Allocations: 7)
  Rendered application/_menubar.html.erb (Duration: 0.7ms | Allocations: 133)
  Rendered application/_footer.html.erb (Duration: 0.0ms | Allocations: 8)
  Rendered layout layouts/application.html.erb (Duration: 44.5ms | Allocations: 8848)
Completed 200 OK in 47ms (Views: 45.7ms | ActiveRecord: 0.0ms | Allocations: 9113)


Started GET "/" for 127.0.0.1 at 2024-06-01 19:45:38 +0300
Processing by WelcomeController#index as HTML
  Rendering layout layouts/application.html.erb
  Rendering welcome/index.html.erb within layouts/application
  Rendered welcome/index.html.erb within layouts/application (Duration: 0.2ms | Allocations: 7)
  Rendered application/_menubar.html.erb (Duration: 0.4ms | Allocations: 133)
  Rendered application/_footer.html.erb (Duration: 0.0ms | Allocations: 8)
  Rendered layout layouts/application.html.erb (Duration: 29.7ms | Allocations: 8857)
Completed 200 OK in 32ms (Views: 30.6ms | ActiveRecord: 0.0ms | Allocations: 9124)


Started GET "/" for 127.0.0.1 at 2024-06-01 19:46:03 +0300
Processing by WelcomeController#index as HTML
  Rendering layout layouts/application.html.erb
  Rendering welcome/index.html.erb within layouts/application
  Rendered welcome/index.html.erb within layouts/application (Duration: 0.1ms | Allocations: 7)
  Rendered application/_menubar.html.erb (Duration: 0.7ms | Allocations: 133)
  Rendered application/_footer.html.erb (Duration: 0.0ms | Allocations: 8)
  Rendered layout layouts/application.html.erb (Duration: 15.5ms | Allocations: 3438)
Completed 200 OK in 18ms (Views: 16.4ms | ActiveRecord: 0.0ms | Allocations: 3703)


Started GET "/" for 127.0.0.1 at 2024-06-01 19:47:56 +0300
Processing by WelcomeController#index as HTML
  Rendering layout layouts/application.html.erb
  Rendering welcome/index.html.erb within layouts/application
  Rendered welcome/index.html.erb within layouts/application (Duration: 2.2ms | Allocations: 7)
  Rendered application/_menubar.html.erb (Duration: 0.1ms | Allocations: 133)
  Rendered application/_footer.html.erb (Duration: 0.0ms | Allocations: 8)
  Rendered layout layouts/application.html.erb (Duration: 58.5ms | Allocations: 9079)
Completed 200 OK in 60ms (Views: 59.2ms | ActiveRecord: 0.0ms | Allocations: 9346)


Started GET "/" for 127.0.0.1 at 2024-06-01 19:51:10 +0300
Processing by WelcomeController#index as HTML
  Rendering layout layouts/application.html.erb
  Rendering welcome/index.html.erb within layouts/application
  Rendered welcome/index.html.erb within layouts/application (Duration: 0.3ms | Allocations: 7)
  Rendered application/_menubar.html.erb (Duration: 0.2ms | Allocations: 133)
  Rendered application/_footer.html.erb (Duration: 0.0ms | Allocations: 8)
  Rendered layout layouts/application.html.erb (Duration: 53.0ms | Allocations: 9065)
Completed 200 OK in 57ms (Views: 53.8ms | ActiveRecord: 0.0ms | Allocations: 9331)


Started GET "/" for 127.0.0.1 at 2024-06-01 19:51:28 +0300
Processing by WelcomeController#index as HTML
  Rendering layout layouts/application.html.erb
  Rendering welcome/index.html.erb within layouts/application
  Rendered welcome/index.html.erb within layouts/application (Duration: 0.1ms | Allocations: 7)
  Rendered application/_menubar.html.erb (Duration: 0.3ms | Allocations: 133)
  Rendered application/_footer.html.erb (Duration: 0.0ms | Allocations: 8)
  Rendered layout layouts/application.html.erb (Duration: 9.9ms | Allocations: 3375)
Completed 200 OK in 12ms (Views: 10.9ms | ActiveRecord: 0.0ms | Allocations: 3640)


Started GET "/" for 127.0.0.1 at 2024-06-01 19:51:47 +0300
Processing by WelcomeController#index as HTML
  Rendering layout layouts/application.html.erb
  Rendering welcome/index.html.erb within layouts/application
  Rendered welcome/index.html.erb within layouts/application (Duration: 0.1ms | Allocations: 7)
  Rendered application/_menubar.html.erb (Duration: 0.2ms | Allocations: 133)
  Rendered application/_footer.html.erb (Duration: 0.0ms | Allocations: 8)
  Rendered layout layouts/application.html.erb (Duration: 6.8ms | Allocations: 3396)
Completed 200 OK in 9ms (Views: 7.3ms | ActiveRecord: 0.0ms | Allocations: 3661)


Started GET "/" for 127.0.0.1 at 2024-06-01 19:52:05 +0300
Processing by WelcomeController#index as HTML
  Rendering layout layouts/application.html.erb
  Rendering welcome/index.html.erb within layouts/application
  Rendered welcome/index.html.erb within layouts/application (Duration: 0.1ms | Allocations: 7)
  Rendered application/_menubar.html.erb (Duration: 0.2ms | Allocations: 133)
  Rendered application/_footer.html.erb (Duration: 0.0ms | Allocations: 8)
  Rendered layout layouts/application.html.erb (Duration: 27.5ms | Allocations: 9038)
Completed 200 OK in 28ms (Views: 28.0ms | ActiveRecord: 0.0ms | Allocations: 9303)


Started GET "/" for 127.0.0.1 at 2024-06-01 19:52:32 +0300
Processing by WelcomeController#index as HTML
  Rendering layout layouts/application.html.erb
  Rendering welcome/index.html.erb within layouts/application
  Rendered welcome/index.html.erb within layouts/application (Duration: 0.2ms | Allocations: 7)
  Rendered application/_menubar.html.erb (Duration: 0.5ms | Allocations: 133)
  Rendered application/_footer.html.erb (Duration: 0.0ms | Allocations: 8)
  Rendered layout layouts/application.html.erb (Duration: 34.5ms | Allocations: 9041)
Completed 200 OK in 37ms (Views: 35.6ms | ActiveRecord: 0.0ms | Allocations: 9316)


Started GET "/" for 127.0.0.1 at 2024-06-01 19:52:44 +0300
Processing by WelcomeController#index as HTML
  Rendering layout layouts/application.html.erb
  Rendering welcome/index.html.erb within layouts/application
  Rendered welcome/index.html.erb within layouts/application (Duration: 0.1ms | Allocations: 7)
  Rendered application/_menubar.html.erb (Duration: 0.3ms | Allocations: 133)
  Rendered application/_footer.html.erb (Duration: 0.0ms | Allocations: 8)
  Rendered layout layouts/application.html.erb (Duration: 54.8ms | Allocations: 9042)
Completed 200 OK in 57ms (Views: 55.6ms | ActiveRecord: 0.0ms | Allocations: 9307)


Started GET "/" for 127.0.0.1 at 2024-06-01 19:52:50 +0300
Processing by WelcomeController#index as HTML
  Rendering layout layouts/application.html.erb
  Rendering welcome/index.html.erb within layouts/application
  Rendered welcome/index.html.erb within layouts/application (Duration: 0.2ms | Allocations: 7)
  Rendered application/_menubar.html.erb (Duration: 0.2ms | Allocations: 133)
  Rendered application/_footer.html.erb (Duration: 0.0ms | Allocations: 8)
  Rendered layout layouts/application.html.erb (Duration: 63.2ms | Allocations: 9045)
Completed 200 OK in 65ms (Views: 64.1ms | ActiveRecord: 0.0ms | Allocations: 9311)


Started GET "/" for 127.0.0.1 at 2024-06-01 19:53:58 +0300
Processing by WelcomeController#index as HTML
  Rendering layout layouts/application.html.erb
  Rendering welcome/index.html.erb within layouts/application
  Rendered welcome/index.html.erb within layouts/application (Duration: 0.1ms | Allocations: 7)
  Rendered application/_menubar.html.erb (Duration: 0.9ms | Allocations: 133)
  Rendered application/_footer.html.erb (Duration: 0.0ms | Allocations: 8)
  Rendered layout layouts/application.html.erb (Duration: 41.2ms | Allocations: 9038)
Completed 200 OK in 44ms (Views: 42.6ms | ActiveRecord: 0.0ms | Allocations: 9304)


Started GET "/" for 127.0.0.1 at 2024-06-01 20:06:54 +0300
Processing by WelcomeController#index as HTML
  Rendering layout layouts/application.html.erb
  Rendering welcome/index.html.erb within layouts/application
  Rendered welcome/index.html.erb within layouts/application (Duration: 2.2ms | Allocations: 134)
  Rendered application/_menubar.html.erb (Duration: 1.4ms | Allocations: 325)
  Rendered application/_footer.html.erb (Duration: 0.6ms | Allocations: 106)
  Rendered layout layouts/application.html.erb (Duration: 87.2ms | Allocations: 13350)
Completed 200 OK in 99ms (Views: 96.4ms | ActiveRecord: 0.0ms | Allocations: 14171)


Started GET "/" for 127.0.0.1 at 2024-06-01 20:07:05 +0300
Processing by WelcomeController#index as HTML
  Rendering layout layouts/application.html.erb
  Rendering welcome/index.html.erb within layouts/application
  Rendered welcome/index.html.erb within layouts/application (Duration: 0.2ms | Allocations: 7)
  Rendered application/_menubar.html.erb (Duration: 0.3ms | Allocations: 133)
  Rendered application/_footer.html.erb (Duration: 0.0ms | Allocations: 8)
  Rendered layout layouts/application.html.erb (Duration: 40.3ms | Allocations: 9874)
Completed 200 OK in 43ms (Views: 41.3ms | ActiveRecord: 0.0ms | Allocations: 10140)


Started GET "/" for 127.0.0.1 at 2024-06-01 20:07:21 +0300
Processing by WelcomeController#index as HTML
  Rendering layout layouts/application.html.erb
  Rendering welcome/index.html.erb within layouts/application
  Rendered welcome/index.html.erb within layouts/application (Duration: 0.1ms | Allocations: 7)
  Rendered application/_menubar.html.erb (Duration: 0.2ms | Allocations: 133)
  Rendered application/_footer.html.erb (Duration: 0.0ms | Allocations: 8)
  Rendered layout layouts/application.html.erb (Duration: 33.8ms | Allocations: 9875)
Completed 200 OK in 37ms (Views: 34.7ms | ActiveRecord: 0.0ms | Allocations: 10140)


Started GET "/" for 127.0.0.1 at 2024-06-01 20:07:27 +0300
Processing by WelcomeController#index as HTML
  Rendering layout layouts/application.html.erb
  Rendering welcome/index.html.erb within layouts/application
  Rendered welcome/index.html.erb within layouts/application (Duration: 0.2ms | Allocations: 7)
  Rendered application/_menubar.html.erb (Duration: 0.2ms | Allocations: 133)
  Rendered application/_footer.html.erb (Duration: 0.0ms | Allocations: 8)
  Rendered layout layouts/application.html.erb (Duration: 41.0ms | Allocations: 9981)
Completed 200 OK in 43ms (Views: 41.8ms | ActiveRecord: 0.0ms | Allocations: 10246)


Started GET "/" for 127.0.0.1 at 2024-06-01 20:07:34 +0300
Processing by WelcomeController#index as HTML
  Rendering layout layouts/application.html.erb
  Rendering welcome/index.html.erb within layouts/application
  Rendered welcome/index.html.erb within layouts/application (Duration: 0.1ms | Allocations: 7)
  Rendered application/_menubar.html.erb (Duration: 0.2ms | Allocations: 133)
  Rendered application/_footer.html.erb (Duration: 0.0ms | Allocations: 8)
  Rendered layout layouts/application.html.erb (Duration: 6.6ms | Allocations: 3551)
Completed 200 OK in 9ms (Views: 7.5ms | ActiveRecord: 0.0ms | Allocations: 3818)


Started GET "/" for 127.0.0.1 at 2024-06-01 20:08:07 +0300
Processing by WelcomeController#index as HTML
  Rendering layout layouts/application.html.erb
  Rendering welcome/index.html.erb within layouts/application
  Rendered welcome/index.html.erb within layouts/application (Duration: 0.2ms | Allocations: 7)
  Rendered application/_menubar.html.erb (Duration: 0.3ms | Allocations: 133)
  Rendered application/_footer.html.erb (Duration: 0.0ms | Allocations: 8)
  Rendered layout layouts/application.html.erb (Duration: 35.4ms | Allocations: 9891)
Completed 200 OK in 38ms (Views: 36.1ms | ActiveRecord: 0.0ms | Allocations: 10156)


Started GET "/" for 127.0.0.1 at 2024-06-01 20:08:15 +0300
Processing by WelcomeController#index as HTML
  Rendering layout layouts/application.html.erb
  Rendering welcome/index.html.erb within layouts/application
  Rendered welcome/index.html.erb within layouts/application (Duration: 0.1ms | Allocations: 7)
  Rendered application/_menubar.html.erb (Duration: 0.2ms | Allocations: 133)
  Rendered application/_footer.html.erb (Duration: 0.0ms | Allocations: 8)
  Rendered layout layouts/application.html.erb (Duration: 35.8ms | Allocations: 9909)
Completed 200 OK in 37ms (Views: 36.3ms | ActiveRecord: 0.0ms | Allocations: 10174)


Started GET "/" for 127.0.0.1 at 2024-06-01 20:12:03 +0300
Processing by WelcomeController#index as HTML
  Rendering layout layouts/application.html.erb
  Rendering welcome/index.html.erb within layouts/application
  Rendered welcome/index.html.erb within layouts/application (Duration: 0.8ms | Allocations: 139)
  Rendered application/_menubar.html.erb (Duration: 1.1ms | Allocations: 325)
  Rendered application/_footer.html.erb (Duration: 0.5ms | Allocations: 106)
  Rendered layout layouts/application.html.erb (Duration: 39.8ms | Allocations: 10791)
Completed 200 OK in 48ms (Views: 45.1ms | ActiveRecord: 0.0ms | Allocations: 11612)


Started GET "/" for 127.0.0.1 at 2024-06-01 20:12:08 +0300
Processing by WelcomeController#index as HTML
  Rendering layout layouts/application.html.erb
  Rendering welcome/index.html.erb within layouts/application
  Rendered welcome/index.html.erb within layouts/application (Duration: 0.2ms | Allocations: 7)
  Rendered application/_menubar.html.erb (Duration: 0.2ms | Allocations: 133)
  Rendered application/_footer.html.erb (Duration: 0.0ms | Allocations: 8)
  Rendered layout layouts/application.html.erb (Duration: 36.4ms | Allocations: 9913)
Completed 200 OK in 38ms (Views: 37.2ms | ActiveRecord: 0.0ms | Allocations: 10179)


Started GET "/" for 127.0.0.1 at 2024-06-01 20:12:12 +0300
Processing by WelcomeController#index as HTML
  Rendering layout layouts/application.html.erb
  Rendering welcome/index.html.erb within layouts/application
  Rendered welcome/index.html.erb within layouts/application (Duration: 0.0ms | Allocations: 7)
  Rendered application/_menubar.html.erb (Duration: 0.2ms | Allocations: 133)
  Rendered application/_footer.html.erb (Duration: 0.0ms | Allocations: 8)
  Rendered layout layouts/application.html.erb (Duration: 31.8ms | Allocations: 9923)
Completed 200 OK in 33ms (Views: 32.2ms | ActiveRecord: 0.0ms | Allocations: 10189)


Started GET "/" for 127.0.0.1 at 2024-06-01 20:12:17 +0300
Processing by WelcomeController#index as HTML
  Rendering layout layouts/application.html.erb
  Rendering welcome/index.html.erb within layouts/application
  Rendered welcome/index.html.erb within layouts/application (Duration: 0.2ms | Allocations: 7)
  Rendered application/_menubar.html.erb (Duration: 0.3ms | Allocations: 133)
  Rendered application/_footer.html.erb (Duration: 0.0ms | Allocations: 8)
  Rendered layout layouts/application.html.erb (Duration: 40.4ms | Allocations: 9927)
Completed 200 OK in 44ms (Views: 41.6ms | ActiveRecord: 0.0ms | Allocations: 10193)


Started GET "/" for 127.0.0.1 at 2024-06-01 20:12:23 +0300
Processing by WelcomeController#index as HTML
  Rendering layout layouts/application.html.erb
  Rendering welcome/index.html.erb within layouts/application
  Rendered welcome/index.html.erb within layouts/application (Duration: 0.2ms | Allocations: 7)
  Rendered application/_menubar.html.erb (Duration: 0.3ms | Allocations: 133)
  Rendered application/_footer.html.erb (Duration: 0.0ms | Allocations: 8)
  Rendered layout layouts/application.html.erb (Duration: 44.6ms | Allocations: 9900)
Completed 200 OK in 47ms (Views: 45.6ms | ActiveRecord: 0.0ms | Allocations: 10165)


Started GET "/" for 127.0.0.1 at 2024-06-01 20:13:15 +0300
Processing by WelcomeController#index as HTML
  Rendering layout layouts/application.html.erb
  Rendering welcome/index.html.erb within layouts/application
  Rendered welcome/index.html.erb within layouts/application (Duration: 0.2ms | Allocations: 7)
  Rendered application/_menubar.html.erb (Duration: 0.3ms | Allocations: 133)
  Rendered application/_footer.html.erb (Duration: 0.0ms | Allocations: 8)
  Rendered layout layouts/application.html.erb (Duration: 47.8ms | Allocations: 9901)
Completed 200 OK in 51ms (Views: 48.6ms | ActiveRecord: 0.0ms | Allocations: 10166)


Started GET "/" for 127.0.0.1 at 2024-06-01 20:13:16 +0300
Processing by WelcomeController#index as HTML
  Rendering layout layouts/application.html.erb
  Rendering welcome/index.html.erb within layouts/application
  Rendered welcome/index.html.erb within layouts/application (Duration: 0.1ms | Allocations: 7)
  Rendered application/_menubar.html.erb (Duration: 0.4ms | Allocations: 133)
  Rendered application/_footer.html.erb (Duration: 0.1ms | Allocations: 8)
  Rendered layout layouts/application.html.erb (Duration: 6.1ms | Allocations: 3489)
Completed 200 OK in 8ms (Views: 6.6ms | ActiveRecord: 0.0ms | Allocations: 3754)


Started GET "/" for 127.0.0.1 at 2024-06-01 20:13:30 +0300
Processing by WelcomeController#index as HTML
  Rendering layout layouts/application.html.erb
  Rendering welcome/index.html.erb within layouts/application
  Rendered welcome/index.html.erb within layouts/application (Duration: 0.3ms | Allocations: 7)
  Rendered application/_menubar.html.erb (Duration: 0.4ms | Allocations: 133)
  Rendered application/_footer.html.erb (Duration: 0.0ms | Allocations: 8)
  Rendered layout layouts/application.html.erb (Duration: 47.9ms | Allocations: 9883)
Completed 200 OK in 50ms (Views: 48.9ms | ActiveRecord: 0.0ms | Allocations: 10148)


Started GET "/" for 127.0.0.1 at 2024-06-01 20:13:52 +0300
Processing by WelcomeController#index as HTML
  Rendering layout layouts/application.html.erb
  Rendering welcome/index.html.erb within layouts/application
  Rendered welcome/index.html.erb within layouts/application (Duration: 0.1ms | Allocations: 7)
  Rendered application/_menubar.html.erb (Duration: 0.5ms | Allocations: 133)
  Rendered application/_footer.html.erb (Duration: 0.0ms | Allocations: 8)
  Rendered layout layouts/application.html.erb (Duration: 37.4ms | Allocations: 9911)
Completed 200 OK in 40ms (Views: 38.2ms | ActiveRecord: 0.0ms | Allocations: 10176)


Started GET "/" for 127.0.0.1 at 2024-06-01 20:14:18 +0300
Processing by WelcomeController#index as HTML
  Rendering layout layouts/application.html.erb
  Rendering welcome/index.html.erb within layouts/application
  Rendered welcome/index.html.erb within layouts/application (Duration: 0.3ms | Allocations: 7)
  Rendered application/_menubar.html.erb (Duration: 0.4ms | Allocations: 133)
  Rendered application/_footer.html.erb (Duration: 0.0ms | Allocations: 8)
  Rendered layout layouts/application.html.erb (Duration: 11.3ms | Allocations: 3568)
Completed 200 OK in 14ms (Views: 12.6ms | ActiveRecord: 0.0ms | Allocations: 3834)


Started GET "/" for 127.0.0.1 at 2024-06-01 20:15:09 +0300
Processing by WelcomeController#index as HTML
  Rendering layout layouts/application.html.erb
  Rendering welcome/index.html.erb within layouts/application
  Rendered welcome/index.html.erb within layouts/application (Duration: 0.1ms | Allocations: 7)
  Rendered application/_menubar.html.erb (Duration: 0.5ms | Allocations: 133)
  Rendered application/_footer.html.erb (Duration: 0.0ms | Allocations: 8)
  Rendered layout layouts/application.html.erb (Duration: 45.3ms | Allocations: 9898)
Completed 200 OK in 48ms (Views: 46.3ms | ActiveRecord: 0.0ms | Allocations: 10163)


Started GET "/" for 127.0.0.1 at 2024-06-01 20:15:35 +0300
Processing by WelcomeController#index as HTML
  Rendering layout layouts/application.html.erb
  Rendering welcome/index.html.erb within layouts/application
  Rendered welcome/index.html.erb within layouts/application (Duration: 0.3ms | Allocations: 7)
  Rendered application/_menubar.html.erb (Duration: 0.3ms | Allocations: 133)
  Rendered application/_footer.html.erb (Duration: 0.0ms | Allocations: 8)
  Rendered layout layouts/application.html.erb (Duration: 38.2ms | Allocations: 9891)
Completed 200 OK in 41ms (Views: 39.2ms | ActiveRecord: 0.0ms | Allocations: 10156)


Started GET "/" for 127.0.0.1 at 2024-06-01 20:15:50 +0300
Processing by WelcomeController#index as HTML
  Rendering layout layouts/application.html.erb
  Rendering welcome/index.html.erb within layouts/application
  Rendered welcome/index.html.erb within layouts/application (Duration: 0.1ms | Allocations: 7)
  Rendered application/_menubar.html.erb (Duration: 0.4ms | Allocations: 133)
  Rendered application/_footer.html.erb (Duration: 0.0ms | Allocations: 8)
  Rendered layout layouts/application.html.erb (Duration: 40.2ms | Allocations: 9927)
Completed 200 OK in 42ms (Views: 41.1ms | ActiveRecord: 0.0ms | Allocations: 10192)


Started GET "/" for 127.0.0.1 at 2024-06-01 20:15:55 +0300
Processing by WelcomeController#index as HTML
  Rendering layout layouts/application.html.erb
  Rendering welcome/index.html.erb within layouts/application
  Rendered welcome/index.html.erb within layouts/application (Duration: 0.2ms | Allocations: 7)
  Rendered application/_menubar.html.erb (Duration: 0.5ms | Allocations: 133)
  Rendered application/_footer.html.erb (Duration: 0.1ms | Allocations: 8)
  Rendered layout layouts/application.html.erb (Duration: 40.0ms | Allocations: 9894)
Completed 200 OK in 43ms (Views: 41.2ms | ActiveRecord: 0.0ms | Allocations: 10159)


Started GET "/" for 127.0.0.1 at 2024-06-01 20:16:38 +0300
Processing by WelcomeController#index as HTML
  Rendering layout layouts/application.html.erb
  Rendering welcome/index.html.erb within layouts/application
  Rendered welcome/index.html.erb within layouts/application (Duration: 0.8ms | Allocations: 136)
  Rendered application/_menubar.html.erb (Duration: 1.2ms | Allocations: 328)
  Rendered application/_footer.html.erb (Duration: 0.8ms | Allocations: 106)
  Rendered layout layouts/application.html.erb (Duration: 19.5ms | Allocations: 4417)
Completed 200 OK in 27ms (Views: 24.5ms | ActiveRecord: 0.0ms | Allocations: 5239)


Started GET "/" for 127.0.0.1 at 2024-06-01 20:16:55 +0300
Processing by WelcomeController#index as HTML
  Rendering layout layouts/application.html.erb
  Rendering welcome/index.html.erb within layouts/application
  Rendered welcome/index.html.erb within layouts/application (Duration: 0.2ms | Allocations: 7)
  Rendered application/_menubar.html.erb (Duration: 0.2ms | Allocations: 133)
  Rendered application/_footer.html.erb (Duration: 0.0ms | Allocations: 8)
  Rendered layout layouts/application.html.erb (Duration: 52.6ms | Allocations: 9914)
Completed 200 OK in 66ms (Views: 58.3ms | ActiveRecord: 0.0ms | Allocations: 10180)


Started GET "/" for 127.0.0.1 at 2024-06-01 20:18:28 +0300
Processing by WelcomeController#index as HTML
  Rendering layout layouts/application.html.erb
  Rendering welcome/index.html.erb within layouts/application
  Rendered welcome/index.html.erb within layouts/application (Duration: 1.0ms | Allocations: 135)
  Rendered application/_menubar.html.erb (Duration: 1.3ms | Allocations: 325)
  Rendered application/_footer.html.erb (Duration: 0.4ms | Allocations: 106)
  Rendered layout layouts/application.html.erb (Duration: 39.8ms | Allocations: 10801)
Completed 200 OK in 45ms (Views: 43.1ms | ActiveRecord: 0.0ms | Allocations: 11623)


Started GET "/" for 127.0.0.1 at 2024-06-01 20:33:05 +0300
Processing by WelcomeController#index as HTML
  Rendering layout layouts/application.html.erb
  Rendering welcome/index.html.erb within layouts/application
  Rendered welcome/index.html.erb within layouts/application (Duration: 1.1ms | Allocations: 137)
  Rendered application/_menubar.html.erb (Duration: 0.9ms | Allocations: 325)
  Rendered application/_footer.html.erb (Duration: 0.3ms | Allocations: 106)
  Rendered layout layouts/application.html.erb (Duration: 61.0ms | Allocations: 13090)
Completed 200 OK in 75ms (Views: 67.3ms | ActiveRecord: 0.0ms | Allocations: 13909)


Started GET "/" for 127.0.0.1 at 2024-06-01 20:33:19 +0300
Processing by WelcomeController#index as HTML
  Rendering layout layouts/application.html.erb
  Rendering welcome/index.html.erb within layouts/application
  Rendered welcome/index.html.erb within layouts/application (Duration: 0.1ms | Allocations: 7)
  Rendered application/_menubar.html.erb (Duration: 0.2ms | Allocations: 133)
  Rendered application/_footer.html.erb (Duration: 0.0ms | Allocations: 8)
  Rendered layout layouts/application.html.erb (Duration: 13.8ms | Allocations: 3517)
Completed 200 OK in 15ms (Views: 14.3ms | ActiveRecord: 0.0ms | Allocations: 3783)


Started GET "/" for 127.0.0.1 at 2024-06-01 20:33:22 +0300
Processing by WelcomeController#index as HTML
  Rendering layout layouts/application.html.erb
  Rendering welcome/index.html.erb within layouts/application
  Rendered welcome/index.html.erb within layouts/application (Duration: 0.0ms | Allocations: 7)
  Rendered application/_menubar.html.erb (Duration: 0.2ms | Allocations: 133)
  Rendered application/_footer.html.erb (Duration: 0.0ms | Allocations: 8)
  Rendered layout layouts/application.html.erb (Duration: 36.9ms | Allocations: 9955)
Completed 200 OK in 38ms (Views: 37.4ms | ActiveRecord: 0.0ms | Allocations: 10220)


Started GET "/" for 127.0.0.1 at 2024-06-01 20:33:30 +0300
Processing by WelcomeController#index as HTML
  Rendering layout layouts/application.html.erb
  Rendering welcome/index.html.erb within layouts/application
  Rendered welcome/index.html.erb within layouts/application (Duration: 0.2ms | Allocations: 7)
  Rendered application/_menubar.html.erb (Duration: 0.2ms | Allocations: 133)
  Rendered application/_footer.html.erb (Duration: 0.0ms | Allocations: 8)
  Rendered layout layouts/application.html.erb (Duration: 44.1ms | Allocations: 9936)
Completed 200 OK in 47ms (Views: 45.2ms | ActiveRecord: 0.0ms | Allocations: 10201)


Started GET "/" for 127.0.0.1 at 2024-06-01 20:33:31 +0300
Processing by WelcomeController#index as HTML
  Rendering layout layouts/application.html.erb
  Rendering welcome/index.html.erb within layouts/application
  Rendered welcome/index.html.erb within layouts/application (Duration: 0.0ms | Allocations: 7)
  Rendered application/_menubar.html.erb (Duration: 0.3ms | Allocations: 133)
  Rendered application/_footer.html.erb (Duration: 0.0ms | Allocations: 8)
  Rendered layout layouts/application.html.erb (Duration: 6.8ms | Allocations: 3516)
Completed 200 OK in 8ms (Views: 7.3ms | ActiveRecord: 0.0ms | Allocations: 3783)


Started GET "/" for 127.0.0.1 at 2024-06-01 20:34:00 +0300
Processing by WelcomeController#index as HTML
  Rendering layout layouts/application.html.erb
  Rendering welcome/index.html.erb within layouts/application
  Rendered welcome/index.html.erb within layouts/application (Duration: 0.0ms | Allocations: 7)
  Rendered application/_menubar.html.erb (Duration: 0.2ms | Allocations: 133)
  Rendered application/_footer.html.erb (Duration: 0.0ms | Allocations: 8)
  Rendered layout layouts/application.html.erb (Duration: 35.8ms | Allocations: 9919)
Completed 200 OK in 37ms (Views: 36.1ms | ActiveRecord: 0.0ms | Allocations: 10184)


Started GET "/" for 127.0.0.1 at 2024-06-01 20:34:01 +0300
Processing by WelcomeController#index as HTML
  Rendering layout layouts/application.html.erb
  Rendering welcome/index.html.erb within layouts/application
  Rendered welcome/index.html.erb within layouts/application (Duration: 0.1ms | Allocations: 7)
  Rendered application/_menubar.html.erb (Duration: 0.5ms | Allocations: 133)
  Rendered application/_footer.html.erb (Duration: 0.0ms | Allocations: 8)
  Rendered layout layouts/application.html.erb (Duration: 7.6ms | Allocations: 3499)
Completed 200 OK in 9ms (Views: 8.3ms | ActiveRecord: 0.0ms | Allocations: 3764)


Started GET "/" for 127.0.0.1 at 2024-06-01 20:34:27 +0300
Processing by WelcomeController#index as HTML
  Rendering layout layouts/application.html.erb
  Rendering welcome/index.html.erb within layouts/application
  Rendered welcome/index.html.erb within layouts/application (Duration: 0.0ms | Allocations: 7)
  Rendered application/_menubar.html.erb (Duration: 0.2ms | Allocations: 133)
  Rendered application/_footer.html.erb (Duration: 0.0ms | Allocations: 8)
  Rendered layout layouts/application.html.erb (Duration: 6.8ms | Allocations: 3506)
Completed 200 OK in 9ms (Views: 7.2ms | ActiveRecord: 0.0ms | Allocations: 3771)


Started GET "/" for 127.0.0.1 at 2024-06-01 20:34:58 +0300
Processing by WelcomeController#index as HTML
  Rendering layout layouts/application.html.erb
  Rendering welcome/index.html.erb within layouts/application
  Rendered welcome/index.html.erb within layouts/application (Duration: 3.5ms | Allocations: 142)
  Rendered application/_menubar.html.erb (Duration: 2.6ms | Allocations: 325)
  Rendered application/_footer.html.erb (Duration: 0.6ms | Allocations: 106)
  Rendered layout layouts/application.html.erb (Duration: 26.0ms | Allocations: 4410)
Completed 200 OK in 32ms (Views: 29.2ms | ActiveRecord: 0.0ms | Allocations: 5231)


Started GET "/" for 127.0.0.1 at 2024-06-01 20:37:44 +0300
Processing by WelcomeController#index as HTML
  Rendering layout layouts/application.html.erb
  Rendering welcome/index.html.erb within layouts/application
  Rendered welcome/index.html.erb within layouts/application (Duration: 0.8ms | Allocations: 137)
  Rendered application/_menubar.html.erb (Duration: 1.1ms | Allocations: 325)
  Rendered application/_footer.html.erb (Duration: 0.5ms | Allocations: 106)
  Rendered layout layouts/application.html.erb (Duration: 14.4ms | Allocations: 4465)
Completed 200 OK in 20ms (Views: 18.1ms | ActiveRecord: 0.0ms | Allocations: 5284)


Started GET "/" for 127.0.0.1 at 2024-06-01 20:41:34 +0300
Processing by WelcomeController#index as HTML
  Rendering layout layouts/application.html.erb
  Rendering welcome/index.html.erb within layouts/application
  Rendered welcome/index.html.erb within layouts/application (Duration: 0.1ms | Allocations: 7)
  Rendered application/_menubar.html.erb (Duration: 0.2ms | Allocations: 133)
  Rendered application/_footer.html.erb (Duration: 0.0ms | Allocations: 8)
  Rendered layout layouts/application.html.erb (Duration: 48.8ms | Allocations: 9935)
Completed 200 OK in 50ms (Views: 49.4ms | ActiveRecord: 0.0ms | Allocations: 10201)


Started GET "/" for 127.0.0.1 at 2024-06-01 20:41:57 +0300
Processing by WelcomeController#index as HTML
  Rendering layout layouts/application.html.erb
  Rendering welcome/index.html.erb within layouts/application
  Rendered welcome/index.html.erb within layouts/application (Duration: 0.2ms | Allocations: 7)
  Rendered application/_menubar.html.erb (Duration: 0.2ms | Allocations: 133)
  Rendered application/_footer.html.erb (Duration: 0.0ms | Allocations: 8)
  Rendered layout layouts/application.html.erb (Duration: 54.9ms | Allocations: 9903)
Completed 200 OK in 57ms (Views: 55.9ms | ActiveRecord: 0.0ms | Allocations: 10168)


Started GET "/" for 127.0.0.1 at 2024-06-01 20:42:08 +0300
Processing by WelcomeController#index as HTML
  Rendering layout layouts/application.html.erb
  Rendering welcome/index.html.erb within layouts/application
  Rendered welcome/index.html.erb within layouts/application (Duration: 0.1ms | Allocations: 7)
  Rendered application/_menubar.html.erb (Duration: 0.3ms | Allocations: 133)
  Rendered application/_footer.html.erb (Duration: 0.0ms | Allocations: 8)
  Rendered layout layouts/application.html.erb (Duration: 39.4ms | Allocations: 9918)
Completed 200 OK in 42ms (Views: 40.2ms | ActiveRecord: 0.0ms | Allocations: 10184)


Started GET "/" for 127.0.0.1 at 2024-06-01 20:42:17 +0300
Processing by WelcomeController#index as HTML
  Rendering layout layouts/application.html.erb
  Rendering welcome/index.html.erb within layouts/application
  Rendered welcome/index.html.erb within layouts/application (Duration: 0.1ms | Allocations: 7)
  Rendered application/_menubar.html.erb (Duration: 0.3ms | Allocations: 133)
  Rendered application/_footer.html.erb (Duration: 0.0ms | Allocations: 8)
  Rendered layout layouts/application.html.erb (Duration: 36.6ms | Allocations: 9913)
Completed 200 OK in 38ms (Views: 37.4ms | ActiveRecord: 0.0ms | Allocations: 10178)


Started GET "/" for 127.0.0.1 at 2024-06-01 20:42:29 +0300
Processing by WelcomeController#index as HTML
  Rendering layout layouts/application.html.erb
  Rendering welcome/index.html.erb within layouts/application
  Rendered welcome/index.html.erb within layouts/application (Duration: 0.1ms | Allocations: 7)
  Rendered application/_menubar.html.erb (Duration: 0.7ms | Allocations: 133)
  Rendered application/_footer.html.erb (Duration: 0.0ms | Allocations: 8)
  Rendered layout layouts/application.html.erb (Duration: 47.4ms | Allocations: 9918)
Completed 200 OK in 49ms (Views: 48.1ms | ActiveRecord: 0.0ms | Allocations: 10183)


Started GET "/" for 127.0.0.1 at 2024-06-01 20:42:33 +0300
Processing by WelcomeController#index as HTML
  Rendering layout layouts/application.html.erb
  Rendering welcome/index.html.erb within layouts/application
  Rendered welcome/index.html.erb within layouts/application (Duration: 0.2ms | Allocations: 7)
  Rendered application/_menubar.html.erb (Duration: 0.6ms | Allocations: 133)
  Rendered application/_footer.html.erb (Duration: 0.3ms | Allocations: 8)
  Rendered layout layouts/application.html.erb (Duration: 42.5ms | Allocations: 9915)
Completed 200 OK in 45ms (Views: 43.6ms | ActiveRecord: 0.0ms | Allocations: 10180)


Started GET "/" for 127.0.0.1 at 2024-06-01 20:42:59 +0300
Processing by WelcomeController#index as HTML
  Rendering layout layouts/application.html.erb
  Rendering welcome/index.html.erb within layouts/application
  Rendered welcome/index.html.erb within layouts/application (Duration: 0.1ms | Allocations: 7)
  Rendered application/_menubar.html.erb (Duration: 0.3ms | Allocations: 133)
  Rendered application/_footer.html.erb (Duration: 0.0ms | Allocations: 8)
  Rendered layout layouts/application.html.erb (Duration: 42.2ms | Allocations: 9929)
Completed 200 OK in 44ms (Views: 43.0ms | ActiveRecord: 0.0ms | Allocations: 10194)


Started GET "/" for 127.0.0.1 at 2024-06-01 20:43:15 +0300
Processing by WelcomeController#index as HTML
  Rendering layout layouts/application.html.erb
  Rendering welcome/index.html.erb within layouts/application
  Rendered welcome/index.html.erb within layouts/application (Duration: 0.1ms | Allocations: 7)
  Rendered application/_menubar.html.erb (Duration: 1.8ms | Allocations: 133)
  Rendered application/_footer.html.erb (Duration: 0.0ms | Allocations: 8)
  Rendered layout layouts/application.html.erb (Duration: 40.1ms | Allocations: 9950)
Completed 200 OK in 42ms (Views: 41.1ms | ActiveRecord: 0.0ms | Allocations: 10217)


Started GET "/" for 127.0.0.1 at 2024-06-01 20:44:37 +0300
Processing by WelcomeController#index as HTML
  Rendering layout layouts/application.html.erb
  Rendering welcome/index.html.erb within layouts/application
  Rendered welcome/index.html.erb within layouts/application (Duration: 0.1ms | Allocations: 7)
  Rendered application/_menubar.html.erb (Duration: 1.0ms | Allocations: 133)
  Rendered application/_footer.html.erb (Duration: 0.3ms | Allocations: 8)
  Rendered layout layouts/application.html.erb (Duration: 30.1ms | Allocations: 9926)
Completed 200 OK in 33ms (Views: 31.5ms | ActiveRecord: 0.0ms | Allocations: 10192)


Started GET "/" for 127.0.0.1 at 2024-06-01 20:45:47 +0300
Processing by WelcomeController#index as HTML
  Rendering layout layouts/application.html.erb
  Rendering welcome/index.html.erb within layouts/application
  Rendered welcome/index.html.erb within layouts/application (Duration: 0.2ms | Allocations: 7)
  Rendered application/_menubar.html.erb (Duration: 0.2ms | Allocations: 133)
  Rendered application/_footer.html.erb (Duration: 0.0ms | Allocations: 8)
  Rendered layout layouts/application.html.erb (Duration: 41.6ms | Allocations: 9917)
Completed 200 OK in 45ms (Views: 42.5ms | ActiveRecord: 0.0ms | Allocations: 10182)


Started GET "/" for 127.0.0.1 at 2024-06-01 20:45:49 +0300
Processing by WelcomeController#index as HTML
  Rendering layout layouts/application.html.erb
  Rendering welcome/index.html.erb within layouts/application
  Rendered welcome/index.html.erb within layouts/application (Duration: 0.0ms | Allocations: 7)
  Rendered application/_menubar.html.erb (Duration: 0.4ms | Allocations: 133)
  Rendered application/_footer.html.erb (Duration: 0.0ms | Allocations: 8)
  Rendered layout layouts/application.html.erb (Duration: 7.0ms | Allocations: 3529)
Completed 200 OK in 8ms (Views: 7.5ms | ActiveRecord: 0.0ms | Allocations: 3794)


Started GET "/" for 127.0.0.1 at 2024-06-01 20:45:58 +0300
Processing by WelcomeController#index as HTML
  Rendering layout layouts/application.html.erb
  Rendering welcome/index.html.erb within layouts/application
  Rendered welcome/index.html.erb within layouts/application (Duration: 0.1ms | Allocations: 7)
  Rendered application/_menubar.html.erb (Duration: 0.3ms | Allocations: 133)
  Rendered application/_footer.html.erb (Duration: 0.0ms | Allocations: 8)
  Rendered layout layouts/application.html.erb (Duration: 39.4ms | Allocations: 9937)
Completed 200 OK in 44ms (Views: 41.9ms | ActiveRecord: 0.0ms | Allocations: 10202)


Started GET "/" for 127.0.0.1 at 2024-06-01 20:46:06 +0300
Processing by WelcomeController#index as HTML
  Rendering layout layouts/application.html.erb
  Rendering welcome/index.html.erb within layouts/application
  Rendered welcome/index.html.erb within layouts/application (Duration: 0.3ms | Allocations: 7)
  Rendered application/_menubar.html.erb (Duration: 0.3ms | Allocations: 133)
  Rendered application/_footer.html.erb (Duration: 0.0ms | Allocations: 8)
  Rendered layout layouts/application.html.erb (Duration: 58.8ms | Allocations: 9928)
Completed 200 OK in 61ms (Views: 59.7ms | ActiveRecord: 0.0ms | Allocations: 10194)


Started GET "/" for 127.0.0.1 at 2024-06-02 14:40:18 +0300
Processing by WelcomeController#index as HTML
  Rendering layout layouts/application.html.erb
  Rendering welcome/index.html.erb within layouts/application
  Rendered welcome/index.html.erb within layouts/application (Duration: 0.6ms | Allocations: 7)
  Rendered application/_menubar.html.erb (Duration: 0.2ms | Allocations: 133)
  Rendered application/_footer.html.erb (Duration: 0.0ms | Allocations: 8)
  Rendered layout layouts/application.html.erb (Duration: 90.1ms | Allocations: 9943)
Completed 200 OK in 95ms (Views: 91.7ms | ActiveRecord: 0.0ms | Allocations: 10209)


Started GET "/" for 127.0.0.1 at 2024-06-02 14:40:30 +0300
Processing by WelcomeController#index as HTML
  Rendering layout layouts/application.html.erb
  Rendering welcome/index.html.erb within layouts/application
  Rendered welcome/index.html.erb within layouts/application (Duration: 0.1ms | Allocations: 7)
  Rendered application/_menubar.html.erb (Duration: 0.2ms | Allocations: 133)
  Rendered application/_footer.html.erb (Duration: 0.0ms | Allocations: 8)
  Rendered layout layouts/application.html.erb (Duration: 8.9ms | Allocations: 3536)
Completed 200 OK in 11ms (Views: 9.6ms | ActiveRecord: 0.0ms | Allocations: 3802)


Started GET "/" for 127.0.0.1 at 2024-06-02 14:40:32 +0300
Processing by WelcomeController#index as HTML
  Rendering layout layouts/application.html.erb
  Rendering welcome/index.html.erb within layouts/application
  Rendered welcome/index.html.erb within layouts/application (Duration: 0.1ms | Allocations: 7)
  Rendered application/_menubar.html.erb (Duration: 0.3ms | Allocations: 133)
  Rendered application/_footer.html.erb (Duration: 0.0ms | Allocations: 8)
  Rendered layout layouts/application.html.erb (Duration: 8.7ms | Allocations: 3499)
Completed 200 OK in 10ms (Views: 9.3ms | ActiveRecord: 0.0ms | Allocations: 3764)


Started GET "/" for 127.0.0.1 at 2024-06-02 14:40:59 +0300
Processing by WelcomeController#index as HTML
  Rendering layout layouts/application.html.erb
  Rendering welcome/index.html.erb within layouts/application
  Rendered welcome/index.html.erb within layouts/application (Duration: 0.2ms | Allocations: 7)
  Rendered application/_menubar.html.erb (Duration: 0.4ms | Allocations: 133)
  Rendered application/_footer.html.erb (Duration: 0.0ms | Allocations: 8)
  Rendered layout layouts/application.html.erb (Duration: 75.3ms | Allocations: 9928)
Completed 200 OK in 78ms (Views: 76.4ms | ActiveRecord: 0.0ms | Allocations: 10193)


Started GET "/" for 127.0.0.1 at 2024-06-02 14:41:01 +0300
Processing by WelcomeController#index as HTML
  Rendering layout layouts/application.html.erb
  Rendering welcome/index.html.erb within layouts/application
  Rendered welcome/index.html.erb within layouts/application (Duration: 0.1ms | Allocations: 7)
  Rendered application/_menubar.html.erb (Duration: 0.2ms | Allocations: 133)
  Rendered application/_footer.html.erb (Duration: 0.0ms | Allocations: 8)
  Rendered layout layouts/application.html.erb (Duration: 8.5ms | Allocations: 3514)
Completed 200 OK in 10ms (Views: 9.2ms | ActiveRecord: 0.0ms | Allocations: 3779)


Started GET "/" for 127.0.0.1 at 2024-06-02 14:41:05 +0300
Processing by WelcomeController#index as HTML
  Rendering layout layouts/application.html.erb
  Rendering welcome/index.html.erb within layouts/application
  Rendered welcome/index.html.erb within layouts/application (Duration: 0.1ms | Allocations: 7)
  Rendered application/_menubar.html.erb (Duration: 1.0ms | Allocations: 133)
  Rendered application/_footer.html.erb (Duration: 0.0ms | Allocations: 8)
  Rendered layout layouts/application.html.erb (Duration: 7.3ms | Allocations: 3508)
Completed 200 OK in 9ms (Views: 8.0ms | ActiveRecord: 0.0ms | Allocations: 3773)


Started GET "/" for 127.0.0.1 at 2024-06-02 14:45:10 +0300
Processing by WelcomeController#index as HTML
  Rendering layout layouts/application.html.erb
  Rendering welcome/index.html.erb within layouts/application
  Rendered welcome/index.html.erb within layouts/application (Duration: 0.1ms | Allocations: 7)
  Rendered application/_menubar.html.erb (Duration: 0.2ms | Allocations: 133)
  Rendered application/_footer.html.erb (Duration: 0.0ms | Allocations: 8)
  Rendered layout layouts/application.html.erb (Duration: 5.7ms | Allocations: 3508)
Completed 200 OK in 8ms (Views: 6.2ms | ActiveRecord: 0.0ms | Allocations: 3773)


Started GET "/" for 127.0.0.1 at 2024-06-02 14:45:20 +0300
Processing by WelcomeController#index as HTML
  Rendering layout layouts/application.html.erb
  Rendering welcome/index.html.erb within layouts/application
  Rendered welcome/index.html.erb within layouts/application (Duration: 0.1ms | Allocations: 7)
  Rendered application/_menubar.html.erb (Duration: 0.3ms | Allocations: 133)
  Rendered application/_footer.html.erb (Duration: 0.0ms | Allocations: 8)
  Rendered layout layouts/application.html.erb (Duration: 47.8ms | Allocations: 9938)
Completed 200 OK in 50ms (Views: 48.7ms | ActiveRecord: 0.0ms | Allocations: 10203)


Started GET "/" for 127.0.0.1 at 2024-06-02 14:45:58 +0300
Processing by WelcomeController#index as HTML
  Rendering layout layouts/application.html.erb
  Rendering welcome/index.html.erb within layouts/application
  Rendered welcome/index.html.erb within layouts/application (Duration: 0.2ms | Allocations: 7)
  Rendered application/_menubar.html.erb (Duration: 0.2ms | Allocations: 133)
  Rendered application/_footer.html.erb (Duration: 0.0ms | Allocations: 8)
  Rendered layout layouts/application.html.erb (Duration: 52.5ms | Allocations: 9970)
Completed 200 OK in 55ms (Views: 54.3ms | ActiveRecord: 0.0ms | Allocations: 10236)


Started GET "/" for 127.0.0.1 at 2024-06-02 14:46:07 +0300
Processing by WelcomeController#index as HTML
  Rendering layout layouts/application.html.erb
  Rendering welcome/index.html.erb within layouts/application
  Rendered welcome/index.html.erb within layouts/application (Duration: 0.1ms | Allocations: 7)
  Rendered application/_menubar.html.erb (Duration: 0.4ms | Allocations: 133)
  Rendered application/_footer.html.erb (Duration: 0.0ms | Allocations: 8)
  Rendered layout layouts/application.html.erb (Duration: 43.8ms | Allocations: 9940)
Completed 200 OK in 46ms (Views: 44.8ms | ActiveRecord: 0.0ms | Allocations: 10206)


Started GET "/" for 127.0.0.1 at 2024-06-02 14:46:18 +0300
Processing by WelcomeController#index as HTML
  Rendering layout layouts/application.html.erb
  Rendering welcome/index.html.erb within layouts/application
  Rendered welcome/index.html.erb within layouts/application (Duration: 0.2ms | Allocations: 7)
  Rendered application/_menubar.html.erb (Duration: 0.2ms | Allocations: 133)
  Rendered application/_footer.html.erb (Duration: 0.0ms | Allocations: 8)
  Rendered layout layouts/application.html.erb (Duration: 39.0ms | Allocations: 9932)
Completed 200 OK in 41ms (Views: 39.9ms | ActiveRecord: 0.0ms | Allocations: 10198)


Started GET "/" for 127.0.0.1 at 2024-06-02 14:46:19 +0300
Processing by WelcomeController#index as HTML
  Rendering layout layouts/application.html.erb
  Rendering welcome/index.html.erb within layouts/application
  Rendered welcome/index.html.erb within layouts/application (Duration: 0.0ms | Allocations: 7)
  Rendered application/_menubar.html.erb (Duration: 0.2ms | Allocations: 133)
  Rendered application/_footer.html.erb (Duration: 0.0ms | Allocations: 8)
  Rendered layout layouts/application.html.erb (Duration: 5.7ms | Allocations: 3533)
Completed 200 OK in 7ms (Views: 6.1ms | ActiveRecord: 0.0ms | Allocations: 3798)


Started GET "/" for 127.0.0.1 at 2024-06-02 14:46:32 +0300
Processing by WelcomeController#index as HTML
  Rendering layout layouts/application.html.erb
  Rendering welcome/index.html.erb within layouts/application
  Rendered welcome/index.html.erb within layouts/application (Duration: 0.2ms | Allocations: 7)
  Rendered application/_menubar.html.erb (Duration: 0.3ms | Allocations: 133)
  Rendered application/_footer.html.erb (Duration: 0.0ms | Allocations: 8)
  Rendered layout layouts/application.html.erb (Duration: 42.6ms | Allocations: 9929)
Completed 200 OK in 45ms (Views: 43.7ms | ActiveRecord: 0.0ms | Allocations: 10194)


Started GET "/" for 127.0.0.1 at 2024-06-02 14:48:01 +0300
Processing by WelcomeController#index as HTML
  Rendering layout layouts/application.html.erb
  Rendering welcome/index.html.erb within layouts/application
  Rendered welcome/index.html.erb within layouts/application (Duration: 2.7ms | Allocations: 142)
  Rendered application/_menubar.html.erb (Duration: 1.1ms | Allocations: 325)
  Rendered application/_footer.html.erb (Duration: 0.6ms | Allocations: 106)
  Rendered layout layouts/application.html.erb (Duration: 14.3ms | Allocations: 4434)
Completed 200 OK in 27ms (Views: 22.9ms | ActiveRecord: 0.0ms | Allocations: 5255)


Started GET "/" for 127.0.0.1 at 2024-06-02 14:48:11 +0300
Processing by WelcomeController#index as HTML
  Rendering layout layouts/application.html.erb
  Rendering welcome/index.html.erb within layouts/application
  Rendered welcome/index.html.erb within layouts/application (Duration: 0.3ms | Allocations: 7)
  Rendered application/_menubar.html.erb (Duration: 0.3ms | Allocations: 133)
  Rendered application/_footer.html.erb (Duration: 0.0ms | Allocations: 8)
  Rendered layout layouts/application.html.erb (Duration: 62.6ms | Allocations: 9929)
Completed 200 OK in 65ms (Views: 63.9ms | ActiveRecord: 0.0ms | Allocations: 10195)


Started GET "/" for 127.0.0.1 at 2024-06-02 14:48:26 +0300
Processing by WelcomeController#index as HTML
  Rendering layout layouts/application.html.erb
  Rendering welcome/index.html.erb within layouts/application
  Rendered welcome/index.html.erb within layouts/application (Duration: 0.2ms | Allocations: 7)
  Rendered application/_menubar.html.erb (Duration: 0.3ms | Allocations: 133)
  Rendered application/_footer.html.erb (Duration: 0.0ms | Allocations: 8)
  Rendered layout layouts/application.html.erb (Duration: 38.9ms | Allocations: 9937)
Completed 200 OK in 44ms (Views: 40.8ms | ActiveRecord: 0.0ms | Allocations: 10203)


Started GET "/" for 127.0.0.1 at 2024-06-02 14:48:33 +0300
Processing by WelcomeController#index as HTML
  Rendering layout layouts/application.html.erb
  Rendering welcome/index.html.erb within layouts/application
  Rendered welcome/index.html.erb within layouts/application (Duration: 0.2ms | Allocations: 7)
  Rendered application/_menubar.html.erb (Duration: 0.3ms | Allocations: 133)
  Rendered application/_footer.html.erb (Duration: 0.0ms | Allocations: 8)
  Rendered layout layouts/application.html.erb (Duration: 41.1ms | Allocations: 9929)
Completed 200 OK in 44ms (Views: 42.2ms | ActiveRecord: 0.0ms | Allocations: 10195)


Started GET "/" for 127.0.0.1 at 2024-06-02 14:48:39 +0300
Processing by WelcomeController#index as HTML
  Rendering layout layouts/application.html.erb
  Rendering welcome/index.html.erb within layouts/application
  Rendered welcome/index.html.erb within layouts/application (Duration: 0.2ms | Allocations: 7)
  Rendered application/_menubar.html.erb (Duration: 0.2ms | Allocations: 133)
  Rendered application/_footer.html.erb (Duration: 0.0ms | Allocations: 8)
  Rendered layout layouts/application.html.erb (Duration: 43.0ms | Allocations: 9928)
Completed 200 OK in 45ms (Views: 44.0ms | ActiveRecord: 0.0ms | Allocations: 10193)


Started GET "/" for 127.0.0.1 at 2024-06-02 14:49:12 +0300
Processing by WelcomeController#index as HTML
  Rendering layout layouts/application.html.erb
  Rendering welcome/index.html.erb within layouts/application
  Rendered welcome/index.html.erb within layouts/application (Duration: 0.3ms | Allocations: 7)
  Rendered application/_menubar.html.erb (Duration: 0.5ms | Allocations: 133)
  Rendered application/_footer.html.erb (Duration: 0.0ms | Allocations: 8)
  Rendered layout layouts/application.html.erb (Duration: 25.0ms | Allocations: 3852)
Completed 200 OK in 27ms (Views: 25.9ms | ActiveRecord: 0.0ms | Allocations: 4117)


Started GET "/" for 127.0.0.1 at 2024-06-02 14:49:37 +0300
Processing by WelcomeController#index as HTML
  Rendering layout layouts/application.html.erb
  Rendering welcome/index.html.erb within layouts/application
  Rendered welcome/index.html.erb within layouts/application (Duration: 1.4ms | Allocations: 139)
  Rendered application/_menubar.html.erb (Duration: 0.9ms | Allocations: 325)
  Rendered application/_footer.html.erb (Duration: 0.4ms | Allocations: 106)
  Rendered layout layouts/application.html.erb (Duration: 11.3ms | Allocations: 3941)
Completed 200 OK in 20ms (Views: 17.4ms | ActiveRecord: 0.0ms | Allocations: 4762)


Started GET "/work" for 127.0.0.1 at 2024-06-02 14:49:41 +0300
Processing by WorkController#index as HTML
  Rendering layout layouts/application.html.erb
  Rendering work/index.html.erb within layouts/application
  Rendered work/index.html.erb within layouts/application (Duration: 1.3ms | Allocations: 105)
  Rendered application/_menubar.html.erb (Duration: 0.3ms | Allocations: 156)
  Rendered application/_footer.html.erb (Duration: 0.0ms | Allocations: 9)
  Rendered layout layouts/application.html.erb (Duration: 8.3ms | Allocations: 3271)
Completed 200 OK in 14ms (Views: 12.3ms | ActiveRecord: 0.0ms | Allocations: 3841)


Started GET "/offtop" for 127.0.0.1 at 2024-06-02 14:49:42 +0300
Processing by OfftopController#index as HTML
  Rendering layout layouts/application.html.erb
  Rendering offtop/index.html.erb within layouts/application
  Rendered offtop/index.html.erb within layouts/application (Duration: 0.9ms | Allocations: 105)
  Rendered application/_menubar.html.erb (Duration: 0.4ms | Allocations: 156)
  Rendered application/_footer.html.erb (Duration: 0.0ms | Allocations: 9)
  Rendered layout layouts/application.html.erb (Duration: 7.6ms | Allocations: 3265)
Completed 200 OK in 12ms (Views: 10.5ms | ActiveRecord: 0.0ms | Allocations: 3835)


Started GET "/" for 127.0.0.1 at 2024-06-02 14:50:36 +0300
Processing by WelcomeController#index as HTML
  Rendering layout layouts/application.html.erb
  Rendering welcome/index.html.erb within layouts/application
  Rendered welcome/index.html.erb within layouts/application (Duration: 0.1ms | Allocations: 7)
  Rendered application/_menubar.html.erb (Duration: 0.1ms | Allocations: 133)
  Rendered application/_footer.html.erb (Duration: 0.0ms | Allocations: 8)
  Rendered layout layouts/application.html.erb (Duration: 43.0ms | Allocations: 10875)
Completed 200 OK in 45ms (Views: 43.7ms | ActiveRecord: 0.0ms | Allocations: 11142)


Started GET "/A_Offtop.jpeg" for 127.0.0.1 at 2024-06-02 14:50:36 +0300
  
ActionController::RoutingError (No route matches [GET] "/A_Offtop.jpeg"):
  
Started GET "/" for 127.0.0.1 at 2024-06-02 14:50:37 +0300
Processing by WelcomeController#index as HTML
  Rendering layout layouts/application.html.erb
  Rendering welcome/index.html.erb within layouts/application
  Rendered welcome/index.html.erb within layouts/application (Duration: 0.0ms | Allocations: 7)
  Rendered application/_menubar.html.erb (Duration: 0.1ms | Allocations: 133)
  Rendered application/_footer.html.erb (Duration: 0.0ms | Allocations: 8)
  Rendered layout layouts/application.html.erb (Duration: 2.2ms | Allocations: 3077)
Completed 200 OK in 3ms (Views: 2.4ms | ActiveRecord: 0.0ms | Allocations: 3345)


Started GET "/A_Offtop.jpeg" for 127.0.0.1 at 2024-06-02 14:50:37 +0300
  
ActionController::RoutingError (No route matches [GET] "/A_Offtop.jpeg"):
  
Started GET "/" for 127.0.0.1 at 2024-06-02 14:50:38 +0300
Processing by WelcomeController#index as HTML
  Rendering layout layouts/application.html.erb
  Rendering welcome/index.html.erb within layouts/application
  Rendered welcome/index.html.erb within layouts/application (Duration: 0.0ms | Allocations: 7)
  Rendered application/_menubar.html.erb (Duration: 0.3ms | Allocations: 133)
  Rendered application/_footer.html.erb (Duration: 0.0ms | Allocations: 8)
  Rendered layout layouts/application.html.erb (Duration: 9.1ms | Allocations: 3068)
Completed 200 OK in 11ms (Views: 9.6ms | ActiveRecord: 0.0ms | Allocations: 3335)


Started GET "/" for 127.0.0.1 at 2024-06-02 14:50:48 +0300
Processing by WelcomeController#index as HTML
  Rendering layout layouts/application.html.erb
  Rendering welcome/index.html.erb within layouts/application
  Rendered welcome/index.html.erb within layouts/application (Duration: 0.2ms | Allocations: 7)
  Rendered application/_menubar.html.erb (Duration: 0.2ms | Allocations: 133)
  Rendered application/_footer.html.erb (Duration: 0.0ms | Allocations: 8)
  Rendered layout layouts/application.html.erb (Duration: 47.3ms | Allocations: 10519)
Completed 200 OK in 50ms (Views: 48.3ms | ActiveRecord: 0.0ms | Allocations: 10785)


Started GET "/" for 127.0.0.1 at 2024-06-02 14:52:14 +0300
Processing by WelcomeController#index as HTML
  Rendering layout layouts/application.html.erb
  Rendering welcome/index.html.erb within layouts/application
  Rendered welcome/index.html.erb within layouts/application (Duration: 0.2ms | Allocations: 7)
  Rendered application/_menubar.html.erb (Duration: 0.2ms | Allocations: 133)
  Rendered application/_footer.html.erb (Duration: 0.0ms | Allocations: 8)
  Rendered layout layouts/application.html.erb (Duration: 44.5ms | Allocations: 10206)
Completed 200 OK in 47ms (Views: 45.5ms | ActiveRecord: 0.0ms | Allocations: 10471)


Started GET "/" for 127.0.0.1 at 2024-06-02 14:52:19 +0300
Processing by WelcomeController#index as HTML
  Rendering layout layouts/application.html.erb
  Rendering welcome/index.html.erb within layouts/application
  Rendered welcome/index.html.erb within layouts/application (Duration: 0.2ms | Allocations: 7)
  Rendered application/_menubar.html.erb (Duration: 0.4ms | Allocations: 133)
  Rendered application/_footer.html.erb (Duration: 0.0ms | Allocations: 8)
  Rendered layout layouts/application.html.erb (Duration: 52.6ms | Allocations: 10249)
Completed 200 OK in 55ms (Views: 53.7ms | ActiveRecord: 0.0ms | Allocations: 10514)


Started GET "/" for 127.0.0.1 at 2024-06-02 14:52:23 +0300
Processing by WelcomeController#index as HTML
  Rendering layout layouts/application.html.erb
  Rendering welcome/index.html.erb within layouts/application
  Rendered welcome/index.html.erb within layouts/application (Duration: 0.1ms | Allocations: 7)
  Rendered application/_menubar.html.erb (Duration: 0.3ms | Allocations: 133)
  Rendered application/_footer.html.erb (Duration: 0.0ms | Allocations: 8)
  Rendered layout layouts/application.html.erb (Duration: 55.4ms | Allocations: 10278)
Completed 200 OK in 57ms (Views: 56.4ms | ActiveRecord: 0.0ms | Allocations: 10543)


Started GET "/" for 127.0.0.1 at 2024-06-02 14:53:09 +0300
Processing by WelcomeController#index as HTML
  Rendering layout layouts/application.html.erb
  Rendering welcome/index.html.erb within layouts/application
  Rendered welcome/index.html.erb within layouts/application (Duration: 1.5ms | Allocations: 234)
  Rendered application/_menubar.html.erb (Duration: 1.3ms | Allocations: 302)
  Rendered application/_footer.html.erb (Duration: 0.5ms | Allocations: 106)
  Rendered layout layouts/application.html.erb (Duration: 28.6ms | Allocations: 4143)
Completed 200 OK in 36ms (Views: 33.7ms | ActiveRecord: 0.0ms | Allocations: 4964)


Started GET "/" for 127.0.0.1 at 2024-06-02 14:53:26 +0300
Processing by WelcomeController#index as HTML
  Rendering layout layouts/application.html.erb
  Rendering welcome/index.html.erb within layouts/application
  Rendered welcome/index.html.erb within layouts/application (Duration: 1.5ms | Allocations: 227)
  Rendered application/_menubar.html.erb (Duration: 1.1ms | Allocations: 302)
  Rendered application/_footer.html.erb (Duration: 0.5ms | Allocations: 106)
  Rendered layout layouts/application.html.erb (Duration: 11.7ms | Allocations: 4133)
Completed 200 OK in 18ms (Views: 15.4ms | ActiveRecord: 0.0ms | Allocations: 4953)


Started GET "/offtop" for 127.0.0.1 at 2024-06-02 14:53:26 +0300
Processing by OfftopController#index as HTML
  Rendering layout layouts/application.html.erb
  Rendering offtop/index.html.erb within layouts/application
  Rendered offtop/index.html.erb within layouts/application (Duration: 0.7ms | Allocations: 108)
  Rendered application/_menubar.html.erb (Duration: 0.3ms | Allocations: 156)
  Rendered application/_footer.html.erb (Duration: 0.0ms | Allocations: 9)
  Rendered layout layouts/application.html.erb (Duration: 7.4ms | Allocations: 3398)
Completed 200 OK in 11ms (Views: 9.0ms | ActiveRecord: 0.0ms | Allocations: 3971)


Started GET "/offtop" for 127.0.0.1 at 2024-06-02 14:53:28 +0300
Processing by OfftopController#index as HTML
  Rendering layout layouts/application.html.erb
  Rendering offtop/index.html.erb within layouts/application
  Rendered offtop/index.html.erb within layouts/application (Duration: 0.0ms | Allocations: 7)
  Rendered application/_menubar.html.erb (Duration: 0.2ms | Allocations: 133)
  Rendered application/_footer.html.erb (Duration: 0.0ms | Allocations: 8)
  Rendered layout layouts/application.html.erb (Duration: 5.9ms | Allocations: 3195)
Completed 200 OK in 7ms (Views: 6.3ms | ActiveRecord: 0.0ms | Allocations: 3465)


Started GET "/" for 127.0.0.1 at 2024-06-02 14:53:29 +0300
Processing by WelcomeController#index as HTML
  Rendering layout layouts/application.html.erb
  Rendering welcome/index.html.erb within layouts/application
  Rendered welcome/index.html.erb within layouts/application (Duration: 0.3ms | Allocations: 55)
  Rendered application/_menubar.html.erb (Duration: 0.2ms | Allocations: 124)
  Rendered application/_footer.html.erb (Duration: 0.0ms | Allocations: 8)
  Rendered layout layouts/application.html.erb (Duration: 6.3ms | Allocations: 3225)
Completed 200 OK in 8ms (Views: 6.9ms | ActiveRecord: 0.0ms | Allocations: 3494)


Started GET "/offtop" for 127.0.0.1 at 2024-06-02 14:53:31 +0300
Processing by OfftopController#index as HTML
  Rendering layout layouts/application.html.erb
  Rendering offtop/index.html.erb within layouts/application
  Rendered offtop/index.html.erb within layouts/application (Duration: 0.1ms | Allocations: 7)
  Rendered application/_menubar.html.erb (Duration: 0.3ms | Allocations: 133)
  Rendered application/_footer.html.erb (Duration: 0.0ms | Allocations: 8)
  Rendered layout layouts/application.html.erb (Duration: 6.5ms | Allocations: 3185)
Completed 200 OK in 8ms (Views: 7.3ms | ActiveRecord: 0.0ms | Allocations: 3452)


Started GET "/" for 127.0.0.1 at 2024-06-02 14:53:45 +0300
Processing by WelcomeController#index as HTML
  Rendering layout layouts/application.html.erb
  Rendering welcome/index.html.erb within layouts/application
  Rendered welcome/index.html.erb within layouts/application (Duration: 0.8ms | Allocations: 55)
  Rendered application/_menubar.html.erb (Duration: 0.1ms | Allocations: 124)
  Rendered application/_footer.html.erb (Duration: 0.0ms | Allocations: 8)
  Rendered layout layouts/application.html.erb (Duration: 47.7ms | Allocations: 10312)
Completed 200 OK in 50ms (Views: 48.6ms | ActiveRecord: 0.0ms | Allocations: 10577)


Started GET "/offtop" for 127.0.0.1 at 2024-06-02 14:53:48 +0300
Processing by OfftopController#index as HTML
  Rendering layout layouts/application.html.erb
  Rendering offtop/index.html.erb within layouts/application
  Rendered offtop/index.html.erb within layouts/application (Duration: 0.0ms | Allocations: 7)
  Rendered application/_menubar.html.erb (Duration: 1.1ms | Allocations: 133)
  Rendered application/_footer.html.erb (Duration: 0.0ms | Allocations: 8)
  Rendered layout layouts/application.html.erb (Duration: 6.1ms | Allocations: 3197)
Completed 200 OK in 8ms (Views: 7.4ms | ActiveRecord: 0.0ms | Allocations: 3464)


Started GET "/offtop" for 127.0.0.1 at 2024-06-02 14:53:50 +0300
Processing by OfftopController#index as HTML
  Rendering layout layouts/application.html.erb
  Rendering offtop/index.html.erb within layouts/application
  Rendered offtop/index.html.erb within layouts/application (Duration: 0.1ms | Allocations: 7)
  Rendered application/_menubar.html.erb (Duration: 0.4ms | Allocations: 133)
  Rendered application/_footer.html.erb (Duration: 0.0ms | Allocations: 8)
  Rendered layout layouts/application.html.erb (Duration: 7.0ms | Allocations: 3188)
Completed 200 OK in 8ms (Views: 7.7ms | ActiveRecord: 0.0ms | Allocations: 3455)


Started GET "/offtop" for 127.0.0.1 at 2024-06-02 14:53:52 +0300
Processing by OfftopController#index as HTML
  Rendering layout layouts/application.html.erb
  Rendering offtop/index.html.erb within layouts/application
  Rendered offtop/index.html.erb within layouts/application (Duration: 0.1ms | Allocations: 7)
  Rendered application/_menubar.html.erb (Duration: 0.5ms | Allocations: 133)
  Rendered application/_footer.html.erb (Duration: 0.0ms | Allocations: 8)
  Rendered layout layouts/application.html.erb (Duration: 9.0ms | Allocations: 3191)
Completed 200 OK in 11ms (Views: 9.9ms | ActiveRecord: 0.0ms | Allocations: 3458)


Started GET "/" for 127.0.0.1 at 2024-06-02 14:54:05 +0300
Processing by WelcomeController#index as HTML
  Rendering layout layouts/application.html.erb
  Rendering welcome/index.html.erb within layouts/application
  Rendered welcome/index.html.erb within layouts/application (Duration: 1.6ms | Allocations: 229)
  Rendered application/_menubar.html.erb (Duration: 0.7ms | Allocations: 302)
  Rendered application/_footer.html.erb (Duration: 0.3ms | Allocations: 106)
  Rendered layout layouts/application.html.erb (Duration: 7.9ms | Allocations: 4126)
Completed 200 OK in 13ms (Views: 10.9ms | ActiveRecord: 0.0ms | Allocations: 4947)


Started GET "/" for 127.0.0.1 at 2024-06-02 14:54:45 +0300
Processing by WelcomeController#index as HTML
  Rendering layout layouts/application.html.erb
  Rendering welcome/index.html.erb within layouts/application
  Rendered welcome/index.html.erb within layouts/application (Duration: 0.9ms | Allocations: 56)
  Rendered application/_menubar.html.erb (Duration: 0.2ms | Allocations: 124)
  Rendered application/_footer.html.erb (Duration: 0.0ms | Allocations: 8)
  Rendered layout layouts/application.html.erb (Duration: 52.1ms | Allocations: 10324)
Completed 200 OK in 69ms (Views: 61.5ms | ActiveRecord: 0.0ms | Allocations: 10590)


Started GET "/offtop" for 127.0.0.1 at 2024-06-02 14:54:49 +0300
Processing by OfftopController#index as HTML
  Rendering layout layouts/application.html.erb
  Rendering offtop/index.html.erb within layouts/application
  Rendered offtop/index.html.erb within layouts/application (Duration: 1.1ms | Allocations: 105)
  Rendered application/_menubar.html.erb (Duration: 0.3ms | Allocations: 156)
  Rendered application/_footer.html.erb (Duration: 0.0ms | Allocations: 9)
  Rendered layout layouts/application.html.erb (Duration: 6.6ms | Allocations: 3378)
Completed 200 OK in 18ms (Views: 17.2ms | ActiveRecord: 0.0ms | Allocations: 3949)


Started GET "/" for 127.0.0.1 at 2024-06-02 14:55:49 +0300
Processing by WelcomeController#index as HTML
  Rendering layout layouts/application.html.erb
  Rendering welcome/index.html.erb within layouts/application
  Rendered welcome/index.html.erb within layouts/application (Duration: 1.6ms | Allocations: 216)
  Rendered application/_menubar.html.erb (Duration: 0.6ms | Allocations: 307)
  Rendered application/_footer.html.erb (Duration: 0.3ms | Allocations: 106)
  Rendered layout layouts/application.html.erb (Duration: 55.0ms | Allocations: 11212)
Completed 200 OK in 59ms (Views: 57.1ms | ActiveRecord: 0.0ms | Allocations: 12031)


Started GET "/offtop" for 127.0.0.1 at 2024-06-02 14:55:51 +0300
Processing by OfftopController#index as HTML
  Rendering layout layouts/application.html.erb
  Rendering offtop/index.html.erb within layouts/application
  Rendered offtop/index.html.erb within layouts/application (Duration: 0.7ms | Allocations: 106)
  Rendered application/_menubar.html.erb (Duration: 0.4ms | Allocations: 156)
  Rendered application/_footer.html.erb (Duration: 0.0ms | Allocations: 9)
  Rendered layout layouts/application.html.erb (Duration: 14.4ms | Allocations: 3385)
Completed 200 OK in 17ms (Views: 16.4ms | ActiveRecord: 0.0ms | Allocations: 3958)


Started GET "/offtop" for 127.0.0.1 at 2024-06-02 14:55:54 +0300
Processing by OfftopController#index as HTML
  Rendering layout layouts/application.html.erb
  Rendering offtop/index.html.erb within layouts/application
  Rendered offtop/index.html.erb within layouts/application (Duration: 0.0ms | Allocations: 7)
  Rendered application/_menubar.html.erb (Duration: 0.2ms | Allocations: 133)
  Rendered application/_footer.html.erb (Duration: 0.0ms | Allocations: 8)
  Rendered layout layouts/application.html.erb (Duration: 5.4ms | Allocations: 3191)
Completed 200 OK in 7ms (Views: 6.0ms | ActiveRecord: 0.0ms | Allocations: 3459)


Started GET "/" for 127.0.0.1 at 2024-06-02 15:13:05 +0300
Processing by WelcomeController#index as HTML
  Rendering layout layouts/application.html.erb
  Rendering welcome/index.html.erb within layouts/application
  Rendered welcome/index.html.erb within layouts/application (Duration: 2.6ms | Allocations: 231)
  Rendered application/_menubar.html.erb (Duration: 0.6ms | Allocations: 302)
  Rendered application/_footer.html.erb (Duration: 0.3ms | Allocations: 106)
  Rendered layout layouts/application.html.erb (Duration: 50.0ms | Allocations: 11254)
Completed 200 OK in 65ms (Views: 55.0ms | ActiveRecord: 0.0ms | Allocations: 12076)


Started GET "/offtop" for 127.0.0.1 at 2024-06-02 15:13:32 +0300
Processing by OfftopController#index as HTML
  Rendering layout layouts/application.html.erb
  Rendering offtop/index.html.erb within layouts/application
  Rendered offtop/index.html.erb within layouts/application (Duration: 1.5ms | Allocations: 105)
  Rendered application/_menubar.html.erb (Duration: 0.5ms | Allocations: 156)
  Rendered application/_footer.html.erb (Duration: 0.0ms | Allocations: 9)
  Rendered layout layouts/application.html.erb (Duration: 12.4ms | Allocations: 3378)
Completed 200 OK in 19ms (Views: 16.0ms | ActiveRecord: 0.0ms | Allocations: 3948)


Started GET "/" for 127.0.0.1 at 2024-06-02 15:13:35 +0300
Processing by WelcomeController#index as HTML
  Rendering layout layouts/application.html.erb
  Rendering welcome/index.html.erb within layouts/application
  Rendered welcome/index.html.erb within layouts/application (Duration: 0.3ms | Allocations: 56)
  Rendered application/_menubar.html.erb (Duration: 0.2ms | Allocations: 124)
  Rendered application/_footer.html.erb (Duration: 0.0ms | Allocations: 8)
  Rendered layout layouts/application.html.erb (Duration: 7.2ms | Allocations: 3226)
Completed 200 OK in 9ms (Views: 7.8ms | ActiveRecord: 0.0ms | Allocations: 3493)


Started GET "/" for 127.0.0.1 at 2024-06-02 15:13:49 +0300
Processing by WelcomeController#index as HTML
  Rendering layout layouts/application.html.erb
  Rendering welcome/index.html.erb within layouts/application
  Rendered welcome/index.html.erb within layouts/application (Duration: 0.7ms | Allocations: 56)
  Rendered application/_menubar.html.erb (Duration: 0.1ms | Allocations: 124)
  Rendered application/_footer.html.erb (Duration: 0.0ms | Allocations: 8)
  Rendered layout layouts/application.html.erb (Duration: 33.7ms | Allocations: 10409)
Completed 200 OK in 35ms (Views: 34.7ms | ActiveRecord: 0.0ms | Allocations: 10674)


Started GET "/offtop" for 127.0.0.1 at 2024-06-02 15:13:55 +0300
Processing by OfftopController#index as HTML
  Rendering layout layouts/application.html.erb
  Rendering offtop/index.html.erb within layouts/application
  Rendered offtop/index.html.erb within layouts/application (Duration: 0.1ms | Allocations: 7)
  Rendered application/_menubar.html.erb (Duration: 0.3ms | Allocations: 133)
  Rendered application/_footer.html.erb (Duration: 0.0ms | Allocations: 8)
  Rendered layout layouts/application.html.erb (Duration: 6.9ms | Allocations: 3173)
Completed 200 OK in 8ms (Views: 7.5ms | ActiveRecord: 0.0ms | Allocations: 3441)


Started GET "/" for 127.0.0.1 at 2024-06-02 15:15:14 +0300
Processing by WelcomeController#index as HTML
  Rendering layout layouts/application.html.erb
  Rendering welcome/index.html.erb within layouts/application
  Rendered welcome/index.html.erb within layouts/application (Duration: 0.7ms | Allocations: 56)
  Rendered application/_menubar.html.erb (Duration: 0.2ms | Allocations: 124)
  Rendered application/_footer.html.erb (Duration: 0.0ms | Allocations: 8)
  Rendered layout layouts/application.html.erb (Duration: 58.1ms | Allocations: 10299)
Completed 200 OK in 60ms (Views: 59.0ms | ActiveRecord: 0.0ms | Allocations: 10564)


Started GET "/" for 127.0.0.1 at 2024-06-02 15:15:26 +0300
Processing by WelcomeController#index as HTML
  Rendering layout layouts/application.html.erb
  Rendering welcome/index.html.erb within layouts/application
  Rendered welcome/index.html.erb within layouts/application (Duration: 0.8ms | Allocations: 56)
  Rendered application/_menubar.html.erb (Duration: 0.7ms | Allocations: 124)
  Rendered application/_footer.html.erb (Duration: 0.0ms | Allocations: 8)
  Rendered layout layouts/application.html.erb (Duration: 73.5ms | Allocations: 10363)
Completed 200 OK in 76ms (Views: 74.4ms | ActiveRecord: 0.0ms | Allocations: 10628)


Started GET "/" for 127.0.0.1 at 2024-06-02 15:15:28 +0300
Processing by WelcomeController#index as HTML
  Rendering layout layouts/application.html.erb
  Rendering welcome/index.html.erb within layouts/application
  Rendered welcome/index.html.erb within layouts/application (Duration: 0.2ms | Allocations: 56)
  Rendered application/_menubar.html.erb (Duration: 0.3ms | Allocations: 124)
  Rendered application/_footer.html.erb (Duration: 0.0ms | Allocations: 8)
  Rendered layout layouts/application.html.erb (Duration: 7.4ms | Allocations: 3237)
Completed 200 OK in 11ms (Views: 9.2ms | ActiveRecord: 0.0ms | Allocations: 3504)


Started GET "/" for 127.0.0.1 at 2024-06-02 15:16:01 +0300
Processing by WelcomeController#index as HTML
  Rendering layout layouts/application.html.erb
  Rendering welcome/index.html.erb within layouts/application
  Rendered welcome/index.html.erb within layouts/application (Duration: 0.8ms | Allocations: 56)
  Rendered application/_menubar.html.erb (Duration: 0.2ms | Allocations: 124)
  Rendered application/_footer.html.erb (Duration: 0.0ms | Allocations: 8)
  Rendered layout layouts/application.html.erb (Duration: 47.4ms | Allocations: 10315)
Completed 200 OK in 49ms (Views: 48.2ms | ActiveRecord: 0.0ms | Allocations: 10580)


Started GET "/" for 127.0.0.1 at 2024-06-02 15:16:29 +0300
Processing by WelcomeController#index as HTML
  Rendering layout layouts/application.html.erb
  Rendering welcome/index.html.erb within layouts/application
  Rendered welcome/index.html.erb within layouts/application (Duration: 0.7ms | Allocations: 56)
  Rendered application/_menubar.html.erb (Duration: 0.2ms | Allocations: 124)
  Rendered application/_footer.html.erb (Duration: 0.0ms | Allocations: 8)
  Rendered layout layouts/application.html.erb (Duration: 41.7ms | Allocations: 10324)
Completed 200 OK in 44ms (Views: 42.7ms | ActiveRecord: 0.0ms | Allocations: 10589)


Started GET "/" for 127.0.0.1 at 2024-06-02 15:16:40 +0300
Processing by WelcomeController#index as HTML
  Rendering layout layouts/application.html.erb
  Rendering welcome/index.html.erb within layouts/application
  Rendered welcome/index.html.erb within layouts/application (Duration: 3.0ms | Allocations: 56)
  Rendered application/_menubar.html.erb (Duration: 0.1ms | Allocations: 124)
  Rendered application/_footer.html.erb (Duration: 0.0ms | Allocations: 8)
  Rendered layout layouts/application.html.erb (Duration: 57.8ms | Allocations: 10325)
Completed 200 OK in 59ms (Views: 58.2ms | ActiveRecord: 0.0ms | Allocations: 10590)


Started GET "/" for 127.0.0.1 at 2024-06-02 15:17:15 +0300
Processing by WelcomeController#index as HTML
  Rendering layout layouts/application.html.erb
  Rendering welcome/index.html.erb within layouts/application
  Rendered welcome/index.html.erb within layouts/application (Duration: 1.0ms | Allocations: 56)
  Rendered application/_menubar.html.erb (Duration: 0.2ms | Allocations: 124)
  Rendered application/_footer.html.erb (Duration: 0.0ms | Allocations: 8)
  Rendered layout layouts/application.html.erb (Duration: 60.8ms | Allocations: 10321)
Completed 200 OK in 63ms (Views: 61.9ms | ActiveRecord: 0.0ms | Allocations: 10587)


Started GET "/offtop" for 127.0.0.1 at 2024-06-02 15:17:16 +0300
Processing by OfftopController#index as HTML
  Rendering layout layouts/application.html.erb
  Rendering offtop/index.html.erb within layouts/application
  Rendered offtop/index.html.erb within layouts/application (Duration: 0.1ms | Allocations: 7)
  Rendered application/_menubar.html.erb (Duration: 0.4ms | Allocations: 133)
  Rendered application/_footer.html.erb (Duration: 0.0ms | Allocations: 8)
  Rendered layout layouts/application.html.erb (Duration: 6.8ms | Allocations: 3182)
Completed 200 OK in 9ms (Views: 7.5ms | ActiveRecord: 0.0ms | Allocations: 3449)


Started GET "/" for 127.0.0.1 at 2024-06-02 15:17:28 +0300
Processing by WelcomeController#index as HTML
  Rendering layout layouts/application.html.erb
  Rendering welcome/index.html.erb within layouts/application
  Rendered welcome/index.html.erb within layouts/application (Duration: 0.5ms | Allocations: 56)
  Rendered application/_menubar.html.erb (Duration: 0.1ms | Allocations: 124)
  Rendered application/_footer.html.erb (Duration: 0.0ms | Allocations: 8)
  Rendered layout layouts/application.html.erb (Duration: 29.2ms | Allocations: 10367)
Completed 200 OK in 31ms (Views: 29.8ms | ActiveRecord: 0.0ms | Allocations: 10633)


Started GET "/" for 127.0.0.1 at 2024-06-02 15:17:51 +0300
Processing by WelcomeController#index as HTML
  Rendering layout layouts/application.html.erb
  Rendering welcome/index.html.erb within layouts/application
  Rendered welcome/index.html.erb within layouts/application (Duration: 1.3ms | Allocations: 56)
  Rendered application/_menubar.html.erb (Duration: 0.2ms | Allocations: 124)
  Rendered application/_footer.html.erb (Duration: 0.0ms | Allocations: 8)
  Rendered layout layouts/application.html.erb (Duration: 57.9ms | Allocations: 10335)
Completed 200 OK in 61ms (Views: 59.0ms | ActiveRecord: 0.0ms | Allocations: 10601)


Started GET "/" for 127.0.0.1 at 2024-06-02 15:17:59 +0300
Processing by WelcomeController#index as HTML
  Rendering layout layouts/application.html.erb
  Rendering welcome/index.html.erb within layouts/application
  Rendered welcome/index.html.erb within layouts/application (Duration: 0.7ms | Allocations: 56)
  Rendered application/_menubar.html.erb (Duration: 0.1ms | Allocations: 124)
  Rendered application/_footer.html.erb (Duration: 0.0ms | Allocations: 8)
  Rendered layout layouts/application.html.erb (Duration: 58.8ms | Allocations: 10312)
Completed 200 OK in 62ms (Views: 60.2ms | ActiveRecord: 0.0ms | Allocations: 10577)


Started GET "/" for 127.0.0.1 at 2024-06-02 15:18:12 +0300
Processing by WelcomeController#index as HTML
  Rendering layout layouts/application.html.erb
  Rendering welcome/index.html.erb within layouts/application
  Rendered welcome/index.html.erb within layouts/application (Duration: 1.1ms | Allocations: 56)
  Rendered application/_menubar.html.erb (Duration: 0.2ms | Allocations: 124)
  Rendered application/_footer.html.erb (Duration: 0.0ms | Allocations: 8)
  Rendered layout layouts/application.html.erb (Duration: 51.1ms | Allocations: 10311)
Completed 200 OK in 53ms (Views: 52.0ms | ActiveRecord: 0.0ms | Allocations: 10576)


Started GET "/" for 127.0.0.1 at 2024-06-02 15:18:29 +0300
Processing by WelcomeController#index as HTML
  Rendering layout layouts/application.html.erb
  Rendering welcome/index.html.erb within layouts/application
  Rendered welcome/index.html.erb within layouts/application (Duration: 0.8ms | Allocations: 56)
  Rendered application/_menubar.html.erb (Duration: 0.2ms | Allocations: 124)
  Rendered application/_footer.html.erb (Duration: 0.0ms | Allocations: 8)
  Rendered layout layouts/application.html.erb (Duration: 44.4ms | Allocations: 10354)
Completed 200 OK in 47ms (Views: 45.7ms | ActiveRecord: 0.0ms | Allocations: 10619)


Started GET "/" for 127.0.0.1 at 2024-06-02 15:21:37 +0300
Processing by WelcomeController#index as HTML
  Rendering layout layouts/application.html.erb
  Rendering welcome/index.html.erb within layouts/application
  Rendered welcome/index.html.erb within layouts/application (Duration: 1.2ms | Allocations: 56)
  Rendered application/_menubar.html.erb (Duration: 0.1ms | Allocations: 124)
  Rendered application/_footer.html.erb (Duration: 0.0ms | Allocations: 8)
  Rendered layout layouts/application.html.erb (Duration: 61.4ms | Allocations: 10320)
Completed 200 OK in 64ms (Views: 62.5ms | ActiveRecord: 0.0ms | Allocations: 10585)


Started GET "/" for 127.0.0.1 at 2024-06-02 15:21:50 +0300
Processing by WelcomeController#index as HTML
  Rendering layout layouts/application.html.erb
  Rendering welcome/index.html.erb within layouts/application
  Rendered welcome/index.html.erb within layouts/application (Duration: 0.8ms | Allocations: 56)
  Rendered application/_menubar.html.erb (Duration: 0.2ms | Allocations: 124)
  Rendered application/_footer.html.erb (Duration: 0.0ms | Allocations: 8)
  Rendered layout layouts/application.html.erb (Duration: 53.3ms | Allocations: 10357)
Completed 200 OK in 55ms (Views: 54.2ms | ActiveRecord: 0.0ms | Allocations: 10623)


Started GET "/" for 127.0.0.1 at 2024-06-02 15:22:18 +0300
Processing by WelcomeController#index as HTML
  Rendering layout layouts/application.html.erb
  Rendering welcome/index.html.erb within layouts/application
  Rendered welcome/index.html.erb within layouts/application (Duration: 0.9ms | Allocations: 56)
  Rendered application/_menubar.html.erb (Duration: 0.2ms | Allocations: 124)
  Rendered application/_footer.html.erb (Duration: 0.0ms | Allocations: 8)
  Rendered layout layouts/application.html.erb (Duration: 52.8ms | Allocations: 10352)
Completed 200 OK in 55ms (Views: 53.9ms | ActiveRecord: 0.0ms | Allocations: 10617)


Started GET "/offtop" for 127.0.0.1 at 2024-06-02 15:22:19 +0300
Processing by OfftopController#index as HTML
  Rendering layout layouts/application.html.erb
  Rendering offtop/index.html.erb within layouts/application
  Rendered offtop/index.html.erb within layouts/application (Duration: 0.1ms | Allocations: 7)
  Rendered application/_menubar.html.erb (Duration: 0.4ms | Allocations: 133)
  Rendered application/_footer.html.erb (Duration: 0.0ms | Allocations: 8)
  Rendered layout layouts/application.html.erb (Duration: 6.5ms | Allocations: 3185)
Completed 200 OK in 8ms (Views: 7.1ms | ActiveRecord: 0.0ms | Allocations: 3452)


Started GET "/" for 127.0.0.1 at 2024-06-02 15:22:53 +0300
Processing by WelcomeController#index as HTML
  Rendering layout layouts/application.html.erb
  Rendering welcome/index.html.erb within layouts/application
  Rendered welcome/index.html.erb within layouts/application (Duration: 1.8ms | Allocations: 56)
  Rendered application/_menubar.html.erb (Duration: 0.2ms | Allocations: 124)
  Rendered application/_footer.html.erb (Duration: 0.0ms | Allocations: 8)
  Rendered layout layouts/application.html.erb (Duration: 55.1ms | Allocations: 10329)
Completed 200 OK in 57ms (Views: 56.0ms | ActiveRecord: 0.0ms | Allocations: 10594)


Started GET "/" for 127.0.0.1 at 2024-06-02 15:24:53 +0300
Processing by WelcomeController#index as HTML
  Rendering layout layouts/application.html.erb
  Rendering welcome/index.html.erb within layouts/application
  Rendered welcome/index.html.erb within layouts/application (Duration: 1.8ms | Allocations: 234)
  Rendered application/_menubar.html.erb (Duration: 0.5ms | Allocations: 304)
  Rendered application/_footer.html.erb (Duration: 0.3ms | Allocations: 106)
  Rendered layout layouts/application.html.erb (Duration: 42.3ms | Allocations: 11227)
Completed 200 OK in 52ms (Views: 48.7ms | ActiveRecord: 0.0ms | Allocations: 12048)


Started GET "/work" for 127.0.0.1 at 2024-06-02 19:06:12 +0300
Processing by WorkController#index as HTML
  Rendering layout layouts/application.html.erb
  Rendering work/index.html.erb within layouts/application
  Rendered work/index.html.erb within layouts/application (Duration: 1.2ms | Allocations: 105)
  Rendered application/_menubar.html.erb (Duration: 0.2ms | Allocations: 156)
  Rendered application/_footer.html.erb (Duration: 0.0ms | Allocations: 9)
  Rendered layout layouts/application.html.erb (Duration: 80.6ms | Allocations: 10525)
Completed 200 OK in 92ms (Views: 89.4ms | ActiveRecord: 0.0ms | Allocations: 11097)


Started GET "/offtop" for 127.0.0.1 at 2024-06-02 19:06:13 +0300
Processing by OfftopController#index as HTML
  Rendering layout layouts/application.html.erb
  Rendering offtop/index.html.erb within layouts/application
  Rendered offtop/index.html.erb within layouts/application (Duration: 0.8ms | Allocations: 108)
  Rendered application/_menubar.html.erb (Duration: 0.4ms | Allocations: 156)
  Rendered application/_footer.html.erb (Duration: 0.0ms | Allocations: 9)
  Rendered layout layouts/application.html.erb (Duration: 10.1ms | Allocations: 3391)
Completed 200 OK in 13ms (Views: 12.2ms | ActiveRecord: 0.0ms | Allocations: 3961)


Started GET "/offtop" for 127.0.0.1 at 2024-06-02 19:06:17 +0300
Processing by OfftopController#index as HTML
  Rendering layout layouts/application.html.erb
  Rendering offtop/index.html.erb within layouts/application
  Rendered offtop/index.html.erb within layouts/application (Duration: 0.0ms | Allocations: 7)
  Rendered application/_menubar.html.erb (Duration: 0.4ms | Allocations: 133)
  Rendered application/_footer.html.erb (Duration: 0.0ms | Allocations: 8)
  Rendered layout layouts/application.html.erb (Duration: 6.3ms | Allocations: 3208)
Completed 200 OK in 8ms (Views: 6.8ms | ActiveRecord: 0.0ms | Allocations: 3477)


Started GET "/" for 127.0.0.1 at 2024-06-02 19:06:29 +0300
Processing by WelcomeController#index as HTML
  Rendering layout layouts/application.html.erb
  Rendering welcome/index.html.erb within layouts/application
  Rendered welcome/index.html.erb within layouts/application (Duration: 1.9ms | Allocations: 230)
  Rendered application/_menubar.html.erb (Duration: 0.9ms | Allocations: 302)
  Rendered application/_footer.html.erb (Duration: 0.5ms | Allocations: 106)
  Rendered layout layouts/application.html.erb (Duration: 12.4ms | Allocations: 4139)
Completed 200 OK in 18ms (Views: 15.9ms | ActiveRecord: 0.0ms | Allocations: 4962)


Started GET "/" for 127.0.0.1 at 2024-06-02 19:07:33 +0300
Processing by WelcomeController#index as HTML
  Rendering layout layouts/application.html.erb
  Rendering welcome/index.html.erb within layouts/application
  Rendered welcome/index.html.erb within layouts/application (Duration: 4.5ms | Allocations: 230)
  Rendered application/_menubar.html.erb (Duration: 1.3ms | Allocations: 302)
  Rendered application/_footer.html.erb (Duration: 0.4ms | Allocations: 106)
  Rendered layout layouts/application.html.erb (Duration: 15.7ms | Allocations: 4151)
Completed 200 OK in 22ms (Views: 19.7ms | ActiveRecord: 0.0ms | Allocations: 4970)


Started GET "/" for 127.0.0.1 at 2024-06-02 19:07:52 +0300
Processing by WelcomeController#index as HTML
  Rendering layout layouts/application.html.erb
  Rendering welcome/index.html.erb within layouts/application
  Rendered welcome/index.html.erb within layouts/application (Duration: 1.5ms | Allocations: 230)
  Rendered application/_menubar.html.erb (Duration: 0.8ms | Allocations: 302)
  Rendered application/_footer.html.erb (Duration: 0.5ms | Allocations: 106)
  Rendered layout layouts/application.html.erb (Duration: 13.8ms | Allocations: 4142)
Completed 200 OK in 20ms (Views: 17.2ms | ActiveRecord: 0.0ms | Allocations: 4961)


Started GET "/" for 127.0.0.1 at 2024-06-02 19:08:10 +0300
Processing by WelcomeController#index as HTML
  Rendering layout layouts/application.html.erb
  Rendering welcome/index.html.erb within layouts/application
  Rendered welcome/index.html.erb within layouts/application (Duration: 3.9ms | Allocations: 230)
  Rendered application/_menubar.html.erb (Duration: 1.5ms | Allocations: 302)
  Rendered application/_footer.html.erb (Duration: 0.7ms | Allocations: 106)
  Rendered layout layouts/application.html.erb (Duration: 22.8ms | Allocations: 4133)
Completed 200 OK in 29ms (Views: 27.3ms | ActiveRecord: 0.0ms | Allocations: 4952)


Started GET "/" for 127.0.0.1 at 2024-06-02 19:08:49 +0300
Processing by WelcomeController#index as HTML
  Rendering layout layouts/application.html.erb
  Rendering welcome/index.html.erb within layouts/application
  Rendered welcome/index.html.erb within layouts/application (Duration: 1.8ms | Allocations: 229)
  Rendered application/_menubar.html.erb (Duration: 1.1ms | Allocations: 302)
  Rendered application/_footer.html.erb (Duration: 1.7ms | Allocations: 106)
  Rendered layout layouts/application.html.erb (Duration: 15.1ms | Allocations: 4129)
Completed 200 OK in 23ms (Views: 19.6ms | ActiveRecord: 0.0ms | Allocations: 4948)


Started GET "/" for 127.0.0.1 at 2024-06-02 19:08:54 +0300
Processing by WelcomeController#index as HTML
  Rendering layout layouts/application.html.erb
  Rendering welcome/index.html.erb within layouts/application
  Rendered welcome/index.html.erb within layouts/application (Duration: 4.0ms | Allocations: 229)
  Rendered application/_menubar.html.erb (Duration: 0.7ms | Allocations: 302)
  Rendered application/_footer.html.erb (Duration: 0.3ms | Allocations: 106)
  Rendered layout layouts/application.html.erb (Duration: 16.0ms | Allocations: 4132)
Completed 200 OK in 32ms (Views: 30.3ms | ActiveRecord: 0.0ms | Allocations: 4951)


Started GET "/" for 127.0.0.1 at 2024-06-02 19:09:56 +0300
Processing by WelcomeController#index as HTML
  Rendering layout layouts/application.html.erb
  Rendering welcome/index.html.erb within layouts/application
  Rendered welcome/index.html.erb within layouts/application (Duration: 0.7ms | Allocations: 56)
  Rendered application/_menubar.html.erb (Duration: 1.6ms | Allocations: 124)
  Rendered application/_footer.html.erb (Duration: 1.2ms | Allocations: 8)
  Rendered layout layouts/application.html.erb (Duration: 64.4ms | Allocations: 10381)
Completed 200 OK in 68ms (Views: 66.5ms | ActiveRecord: 0.0ms | Allocations: 10647)


Started GET "/" for 127.0.0.1 at 2024-06-02 19:09:56 +0300
Processing by WelcomeController#index as HTML
  Rendering layout layouts/application.html.erb
  Rendering welcome/index.html.erb within layouts/application
  Rendered welcome/index.html.erb within layouts/application (Duration: 0.2ms | Allocations: 56)
  Rendered application/_menubar.html.erb (Duration: 0.2ms | Allocations: 124)
  Rendered application/_footer.html.erb (Duration: 0.0ms | Allocations: 8)
  Rendered layout layouts/application.html.erb (Duration: 5.7ms | Allocations: 3232)
Completed 200 OK in 7ms (Views: 6.2ms | ActiveRecord: 0.0ms | Allocations: 3497)


Started GET "/" for 127.0.0.1 at 2024-06-02 19:10:07 +0300
Processing by WelcomeController#index as HTML
  Rendering layout layouts/application.html.erb
  Rendering welcome/index.html.erb within layouts/application
  Rendered welcome/index.html.erb within layouts/application (Duration: 0.8ms | Allocations: 56)
  Rendered application/_menubar.html.erb (Duration: 0.2ms | Allocations: 124)
  Rendered application/_footer.html.erb (Duration: 0.0ms | Allocations: 8)
  Rendered layout layouts/application.html.erb (Duration: 51.7ms | Allocations: 10392)
Completed 200 OK in 54ms (Views: 52.6ms | ActiveRecord: 0.0ms | Allocations: 10658)


Started GET "/" for 127.0.0.1 at 2024-06-02 19:10:29 +0300
Processing by WelcomeController#index as HTML
  Rendering layout layouts/application.html.erb
  Rendering welcome/index.html.erb within layouts/application
  Rendered welcome/index.html.erb within layouts/application (Duration: 0.7ms | Allocations: 56)
  Rendered application/_menubar.html.erb (Duration: 0.1ms | Allocations: 124)
  Rendered application/_footer.html.erb (Duration: 0.0ms | Allocations: 8)
  Rendered layout layouts/application.html.erb (Duration: 51.7ms | Allocations: 10363)
Completed 200 OK in 55ms (Views: 52.6ms | ActiveRecord: 0.0ms | Allocations: 10629)


Started GET "/" for 127.0.0.1 at 2024-06-02 19:10:58 +0300
Processing by WelcomeController#index as HTML
  Rendering layout layouts/application.html.erb
  Rendering welcome/index.html.erb within layouts/application
  Rendered welcome/index.html.erb within layouts/application (Duration: 0.8ms | Allocations: 56)
  Rendered application/_menubar.html.erb (Duration: 0.4ms | Allocations: 124)
  Rendered application/_footer.html.erb (Duration: 0.1ms | Allocations: 8)
  Rendered layout layouts/application.html.erb (Duration: 39.3ms | Allocations: 10361)
Completed 200 OK in 42ms (Views: 40.3ms | ActiveRecord: 0.0ms | Allocations: 10626)


Started GET "/" for 127.0.0.1 at 2024-06-02 19:10:59 +0300
Processing by WelcomeController#index as HTML
  Rendering layout layouts/application.html.erb
  Rendering welcome/index.html.erb within layouts/application
  Rendered welcome/index.html.erb within layouts/application (Duration: 0.2ms | Allocations: 56)
  Rendered application/_menubar.html.erb (Duration: 0.3ms | Allocations: 124)
  Rendered application/_footer.html.erb (Duration: 0.0ms | Allocations: 8)
  Rendered layout layouts/application.html.erb (Duration: 7.6ms | Allocations: 3235)
Completed 200 OK in 9ms (Views: 8.0ms | ActiveRecord: 0.0ms | Allocations: 3500)


Started GET "/offtop" for 127.0.0.1 at 2024-06-02 19:17:39 +0300
Processing by OfftopController#index as HTML
  Rendering layout layouts/application.html.erb
  Rendering offtop/index.html.erb within layouts/application
  Rendered offtop/index.html.erb within layouts/application (Duration: 1.0ms | Allocations: 110)
  Rendered application/_menubar.html.erb (Duration: 0.4ms | Allocations: 156)
  Rendered application/_footer.html.erb (Duration: 0.0ms | Allocations: 9)
  Rendered layout layouts/application.html.erb (Duration: 10.3ms | Allocations: 3401)
Completed 200 OK in 16ms (Views: 13.4ms | ActiveRecord: 0.0ms | Allocations: 3971)


Started GET "/" for 127.0.0.1 at 2024-06-02 19:19:20 +0300
Processing by WelcomeController#index as HTML
  Rendering layout layouts/application.html.erb
  Rendering welcome/index.html.erb within layouts/application
  Rendered welcome/index.html.erb within layouts/application (Duration: 3.2ms | Allocations: 56)
  Rendered application/_menubar.html.erb (Duration: 0.2ms | Allocations: 124)
  Rendered application/_footer.html.erb (Duration: 0.0ms | Allocations: 8)
  Rendered layout layouts/application.html.erb (Duration: 46.4ms | Allocations: 10350)
Completed 200 OK in 60ms (Views: 52.0ms | ActiveRecord: 0.0ms | Allocations: 10616)


Started GET "/" for 127.0.0.1 at 2024-06-02 19:19:30 +0300
Processing by WelcomeController#index as HTML
  Rendering layout layouts/application.html.erb
  Rendering welcome/index.html.erb within layouts/application
  Rendered welcome/index.html.erb within layouts/application (Duration: 7.2ms | Allocations: 56)
  Rendered application/_menubar.html.erb (Duration: 0.1ms | Allocations: 124)
  Rendered application/_footer.html.erb (Duration: 0.0ms | Allocations: 8)
  Rendered layout layouts/application.html.erb (Duration: 72.8ms | Allocations: 10367)
Completed 200 OK in 81ms (Views: 76.0ms | ActiveRecord: 0.0ms | Allocations: 10632)


Started GET "/" for 127.0.0.1 at 2024-06-02 19:19:45 +0300
Processing by WelcomeController#index as HTML
  Rendering layout layouts/application.html.erb
  Rendering welcome/index.html.erb within layouts/application
  Rendered welcome/index.html.erb within layouts/application (Duration: 1.4ms | Allocations: 56)
  Rendered application/_menubar.html.erb (Duration: 0.1ms | Allocations: 124)
  Rendered application/_footer.html.erb (Duration: 0.0ms | Allocations: 8)
  Rendered layout layouts/application.html.erb (Duration: 34.0ms | Allocations: 10355)
Completed 200 OK in 39ms (Views: 36.5ms | ActiveRecord: 0.0ms | Allocations: 10621)


Started GET "/" for 127.0.0.1 at 2024-06-02 19:19:50 +0300
Processing by WelcomeController#index as HTML
  Rendering layout layouts/application.html.erb
  Rendering welcome/index.html.erb within layouts/application
  Rendered welcome/index.html.erb within layouts/application (Duration: 1.0ms | Allocations: 56)
  Rendered application/_menubar.html.erb (Duration: 0.2ms | Allocations: 124)
  Rendered application/_footer.html.erb (Duration: 0.1ms | Allocations: 8)
  Rendered layout layouts/application.html.erb (Duration: 59.9ms | Allocations: 10371)
Completed 200 OK in 62ms (Views: 61.0ms | ActiveRecord: 0.0ms | Allocations: 10636)


Started GET "/" for 127.0.0.1 at 2024-06-02 19:21:19 +0300
Processing by WelcomeController#index as HTML
  Rendering layout layouts/application.html.erb
  Rendering welcome/index.html.erb within layouts/application
  Rendered welcome/index.html.erb within layouts/application (Duration: 1.3ms | Allocations: 56)
  Rendered application/_menubar.html.erb (Duration: 0.1ms | Allocations: 124)
  Rendered application/_footer.html.erb (Duration: 0.0ms | Allocations: 8)
  Rendered layout layouts/application.html.erb (Duration: 50.5ms | Allocations: 10358)
Completed 200 OK in 52ms (Views: 51.3ms | ActiveRecord: 0.0ms | Allocations: 10623)


Started GET "/offtop" for 127.0.0.1 at 2024-06-02 19:22:36 +0300
Processing by OfftopController#index as HTML
  Rendering layout layouts/application.html.erb
  Rendering offtop/index.html.erb within layouts/application
  Rendered offtop/index.html.erb within layouts/application (Duration: 0.2ms | Allocations: 7)
  Rendered application/_menubar.html.erb (Duration: 0.3ms | Allocations: 133)
  Rendered application/_footer.html.erb (Duration: 0.0ms | Allocations: 8)
  Rendered layout layouts/application.html.erb (Duration: 47.0ms | Allocations: 10304)
Completed 200 OK in 50ms (Views: 48.0ms | ActiveRecord: 0.0ms | Allocations: 10572)


Started GET "/offtop" for 127.0.0.1 at 2024-06-02 19:22:40 +0300
Processing by OfftopController#index as HTML
  Rendering layout layouts/application.html.erb
  Rendering offtop/index.html.erb within layouts/application
  Rendered offtop/index.html.erb within layouts/application (Duration: 0.1ms | Allocations: 7)
  Rendered application/_menubar.html.erb (Duration: 0.3ms | Allocations: 133)
  Rendered application/_footer.html.erb (Duration: 0.0ms | Allocations: 8)
  Rendered layout layouts/application.html.erb (Duration: 7.1ms | Allocations: 3203)
Completed 200 OK in 10ms (Views: 9.0ms | ActiveRecord: 0.0ms | Allocations: 3470)


Started GET "/offtop" for 127.0.0.1 at 2024-06-02 19:22:41 +0300
Processing by OfftopController#index as HTML
  Rendering layout layouts/application.html.erb
  Rendering offtop/index.html.erb within layouts/application
  Rendered offtop/index.html.erb within layouts/application (Duration: 0.0ms | Allocations: 7)
  Rendered application/_menubar.html.erb (Duration: 0.2ms | Allocations: 133)
  Rendered application/_footer.html.erb (Duration: 0.0ms | Allocations: 8)
  Rendered layout layouts/application.html.erb (Duration: 6.9ms | Allocations: 3185)
Completed 200 OK in 8ms (Views: 7.5ms | ActiveRecord: 0.0ms | Allocations: 3452)


Started GET "/" for 127.0.0.1 at 2024-06-02 19:22:54 +0300
Processing by WelcomeController#index as HTML
  Rendering layout layouts/application.html.erb
  Rendering welcome/index.html.erb within layouts/application
  Rendered welcome/index.html.erb within layouts/application (Duration: 0.7ms | Allocations: 56)
  Rendered application/_menubar.html.erb (Duration: 0.3ms | Allocations: 124)
  Rendered application/_footer.html.erb (Duration: 0.1ms | Allocations: 8)
  Rendered layout layouts/application.html.erb (Duration: 40.6ms | Allocations: 10356)
Completed 200 OK in 55ms (Views: 53.7ms | ActiveRecord: 0.0ms | Allocations: 10622)


Started GET "/offtop" for 127.0.0.1 at 2024-06-02 19:22:55 +0300
Processing by OfftopController#index as HTML
  Rendering layout layouts/application.html.erb
  Rendering offtop/index.html.erb within layouts/application
  Rendered offtop/index.html.erb within layouts/application (Duration: 0.0ms | Allocations: 7)
  Rendered application/_menubar.html.erb (Duration: 0.2ms | Allocations: 133)
  Rendered application/_footer.html.erb (Duration: 0.0ms | Allocations: 8)
  Rendered layout layouts/application.html.erb (Duration: 6.2ms | Allocations: 3200)
Completed 200 OK in 8ms (Views: 6.6ms | ActiveRecord: 0.0ms | Allocations: 3467)


Started GET "/offtop" for 127.0.0.1 at 2024-06-02 19:22:57 +0300
Processing by OfftopController#index as HTML
  Rendering layout layouts/application.html.erb
  Rendering offtop/index.html.erb within layouts/application
  Rendered offtop/index.html.erb within layouts/application (Duration: 0.0ms | Allocations: 7)
  Rendered application/_menubar.html.erb (Duration: 0.3ms | Allocations: 133)
  Rendered application/_footer.html.erb (Duration: 0.0ms | Allocations: 8)
  Rendered layout layouts/application.html.erb (Duration: 5.7ms | Allocations: 3202)
Completed 200 OK in 7ms (Views: 6.2ms | ActiveRecord: 0.0ms | Allocations: 3470)


Started GET "/offtop" for 127.0.0.1 at 2024-06-02 19:22:58 +0300
Processing by OfftopController#index as HTML
  Rendering layout layouts/application.html.erb
  Rendering offtop/index.html.erb within layouts/application
  Rendered offtop/index.html.erb within layouts/application (Duration: 0.0ms | Allocations: 7)
  Rendered application/_menubar.html.erb (Duration: 0.3ms | Allocations: 133)
  Rendered application/_footer.html.erb (Duration: 0.0ms | Allocations: 8)
  Rendered layout layouts/application.html.erb (Duration: 5.3ms | Allocations: 3192)
Completed 200 OK in 7ms (Views: 6.0ms | ActiveRecord: 0.0ms | Allocations: 3460)


Started GET "/offtop" for 127.0.0.1 at 2024-06-02 19:22:59 +0300
Processing by OfftopController#index as HTML
  Rendering layout layouts/application.html.erb
  Rendering offtop/index.html.erb within layouts/application
  Rendered offtop/index.html.erb within layouts/application (Duration: 0.0ms | Allocations: 7)
  Rendered application/_menubar.html.erb (Duration: 0.2ms | Allocations: 133)
  Rendered application/_footer.html.erb (Duration: 0.0ms | Allocations: 8)
  Rendered layout layouts/application.html.erb (Duration: 5.2ms | Allocations: 3188)
Completed 200 OK in 6ms (Views: 5.7ms | ActiveRecord: 0.0ms | Allocations: 3455)


Started GET "/offtop" for 127.0.0.1 at 2024-06-02 19:23:00 +0300
Processing by OfftopController#index as HTML
  Rendering layout layouts/application.html.erb
  Rendering offtop/index.html.erb within layouts/application
  Rendered offtop/index.html.erb within layouts/application (Duration: 0.0ms | Allocations: 7)
  Rendered application/_menubar.html.erb (Duration: 0.2ms | Allocations: 133)
  Rendered application/_footer.html.erb (Duration: 0.0ms | Allocations: 8)
  Rendered layout layouts/application.html.erb (Duration: 4.7ms | Allocations: 3185)
Completed 200 OK in 6ms (Views: 5.1ms | ActiveRecord: 0.0ms | Allocations: 3453)


Started GET "/offtop" for 127.0.0.1 at 2024-06-02 19:23:01 +0300
Processing by OfftopController#index as HTML
  Rendering layout layouts/application.html.erb
  Rendering offtop/index.html.erb within layouts/application
  Rendered offtop/index.html.erb within layouts/application (Duration: 0.0ms | Allocations: 7)
  Rendered application/_menubar.html.erb (Duration: 0.3ms | Allocations: 133)
  Rendered application/_footer.html.erb (Duration: 0.0ms | Allocations: 8)
  Rendered layout layouts/application.html.erb (Duration: 5.2ms | Allocations: 3188)
Completed 200 OK in 6ms (Views: 5.7ms | ActiveRecord: 0.0ms | Allocations: 3455)


Started GET "/" for 127.0.0.1 at 2024-06-02 19:23:12 +0300
Processing by WelcomeController#index as HTML
  Rendering layout layouts/application.html.erb
  Rendering welcome/index.html.erb within layouts/application
  Rendered welcome/index.html.erb within layouts/application (Duration: 0.9ms | Allocations: 56)
  Rendered application/_menubar.html.erb (Duration: 0.2ms | Allocations: 124)
  Rendered application/_footer.html.erb (Duration: 0.0ms | Allocations: 8)
  Rendered layout layouts/application.html.erb (Duration: 46.5ms | Allocations: 10356)
Completed 200 OK in 48ms (Views: 47.4ms | ActiveRecord: 0.0ms | Allocations: 10621)


Started GET "/offtop" for 127.0.0.1 at 2024-06-02 19:23:13 +0300
Processing by OfftopController#index as HTML
  Rendering layout layouts/application.html.erb
  Rendering offtop/index.html.erb within layouts/application
  Rendered offtop/index.html.erb within layouts/application (Duration: 0.1ms | Allocations: 7)
  Rendered application/_menubar.html.erb (Duration: 0.3ms | Allocations: 133)
  Rendered application/_footer.html.erb (Duration: 0.0ms | Allocations: 8)
  Rendered layout layouts/application.html.erb (Duration: 5.3ms | Allocations: 3203)
Completed 200 OK in 7ms (Views: 6.5ms | ActiveRecord: 0.0ms | Allocations: 3470)


Started GET "/" for 127.0.0.1 at 2024-06-02 19:23:21 +0300
Processing by WelcomeController#index as HTML
  Rendering layout layouts/application.html.erb
  Rendering welcome/index.html.erb within layouts/application
  Rendered welcome/index.html.erb within layouts/application (Duration: 0.9ms | Allocations: 56)
  Rendered application/_menubar.html.erb (Duration: 0.2ms | Allocations: 124)
  Rendered application/_footer.html.erb (Duration: 0.0ms | Allocations: 8)
  Rendered layout layouts/application.html.erb (Duration: 44.6ms | Allocations: 10364)
Completed 200 OK in 47ms (Views: 45.8ms | ActiveRecord: 0.0ms | Allocations: 10629)


Started GET "/" for 127.0.0.1 at 2024-06-02 19:23:59 +0300
Processing by WelcomeController#index as HTML
  Rendering layout layouts/application.html.erb
  Rendering welcome/index.html.erb within layouts/application
  Rendered welcome/index.html.erb within layouts/application (Duration: 0.5ms | Allocations: 56)
  Rendered application/_menubar.html.erb (Duration: 0.1ms | Allocations: 124)
  Rendered application/_footer.html.erb (Duration: 0.0ms | Allocations: 8)
  Rendered layout layouts/application.html.erb (Duration: 46.2ms | Allocations: 10363)
Completed 200 OK in 48ms (Views: 46.8ms | ActiveRecord: 0.0ms | Allocations: 10628)


Started GET "/" for 127.0.0.1 at 2024-06-02 19:24:10 +0300
Processing by WelcomeController#index as HTML
  Rendering layout layouts/application.html.erb
  Rendering welcome/index.html.erb within layouts/application
  Rendered welcome/index.html.erb within layouts/application (Duration: 0.8ms | Allocations: 56)
  Rendered application/_menubar.html.erb (Duration: 0.1ms | Allocations: 124)
  Rendered application/_footer.html.erb (Duration: 0.0ms | Allocations: 8)
  Rendered layout layouts/application.html.erb (Duration: 52.9ms | Allocations: 10402)
Completed 200 OK in 55ms (Views: 53.7ms | ActiveRecord: 0.0ms | Allocations: 10667)


Started GET "/" for 127.0.0.1 at 2024-06-02 19:24:16 +0300
Processing by WelcomeController#index as HTML
  Rendering layout layouts/application.html.erb
  Rendering welcome/index.html.erb within layouts/application
  Rendered welcome/index.html.erb within layouts/application (Duration: 1.5ms | Allocations: 56)
  Rendered application/_menubar.html.erb (Duration: 0.2ms | Allocations: 124)
  Rendered application/_footer.html.erb (Duration: 0.0ms | Allocations: 8)
  Rendered layout layouts/application.html.erb (Duration: 49.3ms | Allocations: 10373)
Completed 200 OK in 52ms (Views: 50.4ms | ActiveRecord: 0.0ms | Allocations: 10639)


Started GET "/" for 127.0.0.1 at 2024-06-02 19:24:20 +0300
Processing by WelcomeController#index as HTML
  Rendering layout layouts/application.html.erb
  Rendering welcome/index.html.erb within layouts/application
  Rendered welcome/index.html.erb within layouts/application (Duration: 0.8ms | Allocations: 56)
  Rendered application/_menubar.html.erb (Duration: 0.2ms | Allocations: 124)
  Rendered application/_footer.html.erb (Duration: 0.0ms | Allocations: 8)
  Rendered layout layouts/application.html.erb (Duration: 54.0ms | Allocations: 10377)
Completed 200 OK in 56ms (Views: 55.0ms | ActiveRecord: 0.0ms | Allocations: 10642)


Started GET "/offtop" for 127.0.0.1 at 2024-06-02 19:24:23 +0300
Processing by OfftopController#index as HTML
  Rendering layout layouts/application.html.erb
  Rendering offtop/index.html.erb within layouts/application
  Rendered offtop/index.html.erb within layouts/application (Duration: 0.1ms | Allocations: 7)
  Rendered application/_menubar.html.erb (Duration: 0.3ms | Allocations: 133)
  Rendered application/_footer.html.erb (Duration: 0.0ms | Allocations: 8)
  Rendered layout layouts/application.html.erb (Duration: 6.9ms | Allocations: 3191)
Completed 200 OK in 9ms (Views: 7.7ms | ActiveRecord: 0.0ms | Allocations: 3458)


Started GET "/offtop" for 127.0.0.1 at 2024-06-03 10:22:05 +0300
Processing by OfftopController#index as HTML
  Rendering layout layouts/application.html.erb
  Rendering offtop/index.html.erb within layouts/application
  Rendered offtop/index.html.erb within layouts/application (Duration: 0.7ms | Allocations: 7)
  Rendered application/_menubar.html.erb (Duration: 3.0ms | Allocations: 133)
  Rendered application/_footer.html.erb (Duration: 0.0ms | Allocations: 8)
  Rendered layout layouts/application.html.erb (Duration: 39.9ms | Allocations: 3179)
Completed 200 OK in 45ms (Views: 41.6ms | ActiveRecord: 0.0ms | Allocations: 3446)


Started GET "/offtop" for 127.0.0.1 at 2024-06-03 10:22:08 +0300
Processing by OfftopController#index as HTML
  Rendering layout layouts/application.html.erb
  Rendering offtop/index.html.erb within layouts/application
  Rendered offtop/index.html.erb within layouts/application (Duration: 0.0ms | Allocations: 7)
  Rendered application/_menubar.html.erb (Duration: 0.3ms | Allocations: 133)
  Rendered application/_footer.html.erb (Duration: 0.0ms | Allocations: 8)
  Rendered layout layouts/application.html.erb (Duration: 8.5ms | Allocations: 3176)
Completed 200 OK in 10ms (Views: 8.9ms | ActiveRecord: 0.0ms | Allocations: 3443)


Started GET "/offtop" for 127.0.0.1 at 2024-06-03 10:22:09 +0300
Processing by OfftopController#index as HTML
  Rendering layout layouts/application.html.erb
  Rendering offtop/index.html.erb within layouts/application
  Rendered offtop/index.html.erb within layouts/application (Duration: 0.0ms | Allocations: 7)
  Rendered application/_menubar.html.erb (Duration: 0.3ms | Allocations: 133)
  Rendered application/_footer.html.erb (Duration: 0.0ms | Allocations: 8)
  Rendered layout layouts/application.html.erb (Duration: 9.1ms | Allocations: 3203)
Completed 200 OK in 10ms (Views: 9.6ms | ActiveRecord: 0.0ms | Allocations: 3470)


Started GET "/offtop" for 127.0.0.1 at 2024-06-03 10:22:10 +0300
Processing by OfftopController#index as HTML
  Rendering layout layouts/application.html.erb
  Rendering offtop/index.html.erb within layouts/application
  Rendered offtop/index.html.erb within layouts/application (Duration: 0.0ms | Allocations: 7)
  Rendered application/_menubar.html.erb (Duration: 0.3ms | Allocations: 133)
  Rendered application/_footer.html.erb (Duration: 0.0ms | Allocations: 8)
  Rendered layout layouts/application.html.erb (Duration: 7.1ms | Allocations: 3194)
Completed 200 OK in 8ms (Views: 7.6ms | ActiveRecord: 0.0ms | Allocations: 3461)


Started GET "/offtop" for 127.0.0.1 at 2024-06-03 10:22:11 +0300
Processing by OfftopController#index as HTML
  Rendering layout layouts/application.html.erb
  Rendering offtop/index.html.erb within layouts/application
  Rendered offtop/index.html.erb within layouts/application (Duration: 0.1ms | Allocations: 7)
  Rendered application/_menubar.html.erb (Duration: 0.3ms | Allocations: 133)
  Rendered application/_footer.html.erb (Duration: 0.0ms | Allocations: 8)
  Rendered layout layouts/application.html.erb (Duration: 5.7ms | Allocations: 3197)
Completed 200 OK in 7ms (Views: 6.2ms | ActiveRecord: 0.0ms | Allocations: 3464)


Started GET "/offtop" for 127.0.0.1 at 2024-06-03 10:22:13 +0300
Processing by OfftopController#index as HTML
  Rendering layout layouts/application.html.erb
  Rendering offtop/index.html.erb within layouts/application
  Rendered offtop/index.html.erb within layouts/application (Duration: 0.1ms | Allocations: 7)
  Rendered application/_menubar.html.erb (Duration: 0.3ms | Allocations: 133)
  Rendered application/_footer.html.erb (Duration: 0.0ms | Allocations: 8)
  Rendered layout layouts/application.html.erb (Duration: 9.0ms | Allocations: 3194)
Completed 200 OK in 10ms (Views: 9.8ms | ActiveRecord: 0.0ms | Allocations: 3461)


Started GET "/offtop" for 127.0.0.1 at 2024-06-03 10:22:14 +0300
Processing by OfftopController#index as HTML
  Rendering layout layouts/application.html.erb
  Rendering offtop/index.html.erb within layouts/application
  Rendered offtop/index.html.erb within layouts/application (Duration: 0.0ms | Allocations: 7)
  Rendered application/_menubar.html.erb (Duration: 0.4ms | Allocations: 133)
  Rendered application/_footer.html.erb (Duration: 0.0ms | Allocations: 8)
  Rendered layout layouts/application.html.erb (Duration: 8.2ms | Allocations: 3173)
Completed 200 OK in 9ms (Views: 8.8ms | ActiveRecord: 0.0ms | Allocations: 3440)


Started GET "/" for 127.0.0.1 at 2024-06-03 10:22:42 +0300
Processing by WelcomeController#index as HTML
  Rendering layout layouts/application.html.erb
  Rendering welcome/index.html.erb within layouts/application
  Rendered welcome/index.html.erb within layouts/application (Duration: 0.8ms | Allocations: 56)
  Rendered application/_menubar.html.erb (Duration: 0.4ms | Allocations: 124)
  Rendered application/_footer.html.erb (Duration: 0.1ms | Allocations: 8)
  Rendered layout layouts/application.html.erb (Duration: 69.2ms | Allocations: 10373)
Completed 200 OK in 71ms (Views: 70.0ms | ActiveRecord: 0.0ms | Allocations: 10638)


Started GET "/offtop" for 127.0.0.1 at 2024-06-03 10:22:42 +0300
Processing by OfftopController#index as HTML
  Rendering layout layouts/application.html.erb
  Rendering offtop/index.html.erb within layouts/application
  Rendered offtop/index.html.erb within layouts/application (Duration: 0.1ms | Allocations: 7)
  Rendered application/_menubar.html.erb (Duration: 0.2ms | Allocations: 133)
  Rendered application/_footer.html.erb (Duration: 0.0ms | Allocations: 8)
  Rendered layout layouts/application.html.erb (Duration: 5.6ms | Allocations: 3197)
Completed 200 OK in 7ms (Views: 6.2ms | ActiveRecord: 0.0ms | Allocations: 3465)


Started GET "/offtop" for 127.0.0.1 at 2024-06-03 10:22:44 +0300
Processing by OfftopController#index as HTML
  Rendering layout layouts/application.html.erb
  Rendering offtop/index.html.erb within layouts/application
  Rendered offtop/index.html.erb within layouts/application (Duration: 0.1ms | Allocations: 7)
  Rendered application/_menubar.html.erb (Duration: 0.3ms | Allocations: 133)
  Rendered application/_footer.html.erb (Duration: 0.0ms | Allocations: 8)
  Rendered layout layouts/application.html.erb (Duration: 6.8ms | Allocations: 3185)
Completed 200 OK in 9ms (Views: 8.3ms | ActiveRecord: 0.0ms | Allocations: 3453)


Started GET "/offtop" for 127.0.0.1 at 2024-06-03 10:22:45 +0300
Processing by OfftopController#index as HTML
  Rendering layout layouts/application.html.erb
  Rendering offtop/index.html.erb within layouts/application
  Rendered offtop/index.html.erb within layouts/application (Duration: 0.0ms | Allocations: 7)
  Rendered application/_menubar.html.erb (Duration: 0.2ms | Allocations: 133)
  Rendered application/_footer.html.erb (Duration: 0.0ms | Allocations: 8)
  Rendered layout layouts/application.html.erb (Duration: 5.1ms | Allocations: 3188)
Completed 200 OK in 6ms (Views: 5.5ms | ActiveRecord: 0.0ms | Allocations: 3455)


Started GET "/offtop" for 127.0.0.1 at 2024-06-03 10:22:47 +0300
Processing by OfftopController#index as HTML
  Rendering layout layouts/application.html.erb
  Rendering offtop/index.html.erb within layouts/application
  Rendered offtop/index.html.erb within layouts/application (Duration: 0.1ms | Allocations: 7)
  Rendered application/_menubar.html.erb (Duration: 0.3ms | Allocations: 133)
  Rendered application/_footer.html.erb (Duration: 0.0ms | Allocations: 8)
  Rendered layout layouts/application.html.erb (Duration: 7.2ms | Allocations: 3179)
Completed 200 OK in 10ms (Views: 9.0ms | ActiveRecord: 0.0ms | Allocations: 3446)


Started GET "/offtop" for 127.0.0.1 at 2024-06-03 10:22:48 +0300
Processing by OfftopController#index as HTML
  Rendering layout layouts/application.html.erb
  Rendering offtop/index.html.erb within layouts/application
  Rendered offtop/index.html.erb within layouts/application (Duration: 0.0ms | Allocations: 7)
  Rendered application/_menubar.html.erb (Duration: 0.3ms | Allocations: 133)
  Rendered application/_footer.html.erb (Duration: 0.0ms | Allocations: 8)
  Rendered layout layouts/application.html.erb (Duration: 5.5ms | Allocations: 3188)
Completed 200 OK in 7ms (Views: 6.0ms | ActiveRecord: 0.0ms | Allocations: 3456)


Started GET "/" for 127.0.0.1 at 2024-06-03 10:22:55 +0300
Processing by WelcomeController#index as HTML
  Rendering layout layouts/application.html.erb
  Rendering welcome/index.html.erb within layouts/application
  Rendered welcome/index.html.erb within layouts/application (Duration: 0.8ms | Allocations: 56)
  Rendered application/_menubar.html.erb (Duration: 0.2ms | Allocations: 124)
  Rendered application/_footer.html.erb (Duration: 0.0ms | Allocations: 8)
  Rendered layout layouts/application.html.erb (Duration: 44.9ms | Allocations: 10365)
Completed 200 OK in 48ms (Views: 46.0ms | ActiveRecord: 0.0ms | Allocations: 10630)


Started GET "/offtop" for 127.0.0.1 at 2024-06-03 10:22:56 +0300
Processing by OfftopController#index as HTML
  Rendering layout layouts/application.html.erb
  Rendering offtop/index.html.erb within layouts/application
  Rendered offtop/index.html.erb within layouts/application (Duration: 0.1ms | Allocations: 7)
  Rendered application/_menubar.html.erb (Duration: 0.8ms | Allocations: 133)
  Rendered application/_footer.html.erb (Duration: 0.0ms | Allocations: 8)
  Rendered layout layouts/application.html.erb (Duration: 5.6ms | Allocations: 3188)
Completed 200 OK in 7ms (Views: 6.2ms | ActiveRecord: 0.0ms | Allocations: 3455)


Started GET "/" for 127.0.0.1 at 2024-06-03 10:23:01 +0300
Processing by WelcomeController#index as HTML
  Rendering layout layouts/application.html.erb
  Rendering welcome/index.html.erb within layouts/application
  Rendered welcome/index.html.erb within layouts/application (Duration: 0.9ms | Allocations: 56)
  Rendered application/_menubar.html.erb (Duration: 0.2ms | Allocations: 124)
  Rendered application/_footer.html.erb (Duration: 0.1ms | Allocations: 8)
  Rendered layout layouts/application.html.erb (Duration: 50.7ms | Allocations: 10394)
Completed 200 OK in 53ms (Views: 51.8ms | ActiveRecord: 0.0ms | Allocations: 10659)


Started GET "/offtop" for 127.0.0.1 at 2024-06-03 10:23:02 +0300
Processing by OfftopController#index as HTML
  Rendering layout layouts/application.html.erb
  Rendering offtop/index.html.erb within layouts/application
  Rendered offtop/index.html.erb within layouts/application (Duration: 0.1ms | Allocations: 7)
  Rendered application/_menubar.html.erb (Duration: 0.6ms | Allocations: 133)
  Rendered application/_footer.html.erb (Duration: 0.0ms | Allocations: 8)
  Rendered layout layouts/application.html.erb (Duration: 5.5ms | Allocations: 3176)
Completed 200 OK in 6ms (Views: 5.9ms | ActiveRecord: 0.0ms | Allocations: 3443)


Started GET "/offtop" for 127.0.0.1 at 2024-06-03 10:23:03 +0300
Processing by OfftopController#index as HTML
  Rendering layout layouts/application.html.erb
  Rendering offtop/index.html.erb within layouts/application
  Rendered offtop/index.html.erb within layouts/application (Duration: 0.0ms | Allocations: 7)
  Rendered application/_menubar.html.erb (Duration: 0.3ms | Allocations: 133)
  Rendered application/_footer.html.erb (Duration: 0.0ms | Allocations: 8)
  Rendered layout layouts/application.html.erb (Duration: 6.6ms | Allocations: 3188)
Completed 200 OK in 8ms (Views: 7.2ms | ActiveRecord: 0.0ms | Allocations: 3455)


Started GET "/offtop" for 127.0.0.1 at 2024-06-03 10:23:06 +0300
Processing by OfftopController#index as HTML
  Rendering layout layouts/application.html.erb
  Rendering offtop/index.html.erb within layouts/application
  Rendered offtop/index.html.erb within layouts/application (Duration: 0.0ms | Allocations: 7)
  Rendered application/_menubar.html.erb (Duration: 0.4ms | Allocations: 133)
  Rendered application/_footer.html.erb (Duration: 0.0ms | Allocations: 8)
  Rendered layout layouts/application.html.erb (Duration: 4.9ms | Allocations: 3182)
Completed 200 OK in 6ms (Views: 5.4ms | ActiveRecord: 0.0ms | Allocations: 3449)


Started GET "/" for 127.0.0.1 at 2024-06-03 10:23:19 +0300
Processing by WelcomeController#index as HTML
  Rendering layout layouts/application.html.erb
  Rendering welcome/index.html.erb within layouts/application
  Rendered welcome/index.html.erb within layouts/application (Duration: 0.9ms | Allocations: 56)
  Rendered application/_menubar.html.erb (Duration: 0.2ms | Allocations: 124)
  Rendered application/_footer.html.erb (Duration: 0.0ms | Allocations: 8)
  Rendered layout layouts/application.html.erb (Duration: 47.2ms | Allocations: 10391)
Completed 200 OK in 50ms (Views: 48.3ms | ActiveRecord: 0.0ms | Allocations: 10656)


Started GET "/offtop" for 127.0.0.1 at 2024-06-03 10:23:20 +0300
Processing by OfftopController#index as HTML
  Rendering layout layouts/application.html.erb
  Rendering offtop/index.html.erb within layouts/application
  Rendered offtop/index.html.erb within layouts/application (Duration: 0.1ms | Allocations: 7)
  Rendered application/_menubar.html.erb (Duration: 0.3ms | Allocations: 133)
  Rendered application/_footer.html.erb (Duration: 0.0ms | Allocations: 8)
  Rendered layout layouts/application.html.erb (Duration: 8.2ms | Allocations: 3200)
Completed 200 OK in 10ms (Views: 9.0ms | ActiveRecord: 0.0ms | Allocations: 3468)


Started GET "/offtop" for 127.0.0.1 at 2024-06-03 10:32:46 +0300
Processing by OfftopController#index as HTML
  Rendering layout layouts/application.html.erb
  Rendering offtop/index.html.erb within layouts/application
  Rendered offtop/index.html.erb within layouts/application (Duration: 0.1ms | Allocations: 7)
  Rendered application/_menubar.html.erb (Duration: 0.3ms | Allocations: 133)
  Rendered application/_footer.html.erb (Duration: 0.0ms | Allocations: 8)
  Rendered layout layouts/application.html.erb (Duration: 55.3ms | Allocations: 9015)
Completed 200 OK in 61ms (Views: 56.2ms | ActiveRecord: 0.0ms | Allocations: 9282)


Started GET "/" for 127.0.0.1 at 2024-06-03 10:44:37 +0300
Processing by WelcomeController#index as HTML
  Rendering layout layouts/application.html.erb
  Rendering welcome/index.html.erb within layouts/application
  Rendered welcome/index.html.erb within layouts/application (Duration: 6.5ms | Allocations: 236)
  Rendered application/_menubar.html.erb (Duration: 1.1ms | Allocations: 302)
  Rendered application/_footer.html.erb (Duration: 0.3ms | Allocations: 106)
  Rendered layout layouts/application.html.erb (Duration: 57.5ms | Allocations: 11278)
Completed 200 OK in 67ms (Views: 64.0ms | ActiveRecord: 0.0ms | Allocations: 12099)


Started GET "/offtop" for 127.0.0.1 at 2024-06-03 10:44:39 +0300
Processing by OfftopController#index as HTML
  Rendering layout layouts/application.html.erb
  Rendering offtop/index.html.erb within layouts/application
  Rendered offtop/index.html.erb within layouts/application (Duration: 1.3ms | Allocations: 105)
  Rendered application/_menubar.html.erb (Duration: 0.2ms | Allocations: 156)
  Rendered application/_footer.html.erb (Duration: 0.0ms | Allocations: 9)
  Rendered layout layouts/application.html.erb (Duration: 8.3ms | Allocations: 3372)
Completed 200 OK in 14ms (Views: 11.4ms | ActiveRecord: 0.0ms | Allocations: 3942)


Started GET "/offtop" for 127.0.0.1 at 2024-06-03 10:47:09 +0300
Processing by OfftopController#index as HTML
  Rendering layout layouts/application.html.erb
  Rendering offtop/index.html.erb within layouts/application
  Rendered offtop/index.html.erb within layouts/application (Duration: 0.1ms | Allocations: 7)
  Rendered application/_menubar.html.erb (Duration: 0.2ms | Allocations: 133)
  Rendered application/_footer.html.erb (Duration: 0.0ms | Allocations: 8)
  Rendered layout layouts/application.html.erb (Duration: 59.9ms | Allocations: 10329)
Completed 200 OK in 62ms (Views: 60.5ms | ActiveRecord: 0.0ms | Allocations: 10597)


Started GET "/offtop" for 127.0.0.1 at 2024-06-03 10:48:06 +0300
Processing by OfftopController#index as HTML
  Rendering layout layouts/application.html.erb
  Rendering offtop/index.html.erb within layouts/application
  Rendered offtop/index.html.erb within layouts/application (Duration: 0.1ms | Allocations: 7)
  Rendered application/_menubar.html.erb (Duration: 0.3ms | Allocations: 133)
  Rendered application/_footer.html.erb (Duration: 0.0ms | Allocations: 8)
  Rendered layout layouts/application.html.erb (Duration: 15.6ms | Allocations: 3194)
Completed 200 OK in 17ms (Views: 16.2ms | ActiveRecord: 0.0ms | Allocations: 3461)


Started GET "/" for 127.0.0.1 at 2024-06-03 10:49:49 +0300
Processing by WelcomeController#index as HTML
  Rendering layout layouts/application.html.erb
  Rendering welcome/index.html.erb within layouts/application
  Rendered welcome/index.html.erb within layouts/application (Duration: 2.3ms | Allocations: 230)
  Rendered application/_menubar.html.erb (Duration: 0.6ms | Allocations: 304)
  Rendered application/_footer.html.erb (Duration: 0.3ms | Allocations: 106)
  Rendered layout layouts/application.html.erb (Duration: 49.9ms | Allocations: 11272)
Completed 200 OK in 56ms (Views: 54.1ms | ActiveRecord: 0.0ms | Allocations: 12091)


Started GET "/" for 127.0.0.1 at 2024-06-03 11:10:07 +0300
Processing by WelcomeController#index as HTML
  Rendering layout layouts/application.html.erb
  Rendering welcome/index.html.erb within layouts/application
  Rendered welcome/index.html.erb within layouts/application (Duration: 0.9ms | Allocations: 56)
  Rendered application/_menubar.html.erb (Duration: 0.2ms | Allocations: 124)
  Rendered application/_footer.html.erb (Duration: 0.0ms | Allocations: 8)
  Rendered layout layouts/application.html.erb (Duration: 18.0ms | Allocations: 3229)
Completed 200 OK in 20ms (Views: 18.7ms | ActiveRecord: 0.0ms | Allocations: 3497)


Started GET "/" for 127.0.0.1 at 2024-06-03 11:10:19 +0300
Processing by WelcomeController#index as HTML
  Rendering layout layouts/application.html.erb
  Rendering welcome/index.html.erb within layouts/application
  Rendered welcome/index.html.erb within layouts/application (Duration: 0.8ms | Allocations: 56)
  Rendered application/_menubar.html.erb (Duration: 0.1ms | Allocations: 124)
  Rendered application/_footer.html.erb (Duration: 0.0ms | Allocations: 8)
  Rendered layout layouts/application.html.erb (Duration: 74.7ms | Allocations: 10370)
Completed 200 OK in 77ms (Views: 75.9ms | ActiveRecord: 0.0ms | Allocations: 10637)


Started GET "/" for 127.0.0.1 at 2024-06-03 11:10:36 +0300
Processing by WelcomeController#index as HTML
  Rendering layout layouts/application.html.erb
  Rendering welcome/index.html.erb within layouts/application
  Rendered welcome/index.html.erb within layouts/application (Duration: 4.7ms | Allocations: 56)
  Rendered application/_menubar.html.erb (Duration: 0.2ms | Allocations: 124)
  Rendered application/_footer.html.erb (Duration: 0.0ms | Allocations: 8)
  Rendered layout layouts/application.html.erb (Duration: 50.2ms | Allocations: 10388)
Completed 200 OK in 54ms (Views: 51.0ms | ActiveRecord: 0.0ms | Allocations: 10654)


Started GET "/" for 127.0.0.1 at 2024-06-03 11:11:00 +0300
Processing by WelcomeController#index as HTML
  Rendering layout layouts/application.html.erb
  Rendering welcome/index.html.erb within layouts/application
  Rendered welcome/index.html.erb within layouts/application (Duration: 0.9ms | Allocations: 56)
  Rendered application/_menubar.html.erb (Duration: 0.1ms | Allocations: 124)
  Rendered application/_footer.html.erb (Duration: 0.0ms | Allocations: 8)
  Rendered layout layouts/application.html.erb (Duration: 54.8ms | Allocations: 10370)
Completed 200 OK in 57ms (Views: 56.1ms | ActiveRecord: 0.0ms | Allocations: 10635)


Started GET "/" for 127.0.0.1 at 2024-06-03 11:11:12 +0300
Processing by WelcomeController#index as HTML
  Rendering layout layouts/application.html.erb
  Rendering welcome/index.html.erb within layouts/application
  Rendered welcome/index.html.erb within layouts/application (Duration: 1.1ms | Allocations: 56)
  Rendered application/_menubar.html.erb (Duration: 0.2ms | Allocations: 124)
  Rendered application/_footer.html.erb (Duration: 0.0ms | Allocations: 8)
  Rendered layout layouts/application.html.erb (Duration: 58.0ms | Allocations: 10351)
Completed 200 OK in 60ms (Views: 58.9ms | ActiveRecord: 0.0ms | Allocations: 10616)


Started GET "/" for 127.0.0.1 at 2024-06-03 11:11:13 +0300
Processing by WelcomeController#index as HTML
  Rendering layout layouts/application.html.erb
  Rendering welcome/index.html.erb within layouts/application
  Rendered welcome/index.html.erb within layouts/application (Duration: 0.2ms | Allocations: 56)
  Rendered application/_menubar.html.erb (Duration: 0.2ms | Allocations: 124)
  Rendered application/_footer.html.erb (Duration: 0.0ms | Allocations: 8)
  Rendered layout layouts/application.html.erb (Duration: 5.9ms | Allocations: 3241)
Completed 200 OK in 7ms (Views: 6.4ms | ActiveRecord: 0.0ms | Allocations: 3506)


Started GET "/" for 127.0.0.1 at 2024-06-03 11:11:39 +0300
Processing by WelcomeController#index as HTML
  Rendering layout layouts/application.html.erb
  Rendering welcome/index.html.erb within layouts/application
  Rendered welcome/index.html.erb within layouts/application (Duration: 0.8ms | Allocations: 56)
  Rendered application/_menubar.html.erb (Duration: 0.2ms | Allocations: 124)
  Rendered application/_footer.html.erb (Duration: 0.0ms | Allocations: 8)
  Rendered layout layouts/application.html.erb (Duration: 60.7ms | Allocations: 10364)
Completed 200 OK in 63ms (Views: 61.7ms | ActiveRecord: 0.0ms | Allocations: 10629)


Started GET "/" for 127.0.0.1 at 2024-06-03 11:13:16 +0300
Processing by WelcomeController#index as HTML
  Rendering layout layouts/application.html.erb
  Rendering welcome/index.html.erb within layouts/application
  Rendered welcome/index.html.erb within layouts/application (Duration: 0.7ms | Allocations: 56)
  Rendered application/_menubar.html.erb (Duration: 0.1ms | Allocations: 124)
  Rendered application/_footer.html.erb (Duration: 0.0ms | Allocations: 8)
  Rendered layout layouts/application.html.erb (Duration: 36.7ms | Allocations: 10400)
Completed 200 OK in 39ms (Views: 37.6ms | ActiveRecord: 0.0ms | Allocations: 10666)


Started GET "/" for 127.0.0.1 at 2024-06-03 11:14:09 +0300
Processing by WelcomeController#index as HTML
  Rendering layout layouts/application.html.erb
  Rendering welcome/index.html.erb within layouts/application
  Rendered welcome/index.html.erb within layouts/application (Duration: 0.7ms | Allocations: 56)
  Rendered application/_menubar.html.erb (Duration: 0.2ms | Allocations: 124)
  Rendered application/_footer.html.erb (Duration: 0.0ms | Allocations: 8)
  Rendered layout layouts/application.html.erb (Duration: 47.8ms | Allocations: 10352)
Completed 200 OK in 50ms (Views: 48.7ms | ActiveRecord: 0.0ms | Allocations: 10617)


Started GET "/" for 127.0.0.1 at 2024-06-03 11:14:58 +0300
Processing by WelcomeController#index as HTML
  Rendering layout layouts/application.html.erb
  Rendering welcome/index.html.erb within layouts/application
  Rendered welcome/index.html.erb within layouts/application (Duration: 0.6ms | Allocations: 56)
  Rendered application/_menubar.html.erb (Duration: 0.2ms | Allocations: 124)
  Rendered application/_footer.html.erb (Duration: 0.0ms | Allocations: 8)
  Rendered layout layouts/application.html.erb (Duration: 43.7ms | Allocations: 10381)
Completed 200 OK in 45ms (Views: 44.5ms | ActiveRecord: 0.0ms | Allocations: 10646)


Started GET "/" for 127.0.0.1 at 2024-06-03 11:16:09 +0300
Processing by WelcomeController#index as HTML
  Rendering layout layouts/application.html.erb
  Rendering welcome/index.html.erb within layouts/application
  Rendered welcome/index.html.erb within layouts/application (Duration: 0.7ms | Allocations: 56)
  Rendered application/_menubar.html.erb (Duration: 0.2ms | Allocations: 124)
  Rendered application/_footer.html.erb (Duration: 0.1ms | Allocations: 8)
  Rendered layout layouts/application.html.erb (Duration: 44.9ms | Allocations: 10398)
Completed 200 OK in 47ms (Views: 45.9ms | ActiveRecord: 0.0ms | Allocations: 10663)


Started GET "/" for 127.0.0.1 at 2024-06-03 11:16:37 +0300
Processing by WelcomeController#index as HTML
  Rendering layout layouts/application.html.erb
  Rendering welcome/index.html.erb within layouts/application
  Rendered welcome/index.html.erb within layouts/application (Duration: 1.0ms | Allocations: 56)
  Rendered application/_menubar.html.erb (Duration: 0.2ms | Allocations: 124)
  Rendered application/_footer.html.erb (Duration: 0.0ms | Allocations: 8)
  Rendered layout layouts/application.html.erb (Duration: 11.7ms | Allocations: 3276)
Completed 200 OK in 15ms (Views: 12.9ms | ActiveRecord: 0.0ms | Allocations: 3541)


Started GET "/" for 127.0.0.1 at 2024-06-03 11:17:43 +0300
Processing by WelcomeController#index as HTML
  Rendering layout layouts/application.html.erb
  Rendering welcome/index.html.erb within layouts/application
  Rendered welcome/index.html.erb within layouts/application (Duration: 0.5ms | Allocations: 56)
  Rendered application/_menubar.html.erb (Duration: 0.1ms | Allocations: 124)
  Rendered application/_footer.html.erb (Duration: 0.0ms | Allocations: 8)
  Rendered layout layouts/application.html.erb (Duration: 44.0ms | Allocations: 10373)
Completed 200 OK in 46ms (Views: 44.5ms | ActiveRecord: 0.0ms | Allocations: 10638)


Started GET "/" for 127.0.0.1 at 2024-06-03 11:25:24 +0300
Processing by WelcomeController#index as HTML
  Rendering layout layouts/application.html.erb
  Rendering welcome/index.html.erb within layouts/application
  Rendered welcome/index.html.erb within layouts/application (Duration: 0.8ms | Allocations: 56)
  Rendered application/_menubar.html.erb (Duration: 0.1ms | Allocations: 124)
  Rendered application/_footer.html.erb (Duration: 0.0ms | Allocations: 8)
  Rendered layout layouts/application.html.erb (Duration: 18.0ms | Allocations: 3228)
Completed 200 OK in 20ms (Views: 18.5ms | ActiveRecord: 0.0ms | Allocations: 3495)


Started GET "/" for 127.0.0.1 at 2024-06-03 11:26:22 +0300
Processing by WelcomeController#index as HTML
  Rendering layout layouts/application.html.erb
  Rendering welcome/index.html.erb within layouts/application
  Rendered welcome/index.html.erb within layouts/application (Duration: 0.7ms | Allocations: 56)
  Rendered application/_menubar.html.erb (Duration: 0.1ms | Allocations: 124)
  Rendered application/_footer.html.erb (Duration: 0.0ms | Allocations: 8)
  Rendered layout layouts/application.html.erb (Duration: 46.4ms | Allocations: 10381)
Completed 200 OK in 48ms (Views: 47.2ms | ActiveRecord: 0.0ms | Allocations: 10647)


Started GET "/" for 127.0.0.1 at 2024-06-03 11:33:07 +0300
Processing by WelcomeController#index as HTML
  Rendering layout layouts/application.html.erb
  Rendering welcome/index.html.erb within layouts/application
  Rendered welcome/index.html.erb within layouts/application (Duration: 1.1ms | Allocations: 56)
  Rendered application/_menubar.html.erb (Duration: 0.1ms | Allocations: 124)
  Rendered application/_footer.html.erb (Duration: 0.0ms | Allocations: 8)
  Rendered layout layouts/application.html.erb (Duration: 66.1ms | Allocations: 11188)
Completed 200 OK in 67ms (Views: 66.7ms | ActiveRecord: 0.0ms | Allocations: 11453)


Started GET "/" for 127.0.0.1 at 2024-06-03 11:33:17 +0300
Processing by WelcomeController#index as HTML
  Rendering layout layouts/application.html.erb
  Rendering welcome/index.html.erb within layouts/application
  Rendered welcome/index.html.erb within layouts/application (Duration: 1.0ms | Allocations: 56)
  Rendered application/_menubar.html.erb (Duration: 0.2ms | Allocations: 124)
  Rendered application/_footer.html.erb (Duration: 0.0ms | Allocations: 8)
  Rendered layout layouts/application.html.erb (Duration: 38.5ms | Allocations: 9044)
Completed 200 OK in 41ms (Views: 39.5ms | ActiveRecord: 0.0ms | Allocations: 9309)


Started GET "/" for 127.0.0.1 at 2024-06-03 11:34:06 +0300
Processing by WelcomeController#index as HTML
  Rendering layout layouts/application.html.erb
  Rendering welcome/index.html.erb within layouts/application
  Rendered welcome/index.html.erb within layouts/application (Duration: 0.7ms | Allocations: 56)
  Rendered application/_menubar.html.erb (Duration: 0.2ms | Allocations: 124)
  Rendered application/_footer.html.erb (Duration: 0.1ms | Allocations: 8)
  Rendered layout layouts/application.html.erb (Duration: 33.7ms | Allocations: 9035)
Completed 200 OK in 36ms (Views: 35.2ms | ActiveRecord: 0.0ms | Allocations: 9300)


Started GET "/" for 127.0.0.1 at 2024-06-03 11:34:13 +0300
Processing by WelcomeController#index as HTML
  Rendering layout layouts/application.html.erb
  Rendering welcome/index.html.erb within layouts/application
  Rendered welcome/index.html.erb within layouts/application (Duration: 3.0ms | Allocations: 56)
  Rendered application/_menubar.html.erb (Duration: 0.1ms | Allocations: 124)
  Rendered application/_footer.html.erb (Duration: 0.0ms | Allocations: 8)
  Rendered layout layouts/application.html.erb (Duration: 67.8ms | Allocations: 9034)
Completed 200 OK in 71ms (Views: 69.9ms | ActiveRecord: 0.0ms | Allocations: 9299)


Started GET "/" for 127.0.0.1 at 2024-06-03 11:34:42 +0300
Processing by WelcomeController#index as HTML
  Rendering layout layouts/application.html.erb
  Rendering welcome/index.html.erb within layouts/application
  Rendered welcome/index.html.erb within layouts/application (Duration: 0.4ms | Allocations: 56)
  Rendered application/_menubar.html.erb (Duration: 0.2ms | Allocations: 124)
  Rendered application/_footer.html.erb (Duration: 0.0ms | Allocations: 8)
  Rendered layout layouts/application.html.erb (Duration: 26.1ms | Allocations: 9057)
Completed 200 OK in 27ms (Views: 26.6ms | ActiveRecord: 0.0ms | Allocations: 9323)


Started GET "/" for 127.0.0.1 at 2024-06-03 11:35:00 +0300
Processing by WelcomeController#index as HTML
  Rendering layout layouts/application.html.erb
  Rendering welcome/index.html.erb within layouts/application
  Rendered welcome/index.html.erb within layouts/application (Duration: 0.8ms | Allocations: 56)
  Rendered application/_menubar.html.erb (Duration: 0.5ms | Allocations: 124)
  Rendered application/_footer.html.erb (Duration: 0.0ms | Allocations: 8)
  Rendered layout layouts/application.html.erb (Duration: 25.4ms | Allocations: 9056)
Completed 200 OK in 28ms (Views: 26.3ms | ActiveRecord: 0.0ms | Allocations: 9321)


Started GET "/" for 127.0.0.1 at 2024-06-03 11:35:41 +0300
Processing by WelcomeController#index as HTML
  Rendering layout layouts/application.html.erb
  Rendering welcome/index.html.erb within layouts/application
  Rendered welcome/index.html.erb within layouts/application (Duration: 0.4ms | Allocations: 56)
  Rendered layout layouts/application.html.erb (Duration: 33.0ms | Allocations: 7112)
Completed 500 Internal Server Error in 36ms (ActiveRecord: 0.0ms | Allocations: 7375)


  
ActionView::Template::Error (Error: Invalid CSS after "}": expected "}", was ""
        on line 37:2 of app/assets/stylesheets/responsive.scss
>> }

   -^
):
     8:     <%= favicon_link_tag 'icon.svg', type: 'image/svg+xml' %>
     9: 
    10: 
    11:     <%= stylesheet_link_tag "application", "data-turbo-track": "reload" %>
    12:     <%= javascript_importmap_tags %>
    13:   </head>
    14: 
  
app/assets/stylesheets/responsive.scss:37
app/views/layouts/application.html.erb:11
Started GET "/" for 127.0.0.1 at 2024-06-03 11:35:58 +0300
Processing by WelcomeController#index as HTML
  Rendering layout layouts/application.html.erb
  Rendering welcome/index.html.erb within layouts/application
  Rendered welcome/index.html.erb within layouts/application (Duration: 1.5ms | Allocations: 56)
  Rendered application/_menubar.html.erb (Duration: 0.2ms | Allocations: 124)
  Rendered application/_footer.html.erb (Duration: 0.0ms | Allocations: 8)
  Rendered layout layouts/application.html.erb (Duration: 33.3ms | Allocations: 9072)
Completed 200 OK in 37ms (Views: 35.4ms | ActiveRecord: 0.0ms | Allocations: 9337)


Started GET "/" for 127.0.0.1 at 2024-06-03 11:59:32 +0300
Processing by WelcomeController#index as HTML
  Rendering layout layouts/application.html.erb
  Rendering welcome/index.html.erb within layouts/application
  Rendered welcome/index.html.erb within layouts/application (Duration: 1.3ms | Allocations: 56)
  Rendered application/_menubar.html.erb (Duration: 0.1ms | Allocations: 124)
  Rendered application/_footer.html.erb (Duration: 0.0ms | Allocations: 8)
  Rendered layout layouts/application.html.erb (Duration: 19.1ms | Allocations: 3241)
Completed 200 OK in 23ms (Views: 20.4ms | ActiveRecord: 0.0ms | Allocations: 3505)


Started GET "/" for 127.0.0.1 at 2024-06-03 12:28:44 +0300
Processing by WelcomeController#index as HTML
  Rendering layout layouts/application.html.erb
  Rendering welcome/index.html.erb within layouts/application
  Rendered welcome/index.html.erb within layouts/application (Duration: 7.3ms | Allocations: 235)
  Rendered application/_menubar.html.erb (Duration: 0.8ms | Allocations: 302)
  Rendered application/_footer.html.erb (Duration: 1.4ms | Allocations: 106)
  Rendered layout layouts/application.html.erb (Duration: 31.5ms | Allocations: 4126)
Completed 200 OK in 71ms (Views: 53.9ms | ActiveRecord: 0.0ms | Allocations: 4943)


Started GET "/" for 127.0.0.1 at 2024-06-03 12:29:30 +0300
Processing by WelcomeController#index as HTML
  Rendering layout layouts/application.html.erb
  Rendering welcome/index.html.erb within layouts/application
  Rendered welcome/index.html.erb within layouts/application (Duration: 2.4ms | Allocations: 235)
  Rendered application/_menubar.html.erb (Duration: 1.0ms | Allocations: 302)
  Rendered application/_footer.html.erb (Duration: 0.5ms | Allocations: 106)
  Rendered layout layouts/application.html.erb (Duration: 17.5ms | Allocations: 4138)
Completed 200 OK in 34ms (Views: 26.9ms | ActiveRecord: 0.0ms | Allocations: 4956)


Started GET "/" for 127.0.0.1 at 2024-06-03 12:29:56 +0300
Processing by WelcomeController#index as HTML
  Rendering layout layouts/application.html.erb
  Rendering welcome/index.html.erb within layouts/application
  Rendered welcome/index.html.erb within layouts/application (Duration: 2.1ms | Allocations: 235)
  Rendered application/_menubar.html.erb (Duration: 0.7ms | Allocations: 305)
  Rendered application/_footer.html.erb (Duration: 0.3ms | Allocations: 106)
  Rendered layout layouts/application.html.erb (Duration: 58.5ms | Allocations: 4151)
Completed 200 OK in 70ms (Views: 61.7ms | ActiveRecord: 0.0ms | Allocations: 4971)


Started GET "/" for 127.0.0.1 at 2024-06-03 12:30:27 +0300
Processing by WelcomeController#index as HTML
  Rendering layout layouts/application.html.erb
  Rendering welcome/index.html.erb within layouts/application
  Rendered welcome/index.html.erb within layouts/application (Duration: 1.4ms | Allocations: 235)
  Rendered application/_menubar.html.erb (Duration: 2.1ms | Allocations: 303)
  Rendered application/_footer.html.erb (Duration: 0.3ms | Allocations: 106)
  Rendered layout layouts/application.html.erb (Duration: 13.8ms | Allocations: 4140)
Completed 200 OK in 19ms (Views: 17.0ms | ActiveRecord: 0.0ms | Allocations: 4962)


Started GET "/" for 127.0.0.1 at 2024-06-03 12:40:06 +0300
Processing by WelcomeController#index as HTML
  Rendering layout layouts/application.html.erb
  Rendering welcome/index.html.erb within layouts/application
  Rendered welcome/index.html.erb within layouts/application (Duration: 2.1ms | Allocations: 236)
  Rendered application/_menubar.html.erb (Duration: 0.5ms | Allocations: 302)
  Rendered application/_footer.html.erb (Duration: 0.3ms | Allocations: 106)
  Rendered layout layouts/application.html.erb (Duration: 15.4ms | Allocations: 4153)
Completed 200 OK in 25ms (Views: 22.6ms | ActiveRecord: 0.0ms | Allocations: 4974)


Started GET "/" for 127.0.0.1 at 2024-06-03 12:40:59 +0300
Processing by WelcomeController#index as HTML
  Rendering layout layouts/application.html.erb
  Rendering welcome/index.html.erb within layouts/application
  Rendered welcome/index.html.erb within layouts/application (Duration: 1.8ms | Allocations: 235)
  Rendered application/_menubar.html.erb (Duration: 0.8ms | Allocations: 302)
  Rendered application/_footer.html.erb (Duration: 0.8ms | Allocations: 106)
  Rendered layout layouts/application.html.erb (Duration: 24.0ms | Allocations: 4144)
Completed 200 OK in 31ms (Views: 29.3ms | ActiveRecord: 0.0ms | Allocations: 4964)


Started GET "/" for 127.0.0.1 at 2024-06-03 12:41:25 +0300
Processing by WelcomeController#index as HTML
  Rendering layout layouts/application.html.erb
  Rendering welcome/index.html.erb within layouts/application
  Rendered welcome/index.html.erb within layouts/application (Duration: 1.8ms | Allocations: 235)
  Rendered application/_menubar.html.erb (Duration: 0.7ms | Allocations: 302)
  Rendered application/_footer.html.erb (Duration: 0.8ms | Allocations: 106)
  Rendered layout layouts/application.html.erb (Duration: 14.5ms | Allocations: 4129)
Completed 200 OK in 22ms (Views: 18.5ms | ActiveRecord: 0.0ms | Allocations: 4948)


Started GET "/" for 127.0.0.1 at 2024-06-03 12:44:19 +0300
Processing by WelcomeController#index as HTML
  Rendering layout layouts/application.html.erb
  Rendering welcome/index.html.erb within layouts/application
  Rendered welcome/index.html.erb within layouts/application (Duration: 2.3ms | Allocations: 249)
  Rendered application/_menubar.html.erb (Duration: 1.1ms | Allocations: 302)
  Rendered application/_footer.html.erb (Duration: 1.0ms | Allocations: 106)
  Rendered layout layouts/application.html.erb (Duration: 20.1ms | Allocations: 4220)
Completed 200 OK in 28ms (Views: 26.6ms | ActiveRecord: 0.0ms | Allocations: 5039)


Started GET "/" for 127.0.0.1 at 2024-06-03 12:45:54 +0300
Processing by WelcomeController#index as HTML
  Rendering layout layouts/application.html.erb
  Rendering welcome/index.html.erb within layouts/application
  Rendered welcome/index.html.erb within layouts/application (Duration: 1.5ms | Allocations: 247)
  Rendered application/_menubar.html.erb (Duration: 0.8ms | Allocations: 302)
  Rendered application/_footer.html.erb (Duration: 0.4ms | Allocations: 106)
  Rendered layout layouts/application.html.erb (Duration: 13.2ms | Allocations: 4159)
Completed 200 OK in 17ms (Views: 15.7ms | ActiveRecord: 0.0ms | Allocations: 4978)


Started GET "/" for 127.0.0.1 at 2024-06-03 12:46:27 +0300
Processing by WelcomeController#index as HTML
  Rendering layout layouts/application.html.erb
  Rendering welcome/index.html.erb within layouts/application
  Rendered welcome/index.html.erb within layouts/application (Duration: 0.4ms | Allocations: 56)
  Rendered application/_menubar.html.erb (Duration: 0.1ms | Allocations: 124)
  Rendered application/_footer.html.erb (Duration: 0.0ms | Allocations: 8)
  Rendered layout layouts/application.html.erb (Duration: 71.6ms | Allocations: 10389)
Completed 200 OK in 73ms (Views: 72.2ms | ActiveRecord: 0.0ms | Allocations: 10655)


Started GET "/" for 127.0.0.1 at 2024-06-03 12:56:56 +0300
Processing by WelcomeController#index as HTML
  Rendering layout layouts/application.html.erb
  Rendering welcome/index.html.erb within layouts/application
  Rendered welcome/index.html.erb within layouts/application (Duration: 5.3ms | Allocations: 247)
  Rendered application/_menubar.html.erb (Duration: 1.0ms | Allocations: 302)
  Rendered application/_footer.html.erb (Duration: 0.3ms | Allocations: 106)
  Rendered layout layouts/application.html.erb (Duration: 30.2ms | Allocations: 4159)
Completed 200 OK in 50ms (Views: 44.5ms | ActiveRecord: 0.0ms | Allocations: 4977)


Started GET "/offtop" for 127.0.0.1 at 2024-06-03 12:57:08 +0300
Processing by OfftopController#index as HTML
  Rendering layout layouts/application.html.erb
  Rendering offtop/index.html.erb within layouts/application
  Rendered offtop/index.html.erb within layouts/application (Duration: 1.1ms | Allocations: 105)
  Rendered application/_menubar.html.erb (Duration: 0.3ms | Allocations: 156)
  Rendered application/_footer.html.erb (Duration: 0.0ms | Allocations: 9)
  Rendered layout layouts/application.html.erb (Duration: 7.0ms | Allocations: 3393)
Completed 200 OK in 12ms (Views: 10.4ms | ActiveRecord: 0.0ms | Allocations: 3963)


Started GET "/offtop" for 127.0.0.1 at 2024-06-03 13:00:08 +0300
Processing by OfftopController#index as HTML
  Rendering layout layouts/application.html.erb
  Rendering offtop/index.html.erb within layouts/application
  Rendered offtop/index.html.erb within layouts/application (Duration: 0.2ms | Allocations: 7)
  Rendered application/_menubar.html.erb (Duration: 0.4ms | Allocations: 133)
  Rendered application/_footer.html.erb (Duration: 0.0ms | Allocations: 8)
  Rendered layout layouts/application.html.erb (Duration: 10.9ms | Allocations: 3188)
Completed 200 OK in 13ms (Views: 12.0ms | ActiveRecord: 0.0ms | Allocations: 3456)


Started GET "/offtop" for 127.0.0.1 at 2024-06-03 13:00:08 +0300
Processing by OfftopController#index as HTML
  Rendering layout layouts/application.html.erb
  Rendering offtop/index.html.erb within layouts/application
  Rendered offtop/index.html.erb within layouts/application (Duration: 0.0ms | Allocations: 7)
  Rendered application/_menubar.html.erb (Duration: 0.2ms | Allocations: 133)
  Rendered application/_footer.html.erb (Duration: 0.0ms | Allocations: 8)
  Rendered layout layouts/application.html.erb (Duration: 5.3ms | Allocations: 3189)
Completed 200 OK in 6ms (Views: 5.6ms | ActiveRecord: 0.0ms | Allocations: 3458)


Started GET "/" for 127.0.0.1 at 2024-06-03 13:00:26 +0300
Processing by WelcomeController#index as HTML
  Rendering layout layouts/application.html.erb
  Rendering welcome/index.html.erb within layouts/application
  Rendered welcome/index.html.erb within layouts/application (Duration: 0.7ms | Allocations: 56)
  Rendered application/_menubar.html.erb (Duration: 0.1ms | Allocations: 124)
  Rendered application/_footer.html.erb (Duration: 0.0ms | Allocations: 8)
  Rendered layout layouts/application.html.erb (Duration: 46.1ms | Allocations: 9069)
Completed 200 OK in 53ms (Views: 51.8ms | ActiveRecord: 0.0ms | Allocations: 9336)


Started GET "/offtop" for 127.0.0.1 at 2024-06-03 13:00:27 +0300
Processing by OfftopController#index as HTML
  Rendering layout layouts/application.html.erb
  Rendering offtop/index.html.erb within layouts/application
  Rendered offtop/index.html.erb within layouts/application (Duration: 0.2ms | Allocations: 7)
  Rendered application/_menubar.html.erb (Duration: 0.4ms | Allocations: 133)
  Rendered application/_footer.html.erb (Duration: 0.0ms | Allocations: 8)
  Rendered layout layouts/application.html.erb (Duration: 10.4ms | Allocations: 3186)
Completed 200 OK in 14ms (Views: 11.9ms | ActiveRecord: 0.0ms | Allocations: 3454)


Started GET "/" for 127.0.0.1 at 2024-06-03 13:01:08 +0300
Processing by WelcomeController#index as HTML
  Rendering layout layouts/application.html.erb
  Rendering welcome/index.html.erb within layouts/application
  Rendered welcome/index.html.erb within layouts/application (Duration: 1.3ms | Allocations: 56)
  Rendered application/_menubar.html.erb (Duration: 0.2ms | Allocations: 124)
  Rendered application/_footer.html.erb (Duration: 0.0ms | Allocations: 8)
  Rendered layout layouts/application.html.erb (Duration: 39.9ms | Allocations: 9022)
Completed 200 OK in 44ms (Views: 41.4ms | ActiveRecord: 0.0ms | Allocations: 9287)


Started GET "/" for 127.0.0.1 at 2024-06-03 13:02:49 +0300
Processing by WelcomeController#index as HTML
  Rendering layout layouts/application.html.erb
  Rendering welcome/index.html.erb within layouts/application
  Rendered welcome/index.html.erb within layouts/application (Duration: 3.0ms | Allocations: 251)
  Rendered application/_menubar.html.erb (Duration: 0.6ms | Allocations: 302)
  Rendered application/_footer.html.erb (Duration: 0.3ms | Allocations: 106)
  Rendered layout layouts/application.html.erb (Duration: 16.6ms | Allocations: 4154)
Completed 200 OK in 24ms (Views: 21.7ms | ActiveRecord: 0.0ms | Allocations: 4975)


Started GET "/" for 127.0.0.1 at 2024-06-03 13:03:01 +0300
Processing by WelcomeController#index as HTML
  Rendering layout layouts/application.html.erb
  Rendering welcome/index.html.erb within layouts/application
  Rendered welcome/index.html.erb within layouts/application (Duration: 2.1ms | Allocations: 247)
  Rendered application/_menubar.html.erb (Duration: 0.7ms | Allocations: 302)
  Rendered application/_footer.html.erb (Duration: 0.3ms | Allocations: 106)
  Rendered layout layouts/application.html.erb (Duration: 9.8ms | Allocations: 4147)
Completed 200 OK in 15ms (Views: 12.7ms | ActiveRecord: 0.0ms | Allocations: 4966)


Started GET "/" for 127.0.0.1 at 2024-06-03 13:04:10 +0300
Processing by WelcomeController#index as HTML
  Rendering layout layouts/application.html.erb
  Rendering welcome/index.html.erb within layouts/application
  Rendered welcome/index.html.erb within layouts/application (Duration: 1.9ms | Allocations: 246)
  Rendered application/_menubar.html.erb (Duration: 0.7ms | Allocations: 302)
  Rendered application/_footer.html.erb (Duration: 0.3ms | Allocations: 106)
  Rendered layout layouts/application.html.erb (Duration: 45.1ms | Allocations: 9946)
Completed 200 OK in 52ms (Views: 49.8ms | ActiveRecord: 0.0ms | Allocations: 10765)


Started GET "/" for 127.0.0.1 at 2024-06-03 13:04:17 +0300
Processing by WelcomeController#index as HTML
  Rendering layout layouts/application.html.erb
  Rendering welcome/index.html.erb within layouts/application
  Rendered welcome/index.html.erb within layouts/application (Duration: 10.5ms | Allocations: 56)
  Rendered application/_menubar.html.erb (Duration: 0.1ms | Allocations: 124)
  Rendered application/_footer.html.erb (Duration: 0.0ms | Allocations: 8)
  Rendered layout layouts/application.html.erb (Duration: 18.5ms | Allocations: 3220)
Completed 200 OK in 21ms (Views: 19.6ms | ActiveRecord: 0.0ms | Allocations: 3486)


Started GET "/" for 127.0.0.1 at 2024-06-03 13:04:44 +0300
Processing by WelcomeController#index as HTML
  Rendering layout layouts/application.html.erb
  Rendering welcome/index.html.erb within layouts/application
  Rendered welcome/index.html.erb within layouts/application (Duration: 4.6ms | Allocations: 56)
  Rendered application/_menubar.html.erb (Duration: 0.1ms | Allocations: 124)
  Rendered application/_footer.html.erb (Duration: 0.0ms | Allocations: 8)
  Rendered layout layouts/application.html.erb (Duration: 38.1ms | Allocations: 9027)
Completed 200 OK in 44ms (Views: 40.0ms | ActiveRecord: 0.0ms | Allocations: 9293)


Started GET "/" for 127.0.0.1 at 2024-06-03 13:16:48 +0300
Processing by WelcomeController#index as HTML
  Rendering layout layouts/application.html.erb
  Rendering welcome/index.html.erb within layouts/application
  Rendered welcome/index.html.erb within layouts/application (Duration: 1.5ms | Allocations: 235)
  Rendered application/_menubar.html.erb (Duration: 1.0ms | Allocations: 302)
  Rendered application/_footer.html.erb (Duration: 0.6ms | Allocations: 106)
  Rendered layout layouts/application.html.erb (Duration: 16.0ms | Allocations: 4135)
Completed 200 OK in 23ms (Views: 20.4ms | ActiveRecord: 0.0ms | Allocations: 4957)


Started GET "/" for 127.0.0.1 at 2024-06-03 13:16:59 +0300
Processing by WelcomeController#index as HTML
  Rendering layout layouts/application.html.erb
  Rendering welcome/index.html.erb within layouts/application
  Rendered welcome/index.html.erb within layouts/application (Duration: 6.7ms | Allocations: 246)
  Rendered application/_menubar.html.erb (Duration: 1.1ms | Allocations: 302)
  Rendered application/_footer.html.erb (Duration: 0.7ms | Allocations: 106)
  Rendered layout layouts/application.html.erb (Duration: 18.2ms | Allocations: 4146)
Completed 200 OK in 36ms (Views: 26.6ms | ActiveRecord: 0.0ms | Allocations: 4965)


Started GET "/" for 127.0.0.1 at 2024-06-03 13:19:26 +0300
Processing by WelcomeController#index as HTML
  Rendering layout layouts/application.html.erb
  Rendering welcome/index.html.erb within layouts/application
  Rendered welcome/index.html.erb within layouts/application (Duration: 0.9ms | Allocations: 56)
  Rendered application/_menubar.html.erb (Duration: 0.3ms | Allocations: 124)
  Rendered application/_footer.html.erb (Duration: 0.0ms | Allocations: 8)
  Rendered layout layouts/application.html.erb (Duration: 48.3ms | Allocations: 9053)
Completed 200 OK in 51ms (Views: 49.4ms | ActiveRecord: 0.0ms | Allocations: 9319)


Started GET "/" for 127.0.0.1 at 2024-06-03 13:19:31 +0300
Processing by WelcomeController#index as HTML
  Rendering layout layouts/application.html.erb
  Rendering welcome/index.html.erb within layouts/application
  Rendered welcome/index.html.erb within layouts/application (Duration: 0.9ms | Allocations: 56)
  Rendered application/_menubar.html.erb (Duration: 0.3ms | Allocations: 124)
  Rendered application/_footer.html.erb (Duration: 0.1ms | Allocations: 8)
  Rendered layout layouts/application.html.erb (Duration: 18.7ms | Allocations: 3232)
Completed 200 OK in 21ms (Views: 20.0ms | ActiveRecord: 0.0ms | Allocations: 3497)


Started GET "/" for 127.0.0.1 at 2024-06-03 13:19:42 +0300
Processing by WelcomeController#index as HTML
  Rendering layout layouts/application.html.erb
  Rendering welcome/index.html.erb within layouts/application
  Rendered welcome/index.html.erb within layouts/application (Duration: 1.0ms | Allocations: 56)
  Rendered application/_menubar.html.erb (Duration: 0.2ms | Allocations: 124)
  Rendered application/_footer.html.erb (Duration: 0.1ms | Allocations: 8)
  Rendered layout layouts/application.html.erb (Duration: 27.9ms | Allocations: 9041)
Completed 200 OK in 31ms (Views: 29.2ms | ActiveRecord: 0.0ms | Allocations: 9306)


Started GET "/" for 127.0.0.1 at 2024-06-03 13:20:20 +0300
Processing by WelcomeController#index as HTML
  Rendering layout layouts/application.html.erb
  Rendering welcome/index.html.erb within layouts/application
  Rendered welcome/index.html.erb within layouts/application (Duration: 0.8ms | Allocations: 56)
  Rendered application/_menubar.html.erb (Duration: 0.2ms | Allocations: 124)
  Rendered application/_footer.html.erb (Duration: 0.0ms | Allocations: 8)
  Rendered layout layouts/application.html.erb (Duration: 10.5ms | Allocations: 3223)
Completed 200 OK in 13ms (Views: 11.4ms | ActiveRecord: 0.0ms | Allocations: 3488)


Started GET "/" for 127.0.0.1 at 2024-06-03 13:24:22 +0300
Processing by WelcomeController#index as HTML
  Rendering layout layouts/application.html.erb
  Rendering welcome/index.html.erb within layouts/application
  Rendered welcome/index.html.erb within layouts/application (Duration: 1.0ms | Allocations: 56)
  Rendered application/_menubar.html.erb (Duration: 0.2ms | Allocations: 124)
  Rendered application/_footer.html.erb (Duration: 0.0ms | Allocations: 8)
  Rendered layout layouts/application.html.erb (Duration: 14.7ms | Allocations: 3223)
Completed 200 OK in 17ms (Views: 15.4ms | ActiveRecord: 0.0ms | Allocations: 3488)


Started GET "/" for 127.0.0.1 at 2024-06-03 13:25:04 +0300
Processing by WelcomeController#index as HTML
  Rendering layout layouts/application.html.erb
  Rendering welcome/index.html.erb within layouts/application
  Rendered welcome/index.html.erb within layouts/application (Duration: 0.5ms | Allocations: 56)
  Rendered application/_menubar.html.erb (Duration: 0.2ms | Allocations: 124)
  Rendered application/_footer.html.erb (Duration: 0.0ms | Allocations: 8)
  Rendered layout layouts/application.html.erb (Duration: 9.4ms | Allocations: 3283)
Completed 200 OK in 11ms (Views: 10.0ms | ActiveRecord: 0.0ms | Allocations: 3548)


Started GET "/" for 127.0.0.1 at 2024-06-03 13:25:27 +0300
Processing by WelcomeController#index as HTML
  Rendering layout layouts/application.html.erb
  Rendering welcome/index.html.erb within layouts/application
  Rendered welcome/index.html.erb within layouts/application (Duration: 0.6ms | Allocations: 56)
  Rendered application/_menubar.html.erb (Duration: 0.1ms | Allocations: 124)
  Rendered application/_footer.html.erb (Duration: 0.1ms | Allocations: 8)
  Rendered layout layouts/application.html.erb (Duration: 61.4ms | Allocations: 8324)
Completed 200 OK in 64ms (Views: 62.0ms | ActiveRecord: 0.0ms | Allocations: 8589)


Started GET "/" for 127.0.0.1 at 2024-06-03 13:25:43 +0300
Processing by WelcomeController#index as HTML
  Rendering layout layouts/application.html.erb
  Rendering welcome/index.html.erb within layouts/application
  Rendered welcome/index.html.erb within layouts/application (Duration: 0.5ms | Allocations: 56)
  Rendered application/_menubar.html.erb (Duration: 0.1ms | Allocations: 124)
  Rendered application/_footer.html.erb (Duration: 0.0ms | Allocations: 8)
  Rendered layout layouts/application.html.erb (Duration: 7.5ms | Allocations: 3281)
Completed 200 OK in 9ms (Views: 8.0ms | ActiveRecord: 0.0ms | Allocations: 3546)


Started GET "/" for 127.0.0.1 at 2024-06-03 13:26:13 +0300
Processing by WelcomeController#index as HTML
  Rendering layout layouts/application.html.erb
  Rendering welcome/index.html.erb within layouts/application
  Rendered welcome/index.html.erb within layouts/application (Duration: 0.6ms | Allocations: 56)
  Rendered application/_menubar.html.erb (Duration: 0.2ms | Allocations: 124)
  Rendered application/_footer.html.erb (Duration: 0.0ms | Allocations: 8)
  Rendered layout layouts/application.html.erb (Duration: 9.3ms | Allocations: 3283)
Completed 200 OK in 11ms (Views: 10.1ms | ActiveRecord: 0.0ms | Allocations: 3549)


Started GET "/" for 127.0.0.1 at 2024-06-03 13:39:48 +0300
Processing by WelcomeController#index as HTML
  Rendering layout layouts/application.html.erb
  Rendering welcome/index.html.erb within layouts/application
  Rendered welcome/index.html.erb within layouts/application (Duration: 2.0ms | Allocations: 56)
  Rendered application/_menubar.html.erb (Duration: 0.1ms | Allocations: 124)
  Rendered application/_footer.html.erb (Duration: 0.0ms | Allocations: 8)
  Rendered layout layouts/application.html.erb (Duration: 51.1ms | Allocations: 9033)
Completed 200 OK in 56ms (Views: 52.5ms | ActiveRecord: 0.0ms | Allocations: 9298)


Started GET "/" for 127.0.0.1 at 2024-06-03 13:39:57 +0300
Processing by WelcomeController#index as HTML
  Rendering layout layouts/application.html.erb
  Rendering welcome/index.html.erb within layouts/application
  Rendered welcome/index.html.erb within layouts/application (Duration: 0.6ms | Allocations: 56)
  Rendered application/_menubar.html.erb (Duration: 0.1ms | Allocations: 124)
  Rendered application/_footer.html.erb (Duration: 0.0ms | Allocations: 8)
  Rendered layout layouts/application.html.erb (Duration: 31.2ms | Allocations: 9030)
Completed 200 OK in 34ms (Views: 31.9ms | ActiveRecord: 0.0ms | Allocations: 9295)


Started GET "/offtop" for 127.0.0.1 at 2024-06-03 13:40:12 +0300
Processing by OfftopController#index as HTML
  Rendering layout layouts/application.html.erb
  Rendering offtop/index.html.erb within layouts/application
  Rendered offtop/index.html.erb within layouts/application (Duration: 2.3ms | Allocations: 110)
  Rendered application/_menubar.html.erb (Duration: 0.4ms | Allocations: 156)
  Rendered application/_footer.html.erb (Duration: 0.0ms | Allocations: 9)
  Rendered layout layouts/application.html.erb (Duration: 11.7ms | Allocations: 3389)
Completed 200 OK in 23ms (Views: 20.5ms | ActiveRecord: 0.0ms | Allocations: 3959)


Started GET "/offtop" for 127.0.0.1 at 2024-06-03 13:40:19 +0300
Processing by OfftopController#index as HTML
  Rendering layout layouts/application.html.erb
  Rendering offtop/index.html.erb within layouts/application
  Rendered offtop/index.html.erb within layouts/application (Duration: 0.0ms | Allocations: 7)
  Rendered application/_menubar.html.erb (Duration: 0.3ms | Allocations: 133)
  Rendered application/_footer.html.erb (Duration: 0.0ms | Allocations: 8)
  Rendered layout layouts/application.html.erb (Duration: 9.1ms | Allocations: 3197)
Completed 200 OK in 11ms (Views: 9.8ms | ActiveRecord: 0.0ms | Allocations: 3465)


Started GET "/" for 127.0.0.1 at 2024-06-03 13:40:59 +0300
Processing by WelcomeController#index as HTML
  Rendering layout layouts/application.html.erb
  Rendering welcome/index.html.erb within layouts/application
  Rendered welcome/index.html.erb within layouts/application (Duration: 0.8ms | Allocations: 56)
  Rendered application/_menubar.html.erb (Duration: 0.2ms | Allocations: 124)
  Rendered application/_footer.html.erb (Duration: 0.0ms | Allocations: 8)
  Rendered layout layouts/application.html.erb (Duration: 45.3ms | Allocations: 9023)
Completed 200 OK in 48ms (Views: 47.0ms | ActiveRecord: 0.0ms | Allocations: 9289)


Started GET "/" for 127.0.0.1 at 2024-06-03 13:41:24 +0300
Processing by WelcomeController#index as HTML
  Rendering layout layouts/application.html.erb
  Rendering welcome/index.html.erb within layouts/application
  Rendered welcome/index.html.erb within layouts/application (Duration: 0.8ms | Allocations: 56)
  Rendered application/_menubar.html.erb (Duration: 0.1ms | Allocations: 124)
  Rendered application/_footer.html.erb (Duration: 0.0ms | Allocations: 8)
  Rendered layout layouts/application.html.erb (Duration: 52.3ms | Allocations: 9044)
Completed 200 OK in 55ms (Views: 53.2ms | ActiveRecord: 0.0ms | Allocations: 9309)


Started GET "/" for 127.0.0.1 at 2024-06-03 13:41:33 +0300
Processing by WelcomeController#index as HTML
  Rendering layout layouts/application.html.erb
  Rendering welcome/index.html.erb within layouts/application
  Rendered welcome/index.html.erb within layouts/application (Duration: 0.7ms | Allocations: 56)
  Rendered application/_menubar.html.erb (Duration: 0.2ms | Allocations: 124)
  Rendered application/_footer.html.erb (Duration: 0.0ms | Allocations: 8)
  Rendered layout layouts/application.html.erb (Duration: 34.4ms | Allocations: 9137)
Completed 200 OK in 37ms (Views: 35.5ms | ActiveRecord: 0.0ms | Allocations: 9403)


Started GET "/offtop" for 127.0.0.1 at 2024-06-03 13:41:35 +0300
Processing by OfftopController#index as HTML
  Rendering layout layouts/application.html.erb
  Rendering offtop/index.html.erb within layouts/application
  Rendered offtop/index.html.erb within layouts/application (Duration: 0.1ms | Allocations: 7)
  Rendered application/_menubar.html.erb (Duration: 0.2ms | Allocations: 133)
  Rendered application/_footer.html.erb (Duration: 0.0ms | Allocations: 8)
  Rendered layout layouts/application.html.erb (Duration: 6.0ms | Allocations: 3179)
Completed 200 OK in 7ms (Views: 6.5ms | ActiveRecord: 0.0ms | Allocations: 3447)


Started GET "/" for 127.0.0.1 at 2024-06-03 13:41:40 +0300
Processing by WelcomeController#index as HTML
  Rendering layout layouts/application.html.erb
  Rendering welcome/index.html.erb within layouts/application
  Rendered welcome/index.html.erb within layouts/application (Duration: 0.9ms | Allocations: 56)
  Rendered application/_menubar.html.erb (Duration: 0.4ms | Allocations: 124)
  Rendered application/_footer.html.erb (Duration: 0.1ms | Allocations: 8)
  Rendered layout layouts/application.html.erb (Duration: 46.5ms | Allocations: 9016)
Completed 200 OK in 49ms (Views: 47.9ms | ActiveRecord: 0.0ms | Allocations: 9281)


Started GET "/" for 127.0.0.1 at 2024-06-03 13:41:55 +0300
Processing by WelcomeController#index as HTML
  Rendering layout layouts/application.html.erb
  Rendering welcome/index.html.erb within layouts/application
  Rendered welcome/index.html.erb within layouts/application (Duration: 0.6ms | Allocations: 56)
  Rendered application/_menubar.html.erb (Duration: 0.4ms | Allocations: 124)
  Rendered application/_footer.html.erb (Duration: 0.1ms | Allocations: 8)
  Rendered layout layouts/application.html.erb (Duration: 31.2ms | Allocations: 9050)
Completed 200 OK in 33ms (Views: 32.1ms | ActiveRecord: 0.0ms | Allocations: 9315)


Started GET "/offtop" for 127.0.0.1 at 2024-06-03 13:41:59 +0300
Processing by OfftopController#index as HTML
  Rendering layout layouts/application.html.erb
  Rendering offtop/index.html.erb within layouts/application
  Rendered offtop/index.html.erb within layouts/application (Duration: 0.1ms | Allocations: 7)
  Rendered application/_menubar.html.erb (Duration: 0.3ms | Allocations: 133)
  Rendered application/_footer.html.erb (Duration: 0.0ms | Allocations: 8)
  Rendered layout layouts/application.html.erb (Duration: 9.8ms | Allocations: 3197)
Completed 200 OK in 11ms (Views: 10.3ms | ActiveRecord: 0.0ms | Allocations: 3464)


Started GET "/" for 127.0.0.1 at 2024-06-03 13:42:03 +0300
Processing by WelcomeController#index as HTML
  Rendering layout layouts/application.html.erb
  Rendering welcome/index.html.erb within layouts/application
  Rendered welcome/index.html.erb within layouts/application (Duration: 0.5ms | Allocations: 56)
  Rendered application/_menubar.html.erb (Duration: 0.5ms | Allocations: 124)
  Rendered application/_footer.html.erb (Duration: 0.1ms | Allocations: 8)
  Rendered layout layouts/application.html.erb (Duration: 23.8ms | Allocations: 9024)
Completed 200 OK in 25ms (Views: 24.5ms | ActiveRecord: 0.0ms | Allocations: 9289)


Started GET "/" for 127.0.0.1 at 2024-06-03 13:42:08 +0300
Processing by WelcomeController#index as HTML
  Rendering layout layouts/application.html.erb
  Rendering welcome/index.html.erb within layouts/application
  Rendered welcome/index.html.erb within layouts/application (Duration: 0.8ms | Allocations: 56)
  Rendered application/_menubar.html.erb (Duration: 0.1ms | Allocations: 124)
  Rendered application/_footer.html.erb (Duration: 0.0ms | Allocations: 8)
  Rendered layout layouts/application.html.erb (Duration: 51.3ms | Allocations: 9035)
Completed 200 OK in 54ms (Views: 52.5ms | ActiveRecord: 0.0ms | Allocations: 9300)


Started GET "/offtop" for 127.0.0.1 at 2024-06-03 13:42:12 +0300
Processing by OfftopController#index as HTML
  Rendering layout layouts/application.html.erb
  Rendering offtop/index.html.erb within layouts/application
  Rendered offtop/index.html.erb within layouts/application (Duration: 0.2ms | Allocations: 7)
  Rendered application/_menubar.html.erb (Duration: 0.4ms | Allocations: 133)
  Rendered application/_footer.html.erb (Duration: 0.0ms | Allocations: 8)
  Rendered layout layouts/application.html.erb (Duration: 31.4ms | Allocations: 3201)
Completed 200 OK in 34ms (Views: 32.4ms | ActiveRecord: 0.0ms | Allocations: 3469)


Started GET "/" for 127.0.0.1 at 2024-06-03 13:42:19 +0300
Processing by WelcomeController#index as HTML
  Rendering layout layouts/application.html.erb
  Rendering welcome/index.html.erb within layouts/application
  Rendered welcome/index.html.erb within layouts/application (Duration: 0.6ms | Allocations: 56)
  Rendered application/_menubar.html.erb (Duration: 0.5ms | Allocations: 124)
  Rendered application/_footer.html.erb (Duration: 0.2ms | Allocations: 8)
  Rendered layout layouts/application.html.erb (Duration: 31.9ms | Allocations: 9045)
Completed 200 OK in 34ms (Views: 33.6ms | ActiveRecord: 0.0ms | Allocations: 9310)


Started GET "/" for 127.0.0.1 at 2024-06-03 13:42:25 +0300
Processing by WelcomeController#index as HTML
  Rendering layout layouts/application.html.erb
  Rendering welcome/index.html.erb within layouts/application
  Rendered welcome/index.html.erb within layouts/application (Duration: 0.7ms | Allocations: 56)
  Rendered application/_menubar.html.erb (Duration: 0.2ms | Allocations: 124)
  Rendered application/_footer.html.erb (Duration: 0.0ms | Allocations: 8)
  Rendered layout layouts/application.html.erb (Duration: 47.9ms | Allocations: 9040)
Completed 200 OK in 51ms (Views: 48.8ms | ActiveRecord: 0.0ms | Allocations: 9305)


Started GET "/" for 127.0.0.1 at 2024-06-03 13:42:34 +0300
Processing by WelcomeController#index as HTML
  Rendering layout layouts/application.html.erb
  Rendering welcome/index.html.erb within layouts/application
  Rendered welcome/index.html.erb within layouts/application (Duration: 0.5ms | Allocations: 56)
  Rendered application/_menubar.html.erb (Duration: 0.2ms | Allocations: 124)
  Rendered application/_footer.html.erb (Duration: 0.0ms | Allocations: 8)
  Rendered layout layouts/application.html.erb (Duration: 27.2ms | Allocations: 9036)
Completed 200 OK in 29ms (Views: 27.8ms | ActiveRecord: 0.0ms | Allocations: 9301)


Started GET "/" for 127.0.0.1 at 2024-06-03 13:42:48 +0300
Processing by WelcomeController#index as HTML
  Rendering layout layouts/application.html.erb
  Rendering welcome/index.html.erb within layouts/application
  Rendered welcome/index.html.erb within layouts/application (Duration: 0.9ms | Allocations: 56)
  Rendered application/_menubar.html.erb (Duration: 0.2ms | Allocations: 124)
  Rendered application/_footer.html.erb (Duration: 0.0ms | Allocations: 8)
  Rendered layout layouts/application.html.erb (Duration: 31.7ms | Allocations: 9022)
Completed 200 OK in 34ms (Views: 32.7ms | ActiveRecord: 0.0ms | Allocations: 9287)


Started GET "/" for 127.0.0.1 at 2024-06-03 13:43:05 +0300
Processing by WelcomeController#index as HTML
  Rendering layout layouts/application.html.erb
  Rendering welcome/index.html.erb within layouts/application
  Rendered welcome/index.html.erb within layouts/application (Duration: 0.5ms | Allocations: 56)
  Rendered application/_menubar.html.erb (Duration: 0.1ms | Allocations: 124)
  Rendered application/_footer.html.erb (Duration: 0.0ms | Allocations: 8)
  Rendered layout layouts/application.html.erb (Duration: 32.0ms | Allocations: 9041)
Completed 200 OK in 34ms (Views: 33.0ms | ActiveRecord: 0.0ms | Allocations: 9307)


Started GET "/" for 127.0.0.1 at 2024-06-03 13:43:37 +0300
Processing by WelcomeController#index as HTML
  Rendering layout layouts/application.html.erb
  Rendering welcome/index.html.erb within layouts/application
  Rendered welcome/index.html.erb within layouts/application (Duration: 0.7ms | Allocations: 56)
  Rendered application/_menubar.html.erb (Duration: 0.2ms | Allocations: 124)
  Rendered application/_footer.html.erb (Duration: 0.0ms | Allocations: 8)
  Rendered layout layouts/application.html.erb (Duration: 41.3ms | Allocations: 9057)
Completed 200 OK in 44ms (Views: 42.2ms | ActiveRecord: 0.0ms | Allocations: 9322)


Started GET "/" for 127.0.0.1 at 2024-06-03 13:43:44 +0300
Processing by WelcomeController#index as HTML
  Rendering layout layouts/application.html.erb
  Rendering welcome/index.html.erb within layouts/application
  Rendered welcome/index.html.erb within layouts/application (Duration: 0.8ms | Allocations: 56)
  Rendered application/_menubar.html.erb (Duration: 0.2ms | Allocations: 124)
  Rendered application/_footer.html.erb (Duration: 0.0ms | Allocations: 8)
  Rendered layout layouts/application.html.erb (Duration: 36.4ms | Allocations: 9022)
Completed 200 OK in 39ms (Views: 37.4ms | ActiveRecord: 0.0ms | Allocations: 9288)


Started GET "/offtop" for 127.0.0.1 at 2024-06-03 13:43:46 +0300
Processing by OfftopController#index as HTML
  Rendering layout layouts/application.html.erb
  Rendering offtop/index.html.erb within layouts/application
  Rendered offtop/index.html.erb within layouts/application (Duration: 0.1ms | Allocations: 7)
  Rendered application/_menubar.html.erb (Duration: 0.3ms | Allocations: 133)
  Rendered application/_footer.html.erb (Duration: 0.0ms | Allocations: 8)
  Rendered layout layouts/application.html.erb (Duration: 7.0ms | Allocations: 3191)
Completed 200 OK in 8ms (Views: 7.6ms | ActiveRecord: 0.0ms | Allocations: 3459)


Started GET "/" for 127.0.0.1 at 2024-06-03 13:43:57 +0300
Processing by WelcomeController#index as HTML
  Rendering layout layouts/application.html.erb
  Rendering welcome/index.html.erb within layouts/application
  Rendered welcome/index.html.erb within layouts/application (Duration: 0.9ms | Allocations: 56)
  Rendered application/_menubar.html.erb (Duration: 0.4ms | Allocations: 124)
  Rendered application/_footer.html.erb (Duration: 0.0ms | Allocations: 8)
  Rendered layout layouts/application.html.erb (Duration: 30.5ms | Allocations: 9047)
Completed 200 OK in 34ms (Views: 32.2ms | ActiveRecord: 0.0ms | Allocations: 9312)


Started GET "/" for 127.0.0.1 at 2024-06-03 13:44:03 +0300
Processing by WelcomeController#index as HTML
  Rendering layout layouts/application.html.erb
  Rendering welcome/index.html.erb within layouts/application
  Rendered welcome/index.html.erb within layouts/application (Duration: 0.5ms | Allocations: 56)
  Rendered application/_menubar.html.erb (Duration: 0.2ms | Allocations: 124)
  Rendered application/_footer.html.erb (Duration: 0.0ms | Allocations: 8)
  Rendered layout layouts/application.html.erb (Duration: 31.3ms | Allocations: 9039)
Completed 200 OK in 33ms (Views: 32.0ms | ActiveRecord: 0.0ms | Allocations: 9304)


Started GET "/" for 127.0.0.1 at 2024-06-03 13:44:11 +0300
Processing by WelcomeController#index as HTML
  Rendering layout layouts/application.html.erb
  Rendering welcome/index.html.erb within layouts/application
  Rendered welcome/index.html.erb within layouts/application (Duration: 1.2ms | Allocations: 56)
  Rendered application/_menubar.html.erb (Duration: 0.2ms | Allocations: 124)
  Rendered application/_footer.html.erb (Duration: 0.0ms | Allocations: 8)
  Rendered layout layouts/application.html.erb (Duration: 31.1ms | Allocations: 9016)
Completed 200 OK in 39ms (Views: 35.8ms | ActiveRecord: 0.0ms | Allocations: 9281)


Started GET "/" for 127.0.0.1 at 2024-06-03 13:45:36 +0300
Processing by WelcomeController#index as HTML
  Rendering layout layouts/application.html.erb
  Rendering welcome/index.html.erb within layouts/application
  Rendered welcome/index.html.erb within layouts/application (Duration: 0.4ms | Allocations: 56)
  Rendered application/_menubar.html.erb (Duration: 0.1ms | Allocations: 124)
  Rendered application/_footer.html.erb (Duration: 0.0ms | Allocations: 8)
  Rendered layout layouts/application.html.erb (Duration: 43.4ms | Allocations: 9056)
Completed 200 OK in 45ms (Views: 43.8ms | ActiveRecord: 0.0ms | Allocations: 9322)


Started GET "/" for 127.0.0.1 at 2024-06-03 13:45:51 +0300
Processing by WelcomeController#index as HTML
  Rendering layout layouts/application.html.erb
  Rendering welcome/index.html.erb within layouts/application
  Rendered welcome/index.html.erb within layouts/application (Duration: 0.4ms | Allocations: 56)
  Rendered application/_menubar.html.erb (Duration: 0.1ms | Allocations: 124)
  Rendered application/_footer.html.erb (Duration: 0.0ms | Allocations: 8)
  Rendered layout layouts/application.html.erb (Duration: 21.6ms | Allocations: 9072)
Completed 200 OK in 23ms (Views: 22.1ms | ActiveRecord: 0.0ms | Allocations: 9338)


Started GET "/" for 127.0.0.1 at 2024-06-03 13:50:52 +0300
Processing by WelcomeController#index as HTML
  Rendering layout layouts/application.html.erb
  Rendering welcome/index.html.erb within layouts/application
  Rendered welcome/index.html.erb within layouts/application (Duration: 0.6ms | Allocations: 56)
  Rendered application/_menubar.html.erb (Duration: 0.1ms | Allocations: 124)
  Rendered application/_footer.html.erb (Duration: 0.0ms | Allocations: 8)
  Rendered layout layouts/application.html.erb (Duration: 40.3ms | Allocations: 9071)
Completed 200 OK in 41ms (Views: 40.8ms | ActiveRecord: 0.0ms | Allocations: 9336)


Started GET "/offtop" for 127.0.0.1 at 2024-06-03 13:50:54 +0300
Processing by OfftopController#index as HTML
  Rendering layout layouts/application.html.erb
  Rendering offtop/index.html.erb within layouts/application
  Rendered offtop/index.html.erb within layouts/application (Duration: 0.5ms | Allocations: 7)
  Rendered application/_menubar.html.erb (Duration: 0.3ms | Allocations: 133)
  Rendered application/_footer.html.erb (Duration: 0.0ms | Allocations: 8)
  Rendered layout layouts/application.html.erb (Duration: 18.4ms | Allocations: 3188)
Completed 200 OK in 22ms (Views: 20.3ms | ActiveRecord: 0.0ms | Allocations: 3455)


Started GET "/" for 127.0.0.1 at 2024-06-03 13:51:28 +0300
Processing by WelcomeController#index as HTML
  Rendering layout layouts/application.html.erb
  Rendering welcome/index.html.erb within layouts/application
  Rendered welcome/index.html.erb within layouts/application (Duration: 1.0ms | Allocations: 56)
  Rendered application/_menubar.html.erb (Duration: 0.1ms | Allocations: 124)
  Rendered application/_footer.html.erb (Duration: 0.0ms | Allocations: 8)
  Rendered layout layouts/application.html.erb (Duration: 46.1ms | Allocations: 9067)
Completed 200 OK in 48ms (Views: 47.0ms | ActiveRecord: 0.0ms | Allocations: 9332)


Started GET "/" for 127.0.0.1 at 2024-06-03 13:53:45 +0300
Processing by WelcomeController#index as HTML
  Rendering layout layouts/application.html.erb
  Rendering welcome/index.html.erb within layouts/application
  Rendered welcome/index.html.erb within layouts/application (Duration: 0.9ms | Allocations: 56)
  Rendered application/_menubar.html.erb (Duration: 0.2ms | Allocations: 124)
  Rendered application/_footer.html.erb (Duration: 0.0ms | Allocations: 8)
  Rendered layout layouts/application.html.erb (Duration: 59.3ms | Allocations: 9048)
Completed 200 OK in 61ms (Views: 59.9ms | ActiveRecord: 0.0ms | Allocations: 9313)


Started GET "/" for 127.0.0.1 at 2024-06-03 13:54:33 +0300
Processing by WelcomeController#index as HTML
  Rendering layout layouts/application.html.erb
  Rendering welcome/index.html.erb within layouts/application
  Rendered welcome/index.html.erb within layouts/application (Duration: 1.5ms | Allocations: 56)
  Rendered application/_menubar.html.erb (Duration: 0.1ms | Allocations: 124)
  Rendered application/_footer.html.erb (Duration: 0.0ms | Allocations: 8)
  Rendered layout layouts/application.html.erb (Duration: 63.0ms | Allocations: 10421)
Completed 200 OK in 65ms (Views: 63.7ms | ActiveRecord: 0.0ms | Allocations: 10687)


Started GET "/" for 127.0.0.1 at 2024-06-03 13:56:30 +0300
Processing by WelcomeController#index as HTML
  Rendering layout layouts/application.html.erb
  Rendering welcome/index.html.erb within layouts/application
  Rendered welcome/index.html.erb within layouts/application (Duration: 2.9ms | Allocations: 252)
  Rendered application/_menubar.html.erb (Duration: 0.7ms | Allocations: 302)
  Rendered application/_footer.html.erb (Duration: 0.9ms | Allocations: 106)
  Rendered layout layouts/application.html.erb (Duration: 35.9ms | Allocations: 11304)
Completed 200 OK in 45ms (Views: 42.5ms | ActiveRecord: 0.0ms | Allocations: 12126)


Started GET "/" for 127.0.0.1 at 2024-06-03 14:05:52 +0300
Processing by WelcomeController#index as HTML
  Rendering layout layouts/application.html.erb
  Rendering welcome/index.html.erb within layouts/application
  Rendered welcome/index.html.erb within layouts/application (Duration: 3.1ms | Allocations: 247)
  Rendered application/_menubar.html.erb (Duration: 2.6ms | Allocations: 302)
  Rendered application/_footer.html.erb (Duration: 0.2ms | Allocations: 106)
  Rendered layout layouts/application.html.erb (Duration: 73.6ms | Allocations: 11304)
Completed 200 OK in 87ms (Views: 82.5ms | ActiveRecord: 0.0ms | Allocations: 12123)


Started GET "/" for 127.0.0.1 at 2024-06-03 14:06:31 +0300
Processing by WelcomeController#index as HTML
  Rendering layout layouts/application.html.erb
  Rendering welcome/index.html.erb within layouts/application
  Rendered welcome/index.html.erb within layouts/application (Duration: 0.9ms | Allocations: 56)
  Rendered application/_menubar.html.erb (Duration: 0.1ms | Allocations: 124)
  Rendered application/_footer.html.erb (Duration: 0.0ms | Allocations: 8)
  Rendered layout layouts/application.html.erb (Duration: 53.8ms | Allocations: 10369)
Completed 200 OK in 57ms (Views: 54.7ms | ActiveRecord: 0.0ms | Allocations: 10635)


Started GET "/" for 127.0.0.1 at 2024-06-03 14:06:53 +0300
Processing by WelcomeController#index as HTML
  Rendering layout layouts/application.html.erb
  Rendering welcome/index.html.erb within layouts/application
  Rendered welcome/index.html.erb within layouts/application (Duration: 0.6ms | Allocations: 56)
  Rendered application/_menubar.html.erb (Duration: 0.1ms | Allocations: 124)
  Rendered application/_footer.html.erb (Duration: 0.0ms | Allocations: 8)
  Rendered layout layouts/application.html.erb (Duration: 48.7ms | Allocations: 10374)
Completed 200 OK in 51ms (Views: 49.5ms | ActiveRecord: 0.0ms | Allocations: 10639)


Started GET "/" for 127.0.0.1 at 2024-06-03 14:07:00 +0300
Processing by WelcomeController#index as HTML
  Rendering layout layouts/application.html.erb
  Rendering welcome/index.html.erb within layouts/application
  Rendered welcome/index.html.erb within layouts/application (Duration: 0.4ms | Allocations: 56)
  Rendered application/_menubar.html.erb (Duration: 0.2ms | Allocations: 124)
  Rendered application/_footer.html.erb (Duration: 0.0ms | Allocations: 8)
  Rendered layout layouts/application.html.erb (Duration: 42.2ms | Allocations: 10394)
Completed 200 OK in 44ms (Views: 43.0ms | ActiveRecord: 0.0ms | Allocations: 10660)


Started GET "/" for 127.0.0.1 at 2024-06-03 14:07:07 +0300
Processing by WelcomeController#index as HTML
  Rendering layout layouts/application.html.erb
  Rendering welcome/index.html.erb within layouts/application
  Rendered welcome/index.html.erb within layouts/application (Duration: 0.7ms | Allocations: 56)
  Rendered application/_menubar.html.erb (Duration: 0.2ms | Allocations: 124)
  Rendered application/_footer.html.erb (Duration: 0.1ms | Allocations: 8)
  Rendered layout layouts/application.html.erb (Duration: 51.3ms | Allocations: 10403)
Completed 200 OK in 53ms (Views: 52.2ms | ActiveRecord: 0.0ms | Allocations: 10669)


Started GET "/" for 127.0.0.1 at 2024-06-03 14:07:14 +0300
Processing by WelcomeController#index as HTML
  Rendering layout layouts/application.html.erb
  Rendering welcome/index.html.erb within layouts/application
  Rendered welcome/index.html.erb within layouts/application (Duration: 0.8ms | Allocations: 56)
  Rendered application/_menubar.html.erb (Duration: 0.1ms | Allocations: 124)
  Rendered application/_footer.html.erb (Duration: 0.0ms | Allocations: 8)
  Rendered layout layouts/application.html.erb (Duration: 44.6ms | Allocations: 10409)
Completed 200 OK in 47ms (Views: 45.5ms | ActiveRecord: 0.0ms | Allocations: 10674)


Started GET "/" for 127.0.0.1 at 2024-06-03 14:07:29 +0300
Processing by WelcomeController#index as HTML
  Rendering layout layouts/application.html.erb
  Rendering welcome/index.html.erb within layouts/application
  Rendered welcome/index.html.erb within layouts/application (Duration: 2.4ms | Allocations: 252)
  Rendered application/_menubar.html.erb (Duration: 0.9ms | Allocations: 302)
  Rendered application/_footer.html.erb (Duration: 0.3ms | Allocations: 106)
  Rendered layout layouts/application.html.erb (Duration: 60.7ms | Allocations: 11316)
Completed 200 OK in 70ms (Views: 66.9ms | ActiveRecord: 0.0ms | Allocations: 12137)


Started GET "/" for 127.0.0.1 at 2024-06-03 14:09:37 +0300
Processing by WelcomeController#index as HTML
  Rendering layout layouts/application.html.erb
  Rendering welcome/index.html.erb within layouts/application
  Rendered welcome/index.html.erb within layouts/application (Duration: 2.9ms | Allocations: 247)
  Rendered application/_menubar.html.erb (Duration: 0.6ms | Allocations: 302)
  Rendered application/_footer.html.erb (Duration: 0.3ms | Allocations: 106)
  Rendered layout layouts/application.html.erb (Duration: 16.6ms | Allocations: 4129)
Completed 200 OK in 26ms (Views: 23.1ms | ActiveRecord: 0.0ms | Allocations: 4948)


Started GET "/" for 127.0.0.1 at 2024-06-03 14:09:44 +0300
Processing by WelcomeController#index as HTML
  Rendering layout layouts/application.html.erb
  Rendering welcome/index.html.erb within layouts/application
  Rendered welcome/index.html.erb within layouts/application (Duration: 7.3ms | Allocations: 246)
  Rendered application/_menubar.html.erb (Duration: 1.4ms | Allocations: 302)
  Rendered application/_footer.html.erb (Duration: 1.4ms | Allocations: 106)
  Rendered layout layouts/application.html.erb (Duration: 22.7ms | Allocations: 4158)
Completed 200 OK in 30ms (Views: 26.6ms | ActiveRecord: 0.0ms | Allocations: 4977)


  [1m[35m (1.4ms)[0m  [1m[35mCREATE TABLE "schema_migrations" ("version" varchar NOT NULL PRIMARY KEY)[0m
  [1m[35m (0.4ms)[0m  [1m[35mCREATE TABLE "ar_internal_metadata" ("key" varchar NOT NULL PRIMARY KEY, "value" varchar, "created_at" datetime(6) NOT NULL, "updated_at" datetime(6) NOT NULL)[0m
  [1m[36mActiveRecord::SchemaMigration Pluck (0.0ms)[0m  [1m[34mSELECT "schema_migrations"."version" FROM "schema_migrations" ORDER BY "schema_migrations"."version" ASC[0m
Migrating to CreateCaps (20240603112028)
  [1m[36mTRANSACTION (0.0ms)[0m  [1m[36mbegin transaction[0m
  [1m[35m (0.2ms)[0m  [1m[35mCREATE TABLE "caps" ("id" integer PRIMARY KEY AUTOINCREMENT NOT NULL, "heading" varchar, "text" text, "created_at" datetime(6) NOT NULL, "updated_at" datetime(6) NOT NULL)[0m
  [1m[36mActiveRecord::SchemaMigration Create (0.1ms)[0m  [1m[32mINSERT INTO "schema_migrations" ("version") VALUES (?)[0m  [["version", "20240603112028"]]
  [1m[36mTRANSACTION (0.4ms)[0m  [1m[36mcommit transaction[0m
  [1m[36mActiveRecord::InternalMetadata Load (0.0ms)[0m  [1m[34mSELECT "ar_internal_metadata".* FROM "ar_internal_metadata" WHERE "ar_internal_metadata"."key" = ? LIMIT ?[0m  [["key", "environment"], ["LIMIT", 1]]
  [1m[36mTRANSACTION (0.0ms)[0m  [1m[36mbegin transaction[0m
  [1m[36mActiveRecord::InternalMetadata Create (0.1ms)[0m  [1m[32mINSERT INTO "ar_internal_metadata" ("key", "value", "created_at", "updated_at") VALUES (?, ?, ?, ?)[0m  [["key", "environment"], ["value", "development"], ["created_at", "2024-06-03 11:20:35.244893"], ["updated_at", "2024-06-03 11:20:35.244893"]]
  [1m[36mTRANSACTION (0.2ms)[0m  [1m[36mcommit transaction[0m
  [1m[36mActiveRecord::SchemaMigration Pluck (0.0ms)[0m  [1m[34mSELECT "schema_migrations"."version" FROM "schema_migrations" ORDER BY "schema_migrations"."version" ASC[0m
Started GET "/" for 127.0.0.1 at 2024-06-03 14:22:30 +0300
  [1m[36mActiveRecord::SchemaMigration Pluck (0.2ms)[0m  [1m[34mSELECT "schema_migrations"."version" FROM "schema_migrations" ORDER BY "schema_migrations"."version" ASC[0m
Processing by WelcomeController#index as HTML
  Rendering layout layouts/application.html.erb
  Rendering welcome/index.html.erb within layouts/application
  Rendered welcome/index.html.erb within layouts/application (Duration: 0.6ms | Allocations: 562)
  Rendered application/_menubar.html.erb (Duration: 0.4ms | Allocations: 321)
  Rendered application/_footer.html.erb (Duration: 0.3ms | Allocations: 108)
  Rendered layout layouts/application.html.erb (Duration: 247.9ms | Allocations: 78518)
Completed 200 OK in 254ms (Views: 249.5ms | ActiveRecord: 0.0ms | Allocations: 82502)


Started GET "/" for 127.0.0.1 at 2024-06-03 14:39:59 +0300
Processing by WelcomeController#index as HTML
  Rendering layout layouts/application.html.erb
  Rendering welcome/index.html.erb within layouts/application
  Rendered welcome/index.html.erb within layouts/application (Duration: 20.4ms | Allocations: 4998)
  Rendered layout layouts/application.html.erb (Duration: 20.5ms | Allocations: 5087)
Completed 500 Internal Server Error in 30ms (ActiveRecord: 0.0ms | Allocations: 5910)


  
ActionView::Template::Error (undefined method `heading' for nil:NilClass):
    32:         </div>
    33:         <div class = "O_SomethingGood h3">что-то хорошее</div>
    34:         <div class = "O_MyCaps">
    35:         <h1><%= @cap.heading %></h1>
    36: <p><%= @cap.text %></p>
    37: </div>
    38:         <div class = "O_Hse"><a href="https://portfolio.hse.ru/Student/17433"></a></div>
  
app/views/welcome/index.html.erb:35
Started GET "/" for 127.0.0.1 at 2024-06-03 14:43:07 +0300
Processing by WelcomeController#index as HTML
  Rendering layout layouts/application.html.erb
  Rendering welcome/index.html.erb within layouts/application
  Rendered welcome/index.html.erb within layouts/application (Duration: 3.3ms | Allocations: 1283)
  Rendered application/_menubar.html.erb (Duration: 0.4ms | Allocations: 302)
  Rendered application/_footer.html.erb (Duration: 0.2ms | Allocations: 106)
  Rendered layout layouts/application.html.erb (Duration: 18.2ms | Allocations: 17991)
Completed 200 OK in 20ms (Views: 19.2ms | ActiveRecord: 0.0ms | Allocations: 18901)


Started GET "/" for 127.0.0.1 at 2024-06-03 14:43:57 +0300
Processing by WelcomeController#index as HTML
  Rendering layout layouts/application.html.erb
  Rendering welcome/index.html.erb within layouts/application
  Rendered welcome/index.html.erb within layouts/application (Duration: 2.9ms | Allocations: 1256)
  Rendered layout layouts/application.html.erb (Duration: 3.0ms | Allocations: 1344)
Completed 500 Internal Server Error in 10ms (ActiveRecord: 0.0ms | Allocations: 2148)


  
ActionView::Template::Error (undefined local variable or method `caps_path' for #<ActionView::Base:0x0000000000f410>):
    32:         </div>
    33:         <div class = "O_SomethingGood h3">что-то хорошее</div>
    34:         <div class = "O_MyCaps">
    35:         <%= link_to "", caps_path, class: "A_CapsLink" %>
    36:         <%= image_tag random_image_from_caps if random_image_from_caps %>
    37: 
    38:         </div>
  
app/views/welcome/index.html.erb:35
Started GET "/" for 127.0.0.1 at 2024-06-03 14:44:28 +0300
Processing by WelcomeController#index as HTML
  Rendering layout layouts/application.html.erb
  Rendering welcome/index.html.erb within layouts/application
  Rendered welcome/index.html.erb within layouts/application (Duration: 1.6ms | Allocations: 1249)
  Rendered layout layouts/application.html.erb (Duration: 1.7ms | Allocations: 1337)
Completed 500 Internal Server Error in 5ms (ActiveRecord: 0.0ms | Allocations: 2136)


  
ActionView::Template::Error (undefined local variable or method `caps_url' for #<ActionView::Base:0x0000000000f758>):
    32:         </div>
    33:         <div class = "O_SomethingGood h3">что-то хорошее</div>
    34:         <div class = "O_MyCaps">
    35:         <%= link_to "", caps_url, class: "A_CapsLink" %>
    36:         <%= image_tag random_image_from_caps if random_image_from_caps %>
    37: 
    38:         </div>
  
app/views/welcome/index.html.erb:35
Started GET "/offtop" for 127.0.0.1 at 2024-06-03 14:45:16 +0300
  [1m[36mActiveRecord::SchemaMigration Pluck (0.1ms)[0m  [1m[34mSELECT "schema_migrations"."version" FROM "schema_migrations" ORDER BY "schema_migrations"."version" ASC[0m
Processing by OfftopController#index as HTML
  Rendering layout layouts/application.html.erb
  Rendering offtop/index.html.erb within layouts/application
  Rendered offtop/index.html.erb within layouts/application (Duration: 0.5ms | Allocations: 296)
  Rendered application/_menubar.html.erb (Duration: 0.5ms | Allocations: 408)
  Rendered application/_footer.html.erb (Duration: 0.2ms | Allocations: 108)
  Rendered layout layouts/application.html.erb (Duration: 57.3ms | Allocations: 41419)
Completed 200 OK in 64ms (Views: 59.0ms | ActiveRecord: 0.0ms | Allocations: 45403)


Started GET "/" for 127.0.0.1 at 2024-06-03 14:45:18 +0300
Processing by WelcomeController#index as HTML
  Rendering layout layouts/application.html.erb
  Rendering welcome/index.html.erb within layouts/application
  Rendered welcome/index.html.erb within layouts/application (Duration: 2.8ms | Allocations: 1609)
  Rendered layout layouts/application.html.erb (Duration: 3.0ms | Allocations: 1698)
Completed 500 Internal Server Error in 5ms (ActiveRecord: 0.0ms | Allocations: 2339)


  
ActionView::Template::Error (undefined local variable or method `caps_show' for #<ActionView::Base:0x0000000000b4a0>):
    32:         </div>
    33:         <div class = "O_SomethingGood h3">что-то хорошее</div>
    34:         <div class = "O_MyCaps">
    35:         <%= link_to "", caps_show, class: "A_CapsLink" %>
    36:         <%= image_tag random_image_from_caps if random_image_from_caps %>
    37: 
    38:         </div>
  
app/views/welcome/index.html.erb:35
Started GET "/" for 127.0.0.1 at 2024-06-03 14:45:27 +0300
Processing by WelcomeController#index as HTML
  Rendering layout layouts/application.html.erb
  Rendering welcome/index.html.erb within layouts/application
  Rendered welcome/index.html.erb within layouts/application (Duration: 3.2ms | Allocations: 1349)
  Rendered application/_menubar.html.erb (Duration: 0.6ms | Allocations: 302)
  Rendered application/_footer.html.erb (Duration: 0.3ms | Allocations: 106)
  Rendered layout layouts/application.html.erb (Duration: 8.7ms | Allocations: 5149)
Completed 200 OK in 12ms (Views: 11.0ms | ActiveRecord: 0.0ms | Allocations: 5980)


Started GET "/" for 127.0.0.1 at 2024-06-03 14:46:07 +0300
Processing by WelcomeController#index as HTML
  Rendering layout layouts/application.html.erb
  Rendering welcome/index.html.erb within layouts/application
  Rendered welcome/index.html.erb within layouts/application (Duration: 4.6ms | Allocations: 1357)
  Rendered application/_menubar.html.erb (Duration: 0.5ms | Allocations: 302)
  Rendered application/_footer.html.erb (Duration: 0.2ms | Allocations: 106)
  Rendered layout layouts/application.html.erb (Duration: 152.9ms | Allocations: 26738)
Completed 200 OK in 156ms (Views: 154.7ms | ActiveRecord: 0.0ms | Allocations: 27557)


Started GET "/" for 127.0.0.1 at 2024-06-03 14:46:45 +0300
Processing by WelcomeController#index as HTML
  Rendering layout layouts/application.html.erb
  Rendering welcome/index.html.erb within layouts/application
  Rendered welcome/index.html.erb within layouts/application (Duration: 18.0ms | Allocations: 1066)
  Rendered application/_menubar.html.erb (Duration: 0.1ms | Allocations: 124)
  Rendered application/_footer.html.erb (Duration: 0.0ms | Allocations: 8)
  Rendered layout layouts/application.html.erb (Duration: 67.8ms | Allocations: 11354)
Completed 200 OK in 73ms (Views: 71.6ms | ActiveRecord: 0.0ms | Allocations: 11622)


Started GET "/" for 127.0.0.1 at 2024-06-03 14:46:56 +0300
Processing by WelcomeController#index as HTML
  Rendering layout layouts/application.html.erb
  Rendering welcome/index.html.erb within layouts/application
  Rendered welcome/index.html.erb within layouts/application (Duration: 4.4ms | Allocations: 1064)
  Rendered application/_menubar.html.erb (Duration: 0.1ms | Allocations: 124)
  Rendered application/_footer.html.erb (Duration: 0.0ms | Allocations: 8)
  Rendered layout layouts/application.html.erb (Duration: 46.7ms | Allocations: 11312)
Completed 200 OK in 48ms (Views: 47.4ms | ActiveRecord: 0.0ms | Allocations: 11579)


Started GET "/" for 127.0.0.1 at 2024-06-03 14:47:06 +0300
Processing by WelcomeController#index as HTML
  Rendering layout layouts/application.html.erb
  Rendering welcome/index.html.erb within layouts/application
  Rendered welcome/index.html.erb within layouts/application (Duration: 3.1ms | Allocations: 1040)
  Rendered application/_menubar.html.erb (Duration: 0.1ms | Allocations: 124)
  Rendered application/_footer.html.erb (Duration: 0.0ms | Allocations: 8)
  Rendered layout layouts/application.html.erb (Duration: 37.8ms | Allocations: 11292)
Completed 200 OK in 39ms (Views: 38.4ms | ActiveRecord: 0.0ms | Allocations: 11557)


Started GET "/" for 127.0.0.1 at 2024-06-03 14:47:29 +0300
Processing by WelcomeController#index as HTML
  Rendering layout layouts/application.html.erb
  Rendering welcome/index.html.erb within layouts/application
  Rendered welcome/index.html.erb within layouts/application (Duration: 9.3ms | Allocations: 1063)
  Rendered application/_menubar.html.erb (Duration: 0.1ms | Allocations: 124)
  Rendered application/_footer.html.erb (Duration: 0.0ms | Allocations: 8)
  Rendered layout layouts/application.html.erb (Duration: 42.7ms | Allocations: 11302)
Completed 200 OK in 46ms (Views: 43.9ms | ActiveRecord: 0.0ms | Allocations: 11567)


Started GET "/" for 127.0.0.1 at 2024-06-03 14:47:32 +0300
Processing by WelcomeController#index as HTML
  Rendering layout layouts/application.html.erb
  Rendering welcome/index.html.erb within layouts/application
  Rendered welcome/index.html.erb within layouts/application (Duration: 3.9ms | Allocations: 1063)
  Rendered application/_menubar.html.erb (Duration: 0.2ms | Allocations: 124)
  Rendered application/_footer.html.erb (Duration: 0.0ms | Allocations: 8)
  Rendered layout layouts/application.html.erb (Duration: 9.3ms | Allocations: 4134)
Completed 200 OK in 11ms (Views: 9.9ms | ActiveRecord: 0.0ms | Allocations: 4399)


Started GET "/" for 127.0.0.1 at 2024-06-03 14:47:33 +0300
Processing by WelcomeController#index as HTML
  Rendering layout layouts/application.html.erb
  Rendering welcome/index.html.erb within layouts/application
  Rendered welcome/index.html.erb within layouts/application (Duration: 2.8ms | Allocations: 1040)
  Rendered application/_menubar.html.erb (Duration: 0.1ms | Allocations: 124)
  Rendered application/_footer.html.erb (Duration: 0.0ms | Allocations: 8)
  Rendered layout layouts/application.html.erb (Duration: 19.3ms | Allocations: 4093)
Completed 200 OK in 20ms (Views: 19.9ms | ActiveRecord: 0.0ms | Allocations: 4359)


Started GET "/" for 127.0.0.1 at 2024-06-03 14:47:45 +0300
Processing by WelcomeController#index as HTML
  Rendering layout layouts/application.html.erb
  Rendering welcome/index.html.erb within layouts/application
  Rendered welcome/index.html.erb within layouts/application (Duration: 6.1ms | Allocations: 1065)
  Rendered application/_menubar.html.erb (Duration: 0.2ms | Allocations: 124)
  Rendered application/_footer.html.erb (Duration: 0.0ms | Allocations: 8)
  Rendered layout layouts/application.html.erb (Duration: 54.2ms | Allocations: 11338)
Completed 200 OK in 56ms (Views: 55.4ms | ActiveRecord: 0.0ms | Allocations: 11603)


Started GET "/" for 127.0.0.1 at 2024-06-03 14:48:07 +0300
Processing by WelcomeController#index as HTML
  Rendering layout layouts/application.html.erb
  Rendering welcome/index.html.erb within layouts/application
  Rendered welcome/index.html.erb within layouts/application (Duration: 5.0ms | Allocations: 1043)
  Rendered application/_menubar.html.erb (Duration: 0.3ms | Allocations: 124)
  Rendered application/_footer.html.erb (Duration: 0.0ms | Allocations: 8)
  Rendered layout layouts/application.html.erb (Duration: 18.9ms | Allocations: 4140)
Completed 200 OK in 21ms (Views: 19.6ms | ActiveRecord: 0.0ms | Allocations: 4405)


Started GET "/" for 127.0.0.1 at 2024-06-03 14:48:10 +0300
Processing by WelcomeController#index as HTML
  Rendering layout layouts/application.html.erb
  Rendering welcome/index.html.erb within layouts/application
  Rendered welcome/index.html.erb within layouts/application (Duration: 4.0ms | Allocations: 1063)
  Rendered application/_menubar.html.erb (Duration: 0.3ms | Allocations: 124)
  Rendered application/_footer.html.erb (Duration: 0.0ms | Allocations: 8)
  Rendered layout layouts/application.html.erb (Duration: 12.2ms | Allocations: 4122)
Completed 200 OK in 14ms (Views: 12.7ms | ActiveRecord: 0.0ms | Allocations: 4387)


Started GET "/" for 127.0.0.1 at 2024-06-03 14:48:12 +0300
Processing by WelcomeController#index as HTML
  Rendering layout layouts/application.html.erb
  Rendering welcome/index.html.erb within layouts/application
  Rendered welcome/index.html.erb within layouts/application (Duration: 3.6ms | Allocations: 1063)
  Rendered application/_menubar.html.erb (Duration: 0.3ms | Allocations: 124)
  Rendered application/_footer.html.erb (Duration: 0.0ms | Allocations: 8)
  Rendered layout layouts/application.html.erb (Duration: 11.9ms | Allocations: 4125)
Completed 200 OK in 13ms (Views: 12.4ms | ActiveRecord: 0.0ms | Allocations: 4390)


Started GET "/" for 127.0.0.1 at 2024-06-03 14:48:13 +0300
Processing by WelcomeController#index as HTML
  Rendering layout layouts/application.html.erb
  Rendering welcome/index.html.erb within layouts/application
  Rendered welcome/index.html.erb within layouts/application (Duration: 3.2ms | Allocations: 1046)
  Rendered application/_menubar.html.erb (Duration: 0.2ms | Allocations: 124)
  Rendered application/_footer.html.erb (Duration: 0.0ms | Allocations: 8)
  Rendered layout layouts/application.html.erb (Duration: 9.4ms | Allocations: 4105)
Completed 200 OK in 11ms (Views: 10.0ms | ActiveRecord: 0.0ms | Allocations: 4370)


Started GET "/" for 127.0.0.1 at 2024-06-03 14:48:15 +0300
Processing by WelcomeController#index as HTML
  Rendering layout layouts/application.html.erb
  Rendering welcome/index.html.erb within layouts/application
  Rendered welcome/index.html.erb within layouts/application (Duration: 10.5ms | Allocations: 1063)
  Rendered application/_menubar.html.erb (Duration: 0.1ms | Allocations: 124)
  Rendered application/_footer.html.erb (Duration: 0.0ms | Allocations: 8)
  Rendered layout layouts/application.html.erb (Duration: 18.3ms | Allocations: 4122)
Completed 200 OK in 25ms (Views: 22.2ms | ActiveRecord: 0.0ms | Allocations: 4387)


Started GET "/" for 127.0.0.1 at 2024-06-03 14:48:16 +0300
Processing by WelcomeController#index as HTML
  Rendering layout layouts/application.html.erb
  Rendering welcome/index.html.erb within layouts/application
  Rendered welcome/index.html.erb within layouts/application (Duration: 1.5ms | Allocations: 1040)
  Rendered application/_menubar.html.erb (Duration: 0.1ms | Allocations: 124)
  Rendered application/_footer.html.erb (Duration: 0.0ms | Allocations: 8)
  Rendered layout layouts/application.html.erb (Duration: 3.3ms | Allocations: 4078)
Completed 200 OK in 4ms (Views: 3.6ms | ActiveRecord: 0.0ms | Allocations: 4343)


Started GET "/caps/show" for 127.0.0.1 at 2024-06-03 14:48:23 +0300
Processing by CapsController#show as HTML
  Rendering layout layouts/application.html.erb
  Rendering caps/show.html.erb within layouts/application
  Rendered caps/show.html.erb within layouts/application (Duration: 1.2ms | Allocations: 112)
  Rendered application/_menubar.html.erb (Duration: 0.4ms | Allocations: 162)
  Rendered application/_footer.html.erb (Duration: 0.1ms | Allocations: 9)
  Rendered layout layouts/application.html.erb (Duration: 9.7ms | Allocations: 3433)
Completed 200 OK in 13ms (Views: 12.5ms | ActiveRecord: 0.0ms | Allocations: 4085)


  [1m[36mActiveRecord::SchemaMigration Pluck (0.1ms)[0m  [1m[34mSELECT "schema_migrations"."version" FROM "schema_migrations" ORDER BY "schema_migrations"."version" ASC[0m
Migrating to CreateHappinesses (20240603115443)
  [1m[36mTRANSACTION (0.0ms)[0m  [1m[36mbegin transaction[0m
  [1m[35m (0.8ms)[0m  [1m[35mCREATE TABLE "happinesses" ("id" integer PRIMARY KEY AUTOINCREMENT NOT NULL, "text" text, "image" varchar, "created_at" datetime(6) NOT NULL, "updated_at" datetime(6) NOT NULL)[0m
  [1m[36mActiveRecord::SchemaMigration Create (0.1ms)[0m  [1m[32mINSERT INTO "schema_migrations" ("version") VALUES (?)[0m  [["version", "20240603115443"]]
  [1m[36mTRANSACTION (0.5ms)[0m  [1m[36mcommit transaction[0m
  [1m[36mActiveRecord::InternalMetadata Load (0.2ms)[0m  [1m[34mSELECT "ar_internal_metadata".* FROM "ar_internal_metadata" WHERE "ar_internal_metadata"."key" = ? LIMIT ?[0m  [["key", "environment"], ["LIMIT", 1]]
  [1m[36mActiveRecord::SchemaMigration Pluck (0.0ms)[0m  [1m[34mSELECT "schema_migrations"."version" FROM "schema_migrations" ORDER BY "schema_migrations"."version" ASC[0m
Started GET "/" for 127.0.0.1 at 2024-06-03 15:04:52 +0300
  [1m[36mActiveRecord::SchemaMigration Pluck (0.1ms)[0m  [1m[34mSELECT "schema_migrations"."version" FROM "schema_migrations" ORDER BY "schema_migrations"."version" ASC[0m
Processing by WelcomeController#index as HTML
  Rendering layout layouts/application.html.erb
  Rendering welcome/index.html.erb within layouts/application
  Rendered welcome/index.html.erb within layouts/application (Duration: 206.6ms | Allocations: 58579)
  Rendered application/_menubar.html.erb (Duration: 0.4ms | Allocations: 318)
  Rendered application/_footer.html.erb (Duration: 0.2ms | Allocations: 108)
  Rendered layout layouts/application.html.erb (Duration: 219.9ms | Allocations: 75723)
Completed 200 OK in 227ms (Views: 222.5ms | ActiveRecord: 0.0ms | Allocations: 79721)


  [1m[36mActiveRecord::SchemaMigration Pluck (0.2ms)[0m  [1m[34mSELECT "schema_migrations"."version" FROM "schema_migrations" ORDER BY "schema_migrations"."version" ASC[0m
Migrating to AddDateToHappiness (20240603120924)
  [1m[36mTRANSACTION (0.1ms)[0m  [1m[36mbegin transaction[0m
  [1m[35m (1.2ms)[0m  [1m[35mALTER TABLE "happinesses" ADD "date" date[0m
  [1m[36mActiveRecord::SchemaMigration Create (0.1ms)[0m  [1m[32mINSERT INTO "schema_migrations" ("version") VALUES (?)[0m  [["version", "20240603120924"]]
  [1m[36mTRANSACTION (1.2ms)[0m  [1m[36mcommit transaction[0m
  [1m[36mActiveRecord::InternalMetadata Load (0.2ms)[0m  [1m[34mSELECT "ar_internal_metadata".* FROM "ar_internal_metadata" WHERE "ar_internal_metadata"."key" = ? LIMIT ?[0m  [["key", "environment"], ["LIMIT", 1]]
  [1m[36mActiveRecord::SchemaMigration Pluck (0.0ms)[0m  [1m[34mSELECT "schema_migrations"."version" FROM "schema_migrations" ORDER BY "schema_migrations"."version" ASC[0m
Started GET "/" for 127.0.0.1 at 2024-06-03 15:13:04 +0300
  [1m[36mActiveRecord::SchemaMigration Pluck (0.1ms)[0m  [1m[34mSELECT "schema_migrations"."version" FROM "schema_migrations" ORDER BY "schema_migrations"."version" ASC[0m
Processing by WelcomeController#index as HTML
  Rendering layout layouts/application.html.erb
  Rendering welcome/index.html.erb within layouts/application
  Rendered welcome/index.html.erb within layouts/application (Duration: 4.9ms | Allocations: 2066)
  Rendered layout layouts/application.html.erb (Duration: 5.0ms | Allocations: 2168)
Completed 500 Internal Server Error in 10ms (ActiveRecord: 0.0ms | Allocations: 6111)


  
ActionView::Template::Error (undefined method `each' for nil:NilClass):
    22:         <div class = "O_Happiness">
    23:         <h1>Random Happiness</h1>
    24: 
    25: <% @happiness_samples.each do |happiness| %>
    26:   <div class="happiness-item">
    27:     <p><%= happiness.text %></p>
    28:     <% if happiness.image.present? %>
  
app/views/welcome/index.html.erb:25
Started GET "/" for 127.0.0.1 at 2024-06-03 15:13:05 +0300
Processing by WelcomeController#index as HTML
  Rendering layout layouts/application.html.erb
  Rendering welcome/index.html.erb within layouts/application
  Rendered welcome/index.html.erb within layouts/application (Duration: 1.3ms | Allocations: 1012)
  Rendered layout layouts/application.html.erb (Duration: 1.6ms | Allocations: 1100)
Completed 500 Internal Server Error in 3ms (ActiveRecord: 0.0ms | Allocations: 1344)


  
ActionView::Template::Error (undefined method `each' for nil:NilClass):
    22:         <div class = "O_Happiness">
    23:         <h1>Random Happiness</h1>
    24: 
    25: <% @happiness_samples.each do |happiness| %>
    26:   <div class="happiness-item">
    27:     <p><%= happiness.text %></p>
    28:     <% if happiness.image.present? %>
  
app/views/welcome/index.html.erb:25
Started GET "/" for 127.0.0.1 at 2024-06-03 15:14:27 +0300
Processing by WelcomeController#index as HTML
  Rendering layout layouts/application.html.erb
  Rendering welcome/index.html.erb within layouts/application
  Rendered welcome/index.html.erb within layouts/application (Duration: 1.0ms | Allocations: 987)
  Rendered layout layouts/application.html.erb (Duration: 1.2ms | Allocations: 1076)
Completed 500 Internal Server Error in 3ms (ActiveRecord: 0.0ms | Allocations: 1582)


  
ActionView::Template::Error (undefined method `each' for nil:NilClass):
    22:         <div class = "O_Happiness">
    23:         <h1>Random Happiness</h1>
    24: 
    25: <% @happiness_samples.each do |happiness| %>
    26:   <div class="happiness-item">
    27:     <p><%= happiness.text %></p>
    28:     <% if happiness.image.present? %>
  
app/views/welcome/index.html.erb:25
Started GET "/" for 127.0.0.1 at 2024-06-03 15:15:50 +0300
Processing by WelcomeController#index as HTML
  Rendering layout layouts/application.html.erb
  Rendering welcome/index.html.erb within layouts/application
  Rendered welcome/index.html.erb within layouts/application (Duration: 203.1ms | Allocations: 61484)
  Rendered application/_menubar.html.erb (Duration: 0.3ms | Allocations: 309)
  Rendered application/_footer.html.erb (Duration: 0.2ms | Allocations: 108)
  Rendered layout layouts/application.html.erb (Duration: 217.2ms | Allocations: 78422)
Completed 200 OK in 219ms (Views: 218.1ms | ActiveRecord: 0.0ms | Allocations: 79366)


Started GET "/caps/show" for 127.0.0.1 at 2024-06-03 15:17:01 +0300
Processing by CapsController#show as HTML
Completed 404 Not Found in 15ms (ActiveRecord: 2.4ms | Allocations: 1843)


  
ActiveRecord::RecordNotFound (Couldn't find Cap without an ID):
  
app/controllers/caps_controller.rb:3:in `show'
Started GET "/caps/show" for 127.0.0.1 at 2024-06-03 15:17:04 +0300
Processing by CapsController#show as HTML
Completed 404 Not Found in 1ms (ActiveRecord: 0.0ms | Allocations: 524)


  
ActiveRecord::RecordNotFound (Couldn't find Cap without an ID):
  
app/controllers/caps_controller.rb:3:in `show'
Started GET "/" for 127.0.0.1 at 2024-06-03 15:17:08 +0300
Processing by WelcomeController#index as HTML
  Rendering layout layouts/application.html.erb
  Rendering welcome/index.html.erb within layouts/application
  Rendered welcome/index.html.erb within layouts/application (Duration: 4.4ms | Allocations: 1047)
  Rendered application/_menubar.html.erb (Duration: 0.1ms | Allocations: 124)
  Rendered application/_footer.html.erb (Duration: 0.0ms | Allocations: 8)
  Rendered layout layouts/application.html.erb (Duration: 12.2ms | Allocations: 4136)
Completed 200 OK in 13ms (Views: 12.6ms | ActiveRecord: 0.0ms | Allocations: 4400)


Started GET "/caps/show" for 127.0.0.1 at 2024-06-03 15:17:10 +0300
Processing by CapsController#show as HTML
Completed 404 Not Found in 1ms (ActiveRecord: 0.0ms | Allocations: 519)


  
ActiveRecord::RecordNotFound (Couldn't find Cap without an ID):
  
app/controllers/caps_controller.rb:3:in `show'
Started GET "/" for 127.0.0.1 at 2024-06-03 15:17:49 +0300
Processing by WelcomeController#index as HTML
  Rendering layout layouts/application.html.erb
  Rendering welcome/index.html.erb within layouts/application
  Rendered welcome/index.html.erb within layouts/application (Duration: 4.0ms | Allocations: 1047)
  Rendered application/_menubar.html.erb (Duration: 0.1ms | Allocations: 124)
  Rendered application/_footer.html.erb (Duration: 0.0ms | Allocations: 8)
  Rendered layout layouts/application.html.erb (Duration: 7.9ms | Allocations: 4121)
Completed 200 OK in 10ms (Views: 8.4ms | ActiveRecord: 0.0ms | Allocations: 4385)


Started GET "/" for 127.0.0.1 at 2024-06-03 15:17:51 +0300
Processing by WelcomeController#index as HTML
  Rendering layout layouts/application.html.erb
  Rendering welcome/index.html.erb within layouts/application
  Rendered welcome/index.html.erb within layouts/application (Duration: 3.1ms | Allocations: 1044)
  Rendered application/_menubar.html.erb (Duration: 0.2ms | Allocations: 124)
  Rendered application/_footer.html.erb (Duration: 0.0ms | Allocations: 8)
  Rendered layout layouts/application.html.erb (Duration: 10.6ms | Allocations: 4126)
Completed 200 OK in 12ms (Views: 11.1ms | ActiveRecord: 0.0ms | Allocations: 4390)


Started GET "/" for 127.0.0.1 at 2024-06-03 15:17:53 +0300
Processing by WelcomeController#index as HTML
  Rendering layout layouts/application.html.erb
  Rendering welcome/index.html.erb within layouts/application
  Rendered welcome/index.html.erb within layouts/application (Duration: 2.5ms | Allocations: 1044)
  Rendered application/_menubar.html.erb (Duration: 0.2ms | Allocations: 124)
  Rendered application/_footer.html.erb (Duration: 0.0ms | Allocations: 8)
  Rendered layout layouts/application.html.erb (Duration: 8.8ms | Allocations: 4114)
Completed 200 OK in 10ms (Views: 9.2ms | ActiveRecord: 0.0ms | Allocations: 4378)


Started GET "/" for 127.0.0.1 at 2024-06-03 15:18:05 +0300
Processing by WelcomeController#index as HTML
  Rendering layout layouts/application.html.erb
  Rendering welcome/index.html.erb within layouts/application
  Rendered welcome/index.html.erb within layouts/application (Duration: 3.6ms | Allocations: 1044)
  Rendered application/_menubar.html.erb (Duration: 0.2ms | Allocations: 124)
  Rendered application/_footer.html.erb (Duration: 0.2ms | Allocations: 8)
  Rendered layout layouts/application.html.erb (Duration: 71.0ms | Allocations: 11310)
Completed 200 OK in 76ms (Views: 74.8ms | ActiveRecord: 0.0ms | Allocations: 11574)


Started GET "/caps/show" for 127.0.0.1 at 2024-06-03 15:18:06 +0300
Processing by CapsController#show as HTML
Completed 404 Not Found in 9ms (ActiveRecord: 0.0ms | Allocations: 519)


  
ActiveRecord::RecordNotFound (Couldn't find Cap without an ID):
  
app/controllers/caps_controller.rb:3:in `show'
Started GET "/caps/show" for 127.0.0.1 at 2024-06-03 15:26:08 +0300
Processing by CapsController#show as HTML
Completed 404 Not Found in 4ms (ActiveRecord: 0.0ms | Allocations: 523)


  
ActiveRecord::RecordNotFound (Couldn't find Cap without an ID):
  
app/controllers/caps_controller.rb:3:in `show'
Started GET "/caps/show" for 127.0.0.1 at 2024-06-03 15:26:25 +0300
Processing by CapsController#show as HTML
Completed 404 Not Found in 2ms (ActiveRecord: 0.0ms | Allocations: 523)


  
ActiveRecord::RecordNotFound (Couldn't find Cap without an ID):
  
app/controllers/caps_controller.rb:3:in `show'
Started GET "/caps/show" for 127.0.0.1 at 2024-06-03 15:29:20 +0300
Processing by CapsController#show as HTML
Completed 404 Not Found in 5ms (ActiveRecord: 0.0ms | Allocations: 519)


  
ActiveRecord::RecordNotFound (Couldn't find Cap without an ID):
  
app/controllers/caps_controller.rb:3:in `show'
Started GET "/" for 127.0.0.1 at 2024-06-03 15:30:42 +0300
Processing by WelcomeController#index as HTML
  Rendering layout layouts/application.html.erb
  Rendering welcome/index.html.erb within layouts/application
  Rendered welcome/index.html.erb within layouts/application (Duration: 8.2ms | Allocations: 1488)
  Rendered application/_menubar.html.erb (Duration: 0.7ms | Allocations: 302)
  Rendered application/_footer.html.erb (Duration: 0.3ms | Allocations: 106)
  Rendered layout layouts/application.html.erb (Duration: 19.9ms | Allocations: 5269)
Completed 200 OK in 29ms (Views: 26.5ms | ActiveRecord: 0.0ms | Allocations: 6088)


  [1m[36mHappiness Load (0.3ms)[0m  [1m[34mSELECT "happinesses".* FROM "happinesses"[0m
Started GET "/" for 127.0.0.1 at 2024-06-03 15:38:34 +0300
  [1m[36mActiveRecord::SchemaMigration Pluck (0.2ms)[0m  [1m[34mSELECT "schema_migrations"."version" FROM "schema_migrations" ORDER BY "schema_migrations"."version" ASC[0m
Processing by WelcomeController#index as HTML
  Rendering layout layouts/application.html.erb
  Rendering welcome/index.html.erb within layouts/application
  [1m[36mHappiness Load (0.2ms)[0m  [1m[34mSELECT "happinesses".* FROM "happinesses" ORDER BY RANDOM() LIMIT ?[0m  [["LIMIT", 5]]
  ↳ app/views/welcome/index.html.erb:30
  Rendered welcome/index.html.erb within layouts/application (Duration: 193.1ms | Allocations: 59347)
  Rendered application/_menubar.html.erb (Duration: 0.5ms | Allocations: 318)
  Rendered application/_footer.html.erb (Duration: 0.2ms | Allocations: 108)
  Rendered layout layouts/application.html.erb (Duration: 203.1ms | Allocations: 76527)
Completed 200 OK in 214ms (Views: 206.7ms | ActiveRecord: 0.4ms | Allocations: 81222)


Started GET "/image%20807.png" for 127.0.0.1 at 2024-06-03 15:38:35 +0300
  
ActionController::RoutingError (No route matches [GET] "/image%20807.png"):
  
Started GET "/" for 127.0.0.1 at 2024-06-03 15:39:58 +0300
Processing by WelcomeController#index as HTML
  Rendering layout layouts/application.html.erb
  Rendering welcome/index.html.erb within layouts/application
  [1m[36mHappiness Load (3.8ms)[0m  [1m[34mSELECT "happinesses".* FROM "happinesses" ORDER BY RANDOM() LIMIT ?[0m  [["LIMIT", 5]]
  ↳ app/views/welcome/index.html.erb:30
  Rendered welcome/index.html.erb within layouts/application (Duration: 15.0ms | Allocations: 2176)
  Rendered application/_menubar.html.erb (Duration: 1.5ms | Allocations: 302)
  Rendered application/_footer.html.erb (Duration: 0.7ms | Allocations: 106)
  Rendered layout layouts/application.html.erb (Duration: 38.2ms | Allocations: 5946)
Completed 200 OK in 44ms (Views: 37.2ms | ActiveRecord: 3.8ms | Allocations: 6811)


Started GET "/image%20807.png" for 127.0.0.1 at 2024-06-03 15:39:59 +0300
  
ActionController::RoutingError (No route matches [GET] "/image%20807.png"):
  
Started GET "/" for 127.0.0.1 at 2024-06-03 15:41:54 +0300
Processing by WelcomeController#index as HTML
  Rendering layout layouts/application.html.erb
  Rendering welcome/index.html.erb within layouts/application
  [1m[36mHappiness Load (3.3ms)[0m  [1m[34mSELECT "happinesses".* FROM "happinesses" ORDER BY RANDOM() LIMIT ?[0m  [["LIMIT", 5]]
  ↳ app/views/welcome/index.html.erb:23
  Rendered welcome/index.html.erb within layouts/application (Duration: 10.4ms | Allocations: 2111)
  Rendered application/_menubar.html.erb (Duration: 0.5ms | Allocations: 302)
  Rendered application/_footer.html.erb (Duration: 0.3ms | Allocations: 106)
  Rendered layout layouts/application.html.erb (Duration: 17.8ms | Allocations: 5901)
Completed 200 OK in 24ms (Views: 16.6ms | ActiveRecord: 3.3ms | Allocations: 6762)


Started GET "/image%20807.png" for 127.0.0.1 at 2024-06-03 15:41:55 +0300
  
ActionController::RoutingError (No route matches [GET] "/image%20807.png"):
  
Started GET "/" for 127.0.0.1 at 2024-06-03 15:42:23 +0300
Processing by WelcomeController#index as HTML
  Rendering layout layouts/application.html.erb
  Rendering welcome/index.html.erb within layouts/application
  [1m[36mHappiness Load (0.6ms)[0m  [1m[34mSELECT "happinesses".* FROM "happinesses" ORDER BY RANDOM() LIMIT ?[0m  [["LIMIT", 5]]
  ↳ app/views/welcome/index.html.erb:23
  Rendered welcome/index.html.erb within layouts/application (Duration: 11.7ms | Allocations: 2101)
  Rendered application/_menubar.html.erb (Duration: 0.6ms | Allocations: 302)
  Rendered application/_footer.html.erb (Duration: 0.3ms | Allocations: 106)
  Rendered layout layouts/application.html.erb (Duration: 30.7ms | Allocations: 5876)
Completed 200 OK in 39ms (Views: 34.4ms | ActiveRecord: 0.6ms | Allocations: 6732)


Started GET "/image%20807.png" for 127.0.0.1 at 2024-06-03 15:42:23 +0300
  
ActionController::RoutingError (No route matches [GET] "/image%20807.png"):
  
Started GET "/" for 127.0.0.1 at 2024-06-03 15:42:41 +0300
Processing by WelcomeController#index as HTML
  Rendering layout layouts/application.html.erb
  Rendering welcome/index.html.erb within layouts/application
  [1m[36mHappiness Load (0.2ms)[0m  [1m[34mSELECT "happinesses".* FROM "happinesses" ORDER BY RANDOM() LIMIT ?[0m  [["LIMIT", 5]]
  ↳ app/views/welcome/index.html.erb:23
  Rendered welcome/index.html.erb within layouts/application (Duration: 5.4ms | Allocations: 2106)
  Rendered application/_menubar.html.erb (Duration: 0.4ms | Allocations: 302)
  Rendered application/_footer.html.erb (Duration: 0.3ms | Allocations: 106)
  Rendered layout layouts/application.html.erb (Duration: 10.4ms | Allocations: 5875)
Completed 200 OK in 13ms (Views: 11.4ms | ActiveRecord: 0.2ms | Allocations: 6731)


Started GET "/happiness/image%20807.png" for 127.0.0.1 at 2024-06-03 15:42:41 +0300
Processing by HappinessController#show as PNG
  Parameters: {"id"=>"image 807"}
  [1m[36mHappiness Load (0.5ms)[0m  [1m[34mSELECT "happinesses".* FROM "happinesses" WHERE "happinesses"."id" = ? LIMIT ?[0m  [["id", nil], ["LIMIT", 1]]
  ↳ app/controllers/happiness_controller.rb:3:in `show'
Completed 404 Not Found in 4ms (ActiveRecord: 0.5ms | Allocations: 2232)


  
ActiveRecord::RecordNotFound (Couldn't find Happiness with 'id'=image 807):
  
app/controllers/happiness_controller.rb:3:in `show'
Started GET "/" for 127.0.0.1 at 2024-06-03 15:43:40 +0300
Processing by WelcomeController#index as HTML
  Rendering layout layouts/application.html.erb
  Rendering welcome/index.html.erb within layouts/application
  [1m[36mHappiness Load (0.4ms)[0m  [1m[34mSELECT "happinesses".* FROM "happinesses" ORDER BY RANDOM() LIMIT ?[0m  [["LIMIT", 5]]
  ↳ app/views/welcome/index.html.erb:23
  Rendered welcome/index.html.erb within layouts/application (Duration: 6.8ms | Allocations: 2088)
  Rendered application/_menubar.html.erb (Duration: 0.6ms | Allocations: 302)
  Rendered application/_footer.html.erb (Duration: 0.4ms | Allocations: 106)
  Rendered layout layouts/application.html.erb (Duration: 13.3ms | Allocations: 5866)
Completed 200 OK in 19ms (Views: 15.8ms | ActiveRecord: 0.4ms | Allocations: 6717)


Started GET "/happiness/" for 127.0.0.1 at 2024-06-03 15:43:40 +0300
  
AbstractController::ActionNotFound (The action 'index' could not be found for HappinessController):
  
actionpack (7.0.8.3) lib/abstract_controller/base.rb:146:in `process'
actionview (7.0.8.3) lib/action_view/rendering.rb:39:in `process'
actionpack (7.0.8.3) lib/action_controller/metal.rb:188:in `dispatch'
actionpack (7.0.8.3) lib/action_controller/metal.rb:251:in `dispatch'
actionpack (7.0.8.3) lib/action_dispatch/routing/route_set.rb:49:in `dispatch'
actionpack (7.0.8.3) lib/action_dispatch/routing/route_set.rb:32:in `serve'
actionpack (7.0.8.3) lib/action_dispatch/journey/router.rb:50:in `block in serve'
actionpack (7.0.8.3) lib/action_dispatch/journey/router.rb:32:in `each'
actionpack (7.0.8.3) lib/action_dispatch/journey/router.rb:32:in `serve'
actionpack (7.0.8.3) lib/action_dispatch/routing/route_set.rb:852:in `call'
rack (2.2.9) lib/rack/tempfile_reaper.rb:15:in `call'
rack (2.2.9) lib/rack/etag.rb:27:in `call'
rack (2.2.9) lib/rack/conditional_get.rb:27:in `call'
rack (2.2.9) lib/rack/head.rb:12:in `call'
actionpack (7.0.8.3) lib/action_dispatch/http/permissions_policy.rb:38:in `call'
actionpack (7.0.8.3) lib/action_dispatch/http/content_security_policy.rb:36:in `call'
rack (2.2.9) lib/rack/session/abstract/id.rb:266:in `context'
rack (2.2.9) lib/rack/session/abstract/id.rb:260:in `call'
actionpack (7.0.8.3) lib/action_dispatch/middleware/cookies.rb:704:in `call'
activerecord (7.0.8.3) lib/active_record/migration.rb:638:in `call'
actionpack (7.0.8.3) lib/action_dispatch/middleware/callbacks.rb:27:in `block in call'
activesupport (7.0.8.3) lib/active_support/callbacks.rb:99:in `run_callbacks'
actionpack (7.0.8.3) lib/action_dispatch/middleware/callbacks.rb:26:in `call'
actionpack (7.0.8.3) lib/action_dispatch/middleware/executor.rb:14:in `call'
actionpack (7.0.8.3) lib/action_dispatch/middleware/actionable_exceptions.rb:17:in `call'
actionpack (7.0.8.3) lib/action_dispatch/middleware/debug_exceptions.rb:28:in `call'
web-console (4.2.1) lib/web_console/middleware.rb:132:in `call_app'
web-console (4.2.1) lib/web_console/middleware.rb:28:in `block in call'
web-console (4.2.1) lib/web_console/middleware.rb:17:in `catch'
web-console (4.2.1) lib/web_console/middleware.rb:17:in `call'
actionpack (7.0.8.3) lib/action_dispatch/middleware/show_exceptions.rb:29:in `call'
railties (7.0.8.3) lib/rails/rack/logger.rb:40:in `call_app'
railties (7.0.8.3) lib/rails/rack/logger.rb:25:in `block in call'
activesupport (7.0.8.3) lib/active_support/tagged_logging.rb:99:in `block in tagged'
activesupport (7.0.8.3) lib/active_support/tagged_logging.rb:37:in `tagged'
activesupport (7.0.8.3) lib/active_support/tagged_logging.rb:99:in `tagged'
railties (7.0.8.3) lib/rails/rack/logger.rb:25:in `call'
sprockets-rails (3.4.2) lib/sprockets/rails/quiet_assets.rb:13:in `call'
actionpack (7.0.8.3) lib/action_dispatch/middleware/remote_ip.rb:93:in `call'
actionpack (7.0.8.3) lib/action_dispatch/middleware/request_id.rb:26:in `call'
rack (2.2.9) lib/rack/method_override.rb:24:in `call'
rack (2.2.9) lib/rack/runtime.rb:22:in `call'
activesupport (7.0.8.3) lib/active_support/cache/strategy/local_cache_middleware.rb:29:in `call'
actionpack (7.0.8.3) lib/action_dispatch/middleware/server_timing.rb:61:in `block in call'
actionpack (7.0.8.3) lib/action_dispatch/middleware/server_timing.rb:26:in `collect_events'
actionpack (7.0.8.3) lib/action_dispatch/middleware/server_timing.rb:60:in `call'
actionpack (7.0.8.3) lib/action_dispatch/middleware/executor.rb:14:in `call'
actionpack (7.0.8.3) lib/action_dispatch/middleware/static.rb:23:in `call'
rack (2.2.9) lib/rack/sendfile.rb:110:in `call'
actionpack (7.0.8.3) lib/action_dispatch/middleware/host_authorization.rb:138:in `call'
railties (7.0.8.3) lib/rails/engine.rb:530:in `call'
puma (5.6.8) lib/puma/configuration.rb:252:in `call'
puma (5.6.8) lib/puma/request.rb:77:in `block in handle_request'
puma (5.6.8) lib/puma/thread_pool.rb:340:in `with_force_shutdown'
puma (5.6.8) lib/puma/request.rb:76:in `handle_request'
puma (5.6.8) lib/puma/server.rb:443:in `process_client'
puma (5.6.8) lib/puma/thread_pool.rb:147:in `block in spawn_thread'
Started GET "/" for 127.0.0.1 at 2024-06-03 15:44:55 +0300
Processing by WelcomeController#index as HTML
  Rendering layout layouts/application.html.erb
  Rendering welcome/index.html.erb within layouts/application
  [1m[36mHappiness Load (3.2ms)[0m  [1m[34mSELECT "happinesses".* FROM "happinesses" ORDER BY RANDOM() LIMIT ?[0m  [["LIMIT", 5]]
  ↳ app/views/welcome/index.html.erb:23
  Rendered welcome/index.html.erb within layouts/application (Duration: 15.6ms | Allocations: 1690)
  Rendered application/_menubar.html.erb (Duration: 0.1ms | Allocations: 124)
  Rendered application/_footer.html.erb (Duration: 0.0ms | Allocations: 8)
  Rendered layout layouts/application.html.erb (Duration: 67.8ms | Allocations: 12723)
Completed 200 OK in 70ms (Views: 65.2ms | ActiveRecord: 3.2ms | Allocations: 13026)


Started GET "/happiness/" for 127.0.0.1 at 2024-06-03 15:44:55 +0300
  
AbstractController::ActionNotFound (The action 'index' could not be found for HappinessController):
  
actionpack (7.0.8.3) lib/abstract_controller/base.rb:146:in `process'
actionview (7.0.8.3) lib/action_view/rendering.rb:39:in `process'
actionpack (7.0.8.3) lib/action_controller/metal.rb:188:in `dispatch'
actionpack (7.0.8.3) lib/action_controller/metal.rb:251:in `dispatch'
actionpack (7.0.8.3) lib/action_dispatch/routing/route_set.rb:49:in `dispatch'
actionpack (7.0.8.3) lib/action_dispatch/routing/route_set.rb:32:in `serve'
actionpack (7.0.8.3) lib/action_dispatch/journey/router.rb:50:in `block in serve'
actionpack (7.0.8.3) lib/action_dispatch/journey/router.rb:32:in `each'
actionpack (7.0.8.3) lib/action_dispatch/journey/router.rb:32:in `serve'
actionpack (7.0.8.3) lib/action_dispatch/routing/route_set.rb:852:in `call'
rack (2.2.9) lib/rack/tempfile_reaper.rb:15:in `call'
rack (2.2.9) lib/rack/etag.rb:27:in `call'
rack (2.2.9) lib/rack/conditional_get.rb:27:in `call'
rack (2.2.9) lib/rack/head.rb:12:in `call'
actionpack (7.0.8.3) lib/action_dispatch/http/permissions_policy.rb:38:in `call'
actionpack (7.0.8.3) lib/action_dispatch/http/content_security_policy.rb:36:in `call'
rack (2.2.9) lib/rack/session/abstract/id.rb:266:in `context'
rack (2.2.9) lib/rack/session/abstract/id.rb:260:in `call'
actionpack (7.0.8.3) lib/action_dispatch/middleware/cookies.rb:704:in `call'
activerecord (7.0.8.3) lib/active_record/migration.rb:638:in `call'
actionpack (7.0.8.3) lib/action_dispatch/middleware/callbacks.rb:27:in `block in call'
activesupport (7.0.8.3) lib/active_support/callbacks.rb:99:in `run_callbacks'
actionpack (7.0.8.3) lib/action_dispatch/middleware/callbacks.rb:26:in `call'
actionpack (7.0.8.3) lib/action_dispatch/middleware/executor.rb:14:in `call'
actionpack (7.0.8.3) lib/action_dispatch/middleware/actionable_exceptions.rb:17:in `call'
actionpack (7.0.8.3) lib/action_dispatch/middleware/debug_exceptions.rb:28:in `call'
web-console (4.2.1) lib/web_console/middleware.rb:132:in `call_app'
web-console (4.2.1) lib/web_console/middleware.rb:28:in `block in call'
web-console (4.2.1) lib/web_console/middleware.rb:17:in `catch'
web-console (4.2.1) lib/web_console/middleware.rb:17:in `call'
actionpack (7.0.8.3) lib/action_dispatch/middleware/show_exceptions.rb:29:in `call'
railties (7.0.8.3) lib/rails/rack/logger.rb:40:in `call_app'
railties (7.0.8.3) lib/rails/rack/logger.rb:25:in `block in call'
activesupport (7.0.8.3) lib/active_support/tagged_logging.rb:99:in `block in tagged'
activesupport (7.0.8.3) lib/active_support/tagged_logging.rb:37:in `tagged'
activesupport (7.0.8.3) lib/active_support/tagged_logging.rb:99:in `tagged'
railties (7.0.8.3) lib/rails/rack/logger.rb:25:in `call'
sprockets-rails (3.4.2) lib/sprockets/rails/quiet_assets.rb:13:in `call'
actionpack (7.0.8.3) lib/action_dispatch/middleware/remote_ip.rb:93:in `call'
actionpack (7.0.8.3) lib/action_dispatch/middleware/request_id.rb:26:in `call'
rack (2.2.9) lib/rack/method_override.rb:24:in `call'
rack (2.2.9) lib/rack/runtime.rb:22:in `call'
activesupport (7.0.8.3) lib/active_support/cache/strategy/local_cache_middleware.rb:29:in `call'
actionpack (7.0.8.3) lib/action_dispatch/middleware/server_timing.rb:61:in `block in call'
actionpack (7.0.8.3) lib/action_dispatch/middleware/server_timing.rb:26:in `collect_events'
actionpack (7.0.8.3) lib/action_dispatch/middleware/server_timing.rb:60:in `call'
actionpack (7.0.8.3) lib/action_dispatch/middleware/executor.rb:14:in `call'
actionpack (7.0.8.3) lib/action_dispatch/middleware/static.rb:23:in `call'
rack (2.2.9) lib/rack/sendfile.rb:110:in `call'
actionpack (7.0.8.3) lib/action_dispatch/middleware/host_authorization.rb:138:in `call'
railties (7.0.8.3) lib/rails/engine.rb:530:in `call'
puma (5.6.8) lib/puma/configuration.rb:252:in `call'
puma (5.6.8) lib/puma/request.rb:77:in `block in handle_request'
puma (5.6.8) lib/puma/thread_pool.rb:340:in `with_force_shutdown'
puma (5.6.8) lib/puma/request.rb:76:in `handle_request'
puma (5.6.8) lib/puma/server.rb:443:in `process_client'
puma (5.6.8) lib/puma/thread_pool.rb:147:in `block in spawn_thread'
Started GET "/" for 127.0.0.1 at 2024-06-03 15:45:40 +0300
Processing by WelcomeController#index as HTML
  Rendering layout layouts/application.html.erb
  Rendering welcome/index.html.erb within layouts/application
  [1m[36mHappiness Load (1.9ms)[0m  [1m[34mSELECT "happinesses".* FROM "happinesses" ORDER BY RANDOM() LIMIT ?[0m  [["LIMIT", 5]]
  ↳ app/views/welcome/index.html.erb:23
  Rendered welcome/index.html.erb within layouts/application (Duration: 17.8ms | Allocations: 1703)
  Rendered application/_menubar.html.erb (Duration: 0.1ms | Allocations: 124)
  Rendered application/_footer.html.erb (Duration: 0.0ms | Allocations: 8)
  Rendered layout layouts/application.html.erb (Duration: 48.2ms | Allocations: 11967)
Completed 200 OK in 50ms (Views: 47.0ms | ActiveRecord: 1.9ms | Allocations: 12262)


Started GET "/happiness/" for 127.0.0.1 at 2024-06-03 15:45:40 +0300
  
AbstractController::ActionNotFound (The action 'index' could not be found for HappinessController):
  
actionpack (7.0.8.3) lib/abstract_controller/base.rb:146:in `process'
actionview (7.0.8.3) lib/action_view/rendering.rb:39:in `process'
actionpack (7.0.8.3) lib/action_controller/metal.rb:188:in `dispatch'
actionpack (7.0.8.3) lib/action_controller/metal.rb:251:in `dispatch'
actionpack (7.0.8.3) lib/action_dispatch/routing/route_set.rb:49:in `dispatch'
actionpack (7.0.8.3) lib/action_dispatch/routing/route_set.rb:32:in `serve'
actionpack (7.0.8.3) lib/action_dispatch/journey/router.rb:50:in `block in serve'
actionpack (7.0.8.3) lib/action_dispatch/journey/router.rb:32:in `each'
actionpack (7.0.8.3) lib/action_dispatch/journey/router.rb:32:in `serve'
actionpack (7.0.8.3) lib/action_dispatch/routing/route_set.rb:852:in `call'
rack (2.2.9) lib/rack/tempfile_reaper.rb:15:in `call'
rack (2.2.9) lib/rack/etag.rb:27:in `call'
rack (2.2.9) lib/rack/conditional_get.rb:27:in `call'
rack (2.2.9) lib/rack/head.rb:12:in `call'
actionpack (7.0.8.3) lib/action_dispatch/http/permissions_policy.rb:38:in `call'
actionpack (7.0.8.3) lib/action_dispatch/http/content_security_policy.rb:36:in `call'
rack (2.2.9) lib/rack/session/abstract/id.rb:266:in `context'
rack (2.2.9) lib/rack/session/abstract/id.rb:260:in `call'
actionpack (7.0.8.3) lib/action_dispatch/middleware/cookies.rb:704:in `call'
activerecord (7.0.8.3) lib/active_record/migration.rb:638:in `call'
actionpack (7.0.8.3) lib/action_dispatch/middleware/callbacks.rb:27:in `block in call'
activesupport (7.0.8.3) lib/active_support/callbacks.rb:99:in `run_callbacks'
actionpack (7.0.8.3) lib/action_dispatch/middleware/callbacks.rb:26:in `call'
actionpack (7.0.8.3) lib/action_dispatch/middleware/executor.rb:14:in `call'
actionpack (7.0.8.3) lib/action_dispatch/middleware/actionable_exceptions.rb:17:in `call'
actionpack (7.0.8.3) lib/action_dispatch/middleware/debug_exceptions.rb:28:in `call'
web-console (4.2.1) lib/web_console/middleware.rb:132:in `call_app'
web-console (4.2.1) lib/web_console/middleware.rb:28:in `block in call'
web-console (4.2.1) lib/web_console/middleware.rb:17:in `catch'
web-console (4.2.1) lib/web_console/middleware.rb:17:in `call'
actionpack (7.0.8.3) lib/action_dispatch/middleware/show_exceptions.rb:29:in `call'
railties (7.0.8.3) lib/rails/rack/logger.rb:40:in `call_app'
railties (7.0.8.3) lib/rails/rack/logger.rb:25:in `block in call'
activesupport (7.0.8.3) lib/active_support/tagged_logging.rb:99:in `block in tagged'
activesupport (7.0.8.3) lib/active_support/tagged_logging.rb:37:in `tagged'
activesupport (7.0.8.3) lib/active_support/tagged_logging.rb:99:in `tagged'
railties (7.0.8.3) lib/rails/rack/logger.rb:25:in `call'
sprockets-rails (3.4.2) lib/sprockets/rails/quiet_assets.rb:13:in `call'
actionpack (7.0.8.3) lib/action_dispatch/middleware/remote_ip.rb:93:in `call'
actionpack (7.0.8.3) lib/action_dispatch/middleware/request_id.rb:26:in `call'
rack (2.2.9) lib/rack/method_override.rb:24:in `call'
rack (2.2.9) lib/rack/runtime.rb:22:in `call'
activesupport (7.0.8.3) lib/active_support/cache/strategy/local_cache_middleware.rb:29:in `call'
actionpack (7.0.8.3) lib/action_dispatch/middleware/server_timing.rb:61:in `block in call'
actionpack (7.0.8.3) lib/action_dispatch/middleware/server_timing.rb:26:in `collect_events'
actionpack (7.0.8.3) lib/action_dispatch/middleware/server_timing.rb:60:in `call'
actionpack (7.0.8.3) lib/action_dispatch/middleware/executor.rb:14:in `call'
actionpack (7.0.8.3) lib/action_dispatch/middleware/static.rb:23:in `call'
rack (2.2.9) lib/rack/sendfile.rb:110:in `call'
actionpack (7.0.8.3) lib/action_dispatch/middleware/host_authorization.rb:138:in `call'
railties (7.0.8.3) lib/rails/engine.rb:530:in `call'
puma (5.6.8) lib/puma/configuration.rb:252:in `call'
puma (5.6.8) lib/puma/request.rb:77:in `block in handle_request'
puma (5.6.8) lib/puma/thread_pool.rb:340:in `with_force_shutdown'
puma (5.6.8) lib/puma/request.rb:76:in `handle_request'
puma (5.6.8) lib/puma/server.rb:443:in `process_client'
puma (5.6.8) lib/puma/thread_pool.rb:147:in `block in spawn_thread'
Started GET "/" for 127.0.0.1 at 2024-06-03 15:59:27 +0300
Processing by WelcomeController#index as HTML
  Rendering layout layouts/application.html.erb
  Rendering welcome/index.html.erb within layouts/application
  [1m[36mHappiness Load (0.7ms)[0m  [1m[34mSELECT "happinesses".* FROM "happinesses" ORDER BY RANDOM() LIMIT ?[0m  [["LIMIT", 5]]
  ↳ app/views/welcome/index.html.erb:23
  Rendered welcome/index.html.erb within layouts/application (Duration: 20.5ms | Allocations: 2586)
  Rendered application/_menubar.html.erb (Duration: 1.1ms | Allocations: 302)
  Rendered application/_footer.html.erb (Duration: 0.7ms | Allocations: 106)
  Rendered layout layouts/application.html.erb (Duration: 36.6ms | Allocations: 6367)
Completed 200 OK in 73ms (Views: 48.5ms | ActiveRecord: 3.8ms | Allocations: 7350)


Started GET "/%3Cimg" for 127.0.0.1 at 2024-06-03 15:59:27 +0300
  
ActionController::RoutingError (No route matches [GET] "/%3Cimg"):
  
Started GET "/" for 127.0.0.1 at 2024-06-03 16:00:17 +0300
Processing by WelcomeController#index as HTML
  Rendering layout layouts/application.html.erb
  Rendering welcome/index.html.erb within layouts/application
  [1m[36mHappiness Load (3.8ms)[0m  [1m[34mSELECT "happinesses".* FROM "happinesses" ORDER BY RANDOM() LIMIT ?[0m  [["LIMIT", 5]]
  ↳ app/views/welcome/index.html.erb:23
  Rendered welcome/index.html.erb within layouts/application (Duration: 13.5ms | Allocations: 2587)
  Rendered application/_menubar.html.erb (Duration: 0.7ms | Allocations: 302)
  Rendered application/_footer.html.erb (Duration: 0.4ms | Allocations: 106)
  Rendered layout layouts/application.html.erb (Duration: 25.0ms | Allocations: 6356)
Completed 200 OK in 32ms (Views: 26.0ms | ActiveRecord: 3.8ms | Allocations: 7212)


Started GET "/caps/show" for 127.0.0.1 at 2024-06-03 16:00:23 +0300
Processing by CapsController#show as HTML
Completed 404 Not Found in 9ms (ActiveRecord: 1.4ms | Allocations: 1008)


  
ActiveRecord::RecordNotFound (Couldn't find Cap without an ID):
  
app/controllers/caps_controller.rb:3:in `show'
Started GET "/" for 127.0.0.1 at 2024-06-03 16:00:25 +0300
Processing by WelcomeController#index as HTML
  Rendering layout layouts/application.html.erb
  Rendering welcome/index.html.erb within layouts/application
  [1m[36mHappiness Load (0.6ms)[0m  [1m[34mSELECT "happinesses".* FROM "happinesses" ORDER BY RANDOM() LIMIT ?[0m  [["LIMIT", 5]]
  ↳ app/views/welcome/index.html.erb:23
  Rendered welcome/index.html.erb within layouts/application (Duration: 6.2ms | Allocations: 2158)
  Rendered application/_menubar.html.erb (Duration: 0.1ms | Allocations: 124)
  Rendered application/_footer.html.erb (Duration: 0.0ms | Allocations: 8)
  Rendered layout layouts/application.html.erb (Duration: 11.4ms | Allocations: 5232)
Completed 200 OK in 13ms (Views: 11.3ms | ActiveRecord: 0.6ms | Allocations: 5529)


Started GET "/" for 127.0.0.1 at 2024-06-03 16:14:28 +0300
Processing by WelcomeController#index as HTML
  Rendering layout layouts/application.html.erb
  Rendering welcome/index.html.erb within layouts/application
  [1m[36mHappiness Load (0.4ms)[0m  [1m[34mSELECT "happinesses".* FROM "happinesses" ORDER BY RANDOM() LIMIT ?[0m  [["LIMIT", 5]]
  ↳ app/views/welcome/index.html.erb:23
  Rendered welcome/index.html.erb within layouts/application (Duration: 9.9ms | Allocations: 2597)
  Rendered application/_menubar.html.erb (Duration: 0.3ms | Allocations: 305)
  Rendered application/_footer.html.erb (Duration: 0.2ms | Allocations: 106)
  Rendered layout layouts/application.html.erb (Duration: 65.8ms | Allocations: 13573)
Completed 200 OK in 81ms (Views: 71.7ms | ActiveRecord: 2.2ms | Allocations: 14539)


Started GET "/" for 127.0.0.1 at 2024-06-03 16:14:48 +0300
Processing by WelcomeController#index as HTML
  Rendering layout layouts/application.html.erb
  Rendering welcome/index.html.erb within layouts/application
  [1m[36mHappiness Load (0.7ms)[0m  [1m[34mSELECT "happinesses".* FROM "happinesses" ORDER BY RANDOM() LIMIT ?[0m  [["LIMIT", 5]]
  ↳ app/views/welcome/index.html.erb:23
  Rendered welcome/index.html.erb within layouts/application (Duration: 8.2ms | Allocations: 2152)
  Rendered application/_menubar.html.erb (Duration: 0.1ms | Allocations: 124)
  Rendered application/_footer.html.erb (Duration: 0.0ms | Allocations: 8)
  Rendered layout layouts/application.html.erb (Duration: 47.4ms | Allocations: 12417)
Completed 200 OK in 50ms (Views: 47.6ms | ActiveRecord: 0.7ms | Allocations: 12712)


Started GET "/" for 127.0.0.1 at 2024-06-03 16:15:12 +0300
Processing by WelcomeController#index as HTML
  Rendering layout layouts/application.html.erb
  Rendering welcome/index.html.erb within layouts/application
  [1m[36mHappiness Load (0.4ms)[0m  [1m[34mSELECT "happinesses".* FROM "happinesses" ORDER BY RANDOM() LIMIT ?[0m  [["LIMIT", 5]]
  ↳ app/views/welcome/index.html.erb:23
  Rendered welcome/index.html.erb within layouts/application (Duration: 7.4ms | Allocations: 2148)
  Rendered application/_menubar.html.erb (Duration: 0.1ms | Allocations: 124)
  Rendered application/_footer.html.erb (Duration: 0.0ms | Allocations: 8)
  Rendered layout layouts/application.html.erb (Duration: 42.3ms | Allocations: 12409)
Completed 200 OK in 45ms (Views: 42.7ms | ActiveRecord: 0.4ms | Allocations: 12703)


Started GET "/" for 127.0.0.1 at 2024-06-03 16:15:17 +0300
Processing by WelcomeController#index as HTML
  Rendering layout layouts/application.html.erb
  Rendering welcome/index.html.erb within layouts/application
  [1m[36mHappiness Load (0.7ms)[0m  [1m[34mSELECT "happinesses".* FROM "happinesses" ORDER BY RANDOM() LIMIT ?[0m  [["LIMIT", 5]]
  ↳ app/views/welcome/index.html.erb:23
  Rendered welcome/index.html.erb within layouts/application (Duration: 8.6ms | Allocations: 2148)
  Rendered application/_menubar.html.erb (Duration: 0.1ms | Allocations: 124)
  Rendered application/_footer.html.erb (Duration: 0.0ms | Allocations: 8)
  Rendered layout layouts/application.html.erb (Duration: 13.7ms | Allocations: 5283)
Completed 200 OK in 17ms (Views: 14.2ms | ActiveRecord: 0.7ms | Allocations: 5577)


Started GET "/" for 127.0.0.1 at 2024-06-03 16:15:43 +0300
Processing by WelcomeController#index as HTML
  Rendering layout layouts/application.html.erb
  Rendering welcome/index.html.erb within layouts/application
  [1m[36mHappiness Load (0.3ms)[0m  [1m[34mSELECT "happinesses".* FROM "happinesses" ORDER BY RANDOM() LIMIT ?[0m  [["LIMIT", 5]]
  ↳ app/views/welcome/index.html.erb:23
  Rendered welcome/index.html.erb within layouts/application (Duration: 7.6ms | Allocations: 2148)
  Rendered application/_menubar.html.erb (Duration: 0.1ms | Allocations: 124)
  Rendered application/_footer.html.erb (Duration: 0.0ms | Allocations: 8)
  Rendered layout layouts/application.html.erb (Duration: 46.1ms | Allocations: 12410)
Completed 200 OK in 49ms (Views: 46.6ms | ActiveRecord: 0.3ms | Allocations: 12704)


Started GET "/" for 127.0.0.1 at 2024-06-03 16:17:06 +0300
Processing by WelcomeController#index as HTML
  Rendering layout layouts/application.html.erb
  Rendering welcome/index.html.erb within layouts/application
  [1m[36mHappiness Load (3.7ms)[0m  [1m[34mSELECT "happinesses".* FROM "happinesses" ORDER BY RANDOM() LIMIT ?[0m  [["LIMIT", 5]]
  ↳ app/views/welcome/index.html.erb:23
  Rendered welcome/index.html.erb within layouts/application (Duration: 14.7ms | Allocations: 2144)
  Rendered application/_menubar.html.erb (Duration: 0.1ms | Allocations: 124)
  Rendered application/_footer.html.erb (Duration: 0.0ms | Allocations: 8)
  Rendered layout layouts/application.html.erb (Duration: 64.8ms | Allocations: 12423)
Completed 200 OK in 68ms (Views: 61.7ms | ActiveRecord: 3.7ms | Allocations: 12717)


Started GET "/" for 127.0.0.1 at 2024-06-03 16:18:16 +0300
Processing by WelcomeController#index as HTML
  Rendering layout layouts/application.html.erb
  Rendering welcome/index.html.erb within layouts/application
  [1m[36mHappiness Load (3.4ms)[0m  [1m[34mSELECT "happinesses".* FROM "happinesses" ORDER BY RANDOM() LIMIT ?[0m  [["LIMIT", 5]]
  ↳ app/views/welcome/index.html.erb:23
  Rendered welcome/index.html.erb within layouts/application (Duration: 14.4ms | Allocations: 2156)
  Rendered application/_menubar.html.erb (Duration: 0.1ms | Allocations: 124)
  Rendered application/_footer.html.erb (Duration: 0.0ms | Allocations: 8)
  Rendered layout layouts/application.html.erb (Duration: 60.7ms | Allocations: 12442)
Completed 200 OK in 63ms (Views: 57.9ms | ActiveRecord: 3.4ms | Allocations: 12738)


Started GET "/" for 127.0.0.1 at 2024-06-03 16:18:18 +0300
Processing by WelcomeController#index as HTML
  Rendering layout layouts/application.html.erb
  Rendering welcome/index.html.erb within layouts/application
  [1m[36mHappiness Load (0.6ms)[0m  [1m[34mSELECT "happinesses".* FROM "happinesses" ORDER BY RANDOM() LIMIT ?[0m  [["LIMIT", 5]]
  ↳ app/views/welcome/index.html.erb:23
  Rendered welcome/index.html.erb within layouts/application (Duration: 11.0ms | Allocations: 2155)
  Rendered application/_menubar.html.erb (Duration: 0.3ms | Allocations: 124)
  Rendered application/_footer.html.erb (Duration: 0.0ms | Allocations: 8)
  Rendered layout layouts/application.html.erb (Duration: 18.0ms | Allocations: 5215)
Completed 200 OK in 21ms (Views: 18.4ms | ActiveRecord: 0.6ms | Allocations: 5511)


Started GET "/" for 127.0.0.1 at 2024-06-03 16:18:51 +0300
Processing by WelcomeController#index as HTML
  Rendering layout layouts/application.html.erb
  Rendering welcome/index.html.erb within layouts/application
  [1m[36mHappiness Load (0.2ms)[0m  [1m[34mSELECT "happinesses".* FROM "happinesses" ORDER BY RANDOM() LIMIT ?[0m  [["LIMIT", 5]]
  ↳ app/views/welcome/index.html.erb:23
  Rendered welcome/index.html.erb within layouts/application (Duration: 6.5ms | Allocations: 2149)
  Rendered application/_menubar.html.erb (Duration: 0.1ms | Allocations: 124)
  Rendered application/_footer.html.erb (Duration: 0.0ms | Allocations: 8)
  Rendered layout layouts/application.html.erb (Duration: 34.4ms | Allocations: 12412)
Completed 200 OK in 37ms (Views: 34.7ms | ActiveRecord: 0.2ms | Allocations: 12706)


Started GET "/" for 127.0.0.1 at 2024-06-03 16:18:59 +0300
Processing by WelcomeController#index as HTML
  Rendering layout layouts/application.html.erb
  Rendering welcome/index.html.erb within layouts/application
  [1m[36mHappiness Load (1.0ms)[0m  [1m[34mSELECT "happinesses".* FROM "happinesses" ORDER BY RANDOM() LIMIT ?[0m  [["LIMIT", 5]]
  ↳ app/views/welcome/index.html.erb:23
  Rendered welcome/index.html.erb within layouts/application (Duration: 6.3ms | Allocations: 2148)
  Rendered application/_menubar.html.erb (Duration: 0.1ms | Allocations: 124)
  Rendered application/_footer.html.erb (Duration: 0.0ms | Allocations: 8)
  Rendered layout layouts/application.html.erb (Duration: 30.3ms | Allocations: 12403)
Completed 200 OK in 32ms (Views: 29.9ms | ActiveRecord: 1.0ms | Allocations: 12697)


Started GET "/" for 127.0.0.1 at 2024-06-03 16:19:47 +0300
Processing by WelcomeController#index as HTML
  Rendering layout layouts/application.html.erb
  Rendering welcome/index.html.erb within layouts/application
  [1m[36mHappiness Load (0.5ms)[0m  [1m[34mSELECT "happinesses".* FROM "happinesses" ORDER BY RANDOM() LIMIT ?[0m  [["LIMIT", 5]]
  ↳ app/views/welcome/index.html.erb:23
  Rendered welcome/index.html.erb within layouts/application (Duration: 11.4ms | Allocations: 2222)
  Rendered application/_menubar.html.erb (Duration: 0.1ms | Allocations: 124)
  Rendered application/_footer.html.erb (Duration: 0.0ms | Allocations: 8)
  Rendered layout layouts/application.html.erb (Duration: 45.1ms | Allocations: 12498)
Completed 200 OK in 48ms (Views: 45.6ms | ActiveRecord: 0.5ms | Allocations: 12792)


Started GET "/" for 127.0.0.1 at 2024-06-03 16:20:01 +0300
Processing by WelcomeController#index as HTML
  Rendering layout layouts/application.html.erb
  Rendering welcome/index.html.erb within layouts/application
  [1m[36mHappiness Load (0.4ms)[0m  [1m[34mSELECT "happinesses".* FROM "happinesses" ORDER BY RANDOM() LIMIT ?[0m  [["LIMIT", 5]]
  ↳ app/views/welcome/index.html.erb:23
  Rendered welcome/index.html.erb within layouts/application (Duration: 8.3ms | Allocations: 2156)
  Rendered application/_menubar.html.erb (Duration: 0.1ms | Allocations: 124)
  Rendered application/_footer.html.erb (Duration: 0.0ms | Allocations: 8)
  Rendered layout layouts/application.html.erb (Duration: 34.7ms | Allocations: 12466)
Completed 200 OK in 50ms (Views: 37.3ms | ActiveRecord: 0.4ms | Allocations: 12762)


Started GET "/" for 127.0.0.1 at 2024-06-03 16:20:21 +0300
Processing by WelcomeController#index as HTML
  Rendering layout layouts/application.html.erb
  Rendering welcome/index.html.erb within layouts/application
  [1m[36mHappiness Load (0.5ms)[0m  [1m[34mSELECT "happinesses".* FROM "happinesses" ORDER BY RANDOM() LIMIT ?[0m  [["LIMIT", 5]]
  ↳ app/views/welcome/index.html.erb:23
  Rendered welcome/index.html.erb within layouts/application (Duration: 6.6ms | Allocations: 2155)
  Rendered application/_menubar.html.erb (Duration: 0.1ms | Allocations: 124)
  Rendered application/_footer.html.erb (Duration: 0.0ms | Allocations: 8)
  Rendered layout layouts/application.html.erb (Duration: 45.3ms | Allocations: 12417)
Completed 200 OK in 49ms (Views: 47.0ms | ActiveRecord: 0.5ms | Allocations: 12713)


Started GET "/" for 127.0.0.1 at 2024-06-03 16:20:24 +0300
Processing by WelcomeController#index as HTML
  Rendering layout layouts/application.html.erb
  Rendering welcome/index.html.erb within layouts/application
  [1m[36mHappiness Load (0.6ms)[0m  [1m[34mSELECT "happinesses".* FROM "happinesses" ORDER BY RANDOM() LIMIT ?[0m  [["LIMIT", 5]]
  ↳ app/views/welcome/index.html.erb:23
  Rendered welcome/index.html.erb within layouts/application (Duration: 7.1ms | Allocations: 2148)
  Rendered application/_menubar.html.erb (Duration: 0.1ms | Allocations: 124)
  Rendered application/_footer.html.erb (Duration: 0.0ms | Allocations: 8)
  Rendered layout layouts/application.html.erb (Duration: 11.0ms | Allocations: 5227)
Completed 200 OK in 14ms (Views: 11.5ms | ActiveRecord: 0.6ms | Allocations: 5522)


Started GET "/" for 127.0.0.1 at 2024-06-03 16:20:34 +0300
Processing by WelcomeController#index as HTML
  Rendering layout layouts/application.html.erb
  Rendering welcome/index.html.erb within layouts/application
  [1m[36mHappiness Load (0.3ms)[0m  [1m[34mSELECT "happinesses".* FROM "happinesses" ORDER BY RANDOM() LIMIT ?[0m  [["LIMIT", 5]]
  ↳ app/views/welcome/index.html.erb:23
  Rendered welcome/index.html.erb within layouts/application (Duration: 5.8ms | Allocations: 2148)
  Rendered application/_menubar.html.erb (Duration: 0.6ms | Allocations: 124)
  Rendered application/_footer.html.erb (Duration: 0.0ms | Allocations: 8)
  Rendered layout layouts/application.html.erb (Duration: 42.0ms | Allocations: 12424)
Completed 200 OK in 46ms (Views: 42.9ms | ActiveRecord: 0.3ms | Allocations: 12718)


Started GET "/" for 127.0.0.1 at 2024-06-03 16:21:13 +0300
Processing by WelcomeController#index as HTML
  Rendering layout layouts/application.html.erb
  Rendering welcome/index.html.erb within layouts/application
  [1m[36mHappiness Load (1.0ms)[0m  [1m[34mSELECT "happinesses".* FROM "happinesses" ORDER BY RANDOM() LIMIT ?[0m  [["LIMIT", 5]]
  ↳ app/views/welcome/index.html.erb:23
  Rendered welcome/index.html.erb within layouts/application (Duration: 29.6ms | Allocations: 2144)
  Rendered application/_menubar.html.erb (Duration: 0.1ms | Allocations: 124)
  Rendered application/_footer.html.erb (Duration: 0.0ms | Allocations: 8)
  Rendered layout layouts/application.html.erb (Duration: 73.3ms | Allocations: 12423)
Completed 200 OK in 78ms (Views: 73.5ms | ActiveRecord: 1.0ms | Allocations: 12717)


Started GET "/" for 127.0.0.1 at 2024-06-03 16:21:38 +0300
Processing by WelcomeController#index as HTML
  Rendering layout layouts/application.html.erb
  Rendering welcome/index.html.erb within layouts/application
  [1m[36mHappiness Load (0.6ms)[0m  [1m[34mSELECT "happinesses".* FROM "happinesses" ORDER BY RANDOM() LIMIT ?[0m  [["LIMIT", 5]]
  ↳ app/views/welcome/index.html.erb:23
  Rendered welcome/index.html.erb within layouts/application (Duration: 5.7ms | Allocations: 2155)
  Rendered application/_menubar.html.erb (Duration: 0.1ms | Allocations: 124)
  Rendered application/_footer.html.erb (Duration: 0.0ms | Allocations: 8)
  Rendered layout layouts/application.html.erb (Duration: 55.0ms | Allocations: 12438)
Completed 200 OK in 59ms (Views: 55.9ms | ActiveRecord: 0.6ms | Allocations: 12734)


Started GET "/" for 127.0.0.1 at 2024-06-03 16:21:52 +0300
Processing by WelcomeController#index as HTML
  Rendering layout layouts/application.html.erb
  Rendering welcome/index.html.erb within layouts/application
  [1m[36mHappiness Load (0.4ms)[0m  [1m[34mSELECT "happinesses".* FROM "happinesses" ORDER BY RANDOM() LIMIT ?[0m  [["LIMIT", 5]]
  ↳ app/views/welcome/index.html.erb:23
  Rendered welcome/index.html.erb within layouts/application (Duration: 7.4ms | Allocations: 2155)
  Rendered application/_menubar.html.erb (Duration: 0.3ms | Allocations: 124)
  Rendered application/_footer.html.erb (Duration: 0.0ms | Allocations: 8)
  Rendered layout layouts/application.html.erb (Duration: 45.0ms | Allocations: 12473)
Completed 200 OK in 49ms (Views: 46.8ms | ActiveRecord: 0.4ms | Allocations: 12769)


Started GET "/" for 127.0.0.1 at 2024-06-03 16:21:59 +0300
Processing by WelcomeController#index as HTML
  Rendering layout layouts/application.html.erb
  Rendering welcome/index.html.erb within layouts/application
  [1m[36mHappiness Load (0.3ms)[0m  [1m[34mSELECT "happinesses".* FROM "happinesses" ORDER BY RANDOM() LIMIT ?[0m  [["LIMIT", 5]]
  ↳ app/views/welcome/index.html.erb:23
  Rendered welcome/index.html.erb within layouts/application (Duration: 6.8ms | Allocations: 2148)
  Rendered application/_menubar.html.erb (Duration: 0.3ms | Allocations: 124)
  Rendered application/_footer.html.erb (Duration: 0.0ms | Allocations: 8)
  Rendered layout layouts/application.html.erb (Duration: 34.4ms | Allocations: 12416)
Completed 200 OK in 37ms (Views: 35.1ms | ActiveRecord: 0.3ms | Allocations: 12710)


Started GET "/" for 127.0.0.1 at 2024-06-03 16:22:36 +0300
Processing by WelcomeController#index as HTML
  Rendering layout layouts/application.html.erb
  Rendering welcome/index.html.erb within layouts/application
  [1m[36mHappiness Load (0.3ms)[0m  [1m[34mSELECT "happinesses".* FROM "happinesses" ORDER BY RANDOM() LIMIT ?[0m  [["LIMIT", 5]]
  ↳ app/views/welcome/index.html.erb:23
  Rendered welcome/index.html.erb within layouts/application (Duration: 8.8ms | Allocations: 2148)
  Rendered application/_menubar.html.erb (Duration: 0.1ms | Allocations: 124)
  Rendered application/_footer.html.erb (Duration: 0.0ms | Allocations: 8)
  Rendered layout layouts/application.html.erb (Duration: 45.7ms | Allocations: 12413)
Completed 200 OK in 49ms (Views: 46.0ms | ActiveRecord: 0.3ms | Allocations: 12707)


Started GET "/" for 127.0.0.1 at 2024-06-03 16:23:37 +0300
Processing by WelcomeController#index as HTML
  Rendering layout layouts/application.html.erb
  Rendering welcome/index.html.erb within layouts/application
  [1m[36mHappiness Load (0.6ms)[0m  [1m[34mSELECT "happinesses".* FROM "happinesses" ORDER BY RANDOM() LIMIT ?[0m  [["LIMIT", 5]]
  ↳ app/views/welcome/index.html.erb:23
  Rendered welcome/index.html.erb within layouts/application (Duration: 11.6ms | Allocations: 2582)
  Rendered application/_menubar.html.erb (Duration: 0.6ms | Allocations: 302)
  Rendered application/_footer.html.erb (Duration: 0.4ms | Allocations: 106)
  Rendered layout layouts/application.html.erb (Duration: 19.4ms | Allocations: 6338)
Completed 200 OK in 53ms (Views: 48.2ms | ActiveRecord: 0.6ms | Allocations: 7191)


Started GET "/" for 127.0.0.1 at 2024-06-03 16:23:53 +0300
Processing by WelcomeController#index as HTML
  Rendering layout layouts/application.html.erb
  Rendering welcome/index.html.erb within layouts/application
  [1m[36mHappiness Load (0.6ms)[0m  [1m[34mSELECT "happinesses".* FROM "happinesses" ORDER BY RANDOM() LIMIT ?[0m  [["LIMIT", 5]]
  ↳ app/views/welcome/index.html.erb:23
  Rendered welcome/index.html.erb within layouts/application (Duration: 5.3ms | Allocations: 2156)
  Rendered application/_menubar.html.erb (Duration: 0.1ms | Allocations: 124)
  Rendered application/_footer.html.erb (Duration: 0.0ms | Allocations: 8)
  Rendered layout layouts/application.html.erb (Duration: 53.6ms | Allocations: 12447)
Completed 200 OK in 55ms (Views: 53.7ms | ActiveRecord: 0.6ms | Allocations: 12744)


Started GET "/" for 127.0.0.1 at 2024-06-03 16:28:04 +0300
Processing by WelcomeController#index as HTML
  Rendering layout layouts/application.html.erb
  Rendering welcome/index.html.erb within layouts/application
  [1m[36mHappiness Load (3.7ms)[0m  [1m[34mSELECT "happinesses".* FROM "happinesses" ORDER BY RANDOM() LIMIT ?[0m  [["LIMIT", 5]]
  ↳ app/views/welcome/index.html.erb:23
  Rendered welcome/index.html.erb within layouts/application (Duration: 16.7ms | Allocations: 2151)
  Rendered application/_menubar.html.erb (Duration: 0.2ms | Allocations: 124)
  Rendered application/_footer.html.erb (Duration: 0.1ms | Allocations: 8)
  Rendered layout layouts/application.html.erb (Duration: 72.9ms | Allocations: 12406)
Completed 200 OK in 75ms (Views: 69.8ms | ActiveRecord: 3.7ms | Allocations: 12700)


Started GET "/" for 127.0.0.1 at 2024-06-03 16:32:00 +0300
Processing by WelcomeController#index as HTML
  Rendering layout layouts/application.html.erb
  Rendering welcome/index.html.erb within layouts/application
  [1m[36mHappiness Load (4.1ms)[0m  [1m[34mSELECT "happinesses".* FROM "happinesses" ORDER BY RANDOM() LIMIT ?[0m  [["LIMIT", 5]]
  ↳ app/views/welcome/index.html.erb:23
  Rendered welcome/index.html.erb within layouts/application (Duration: 17.4ms | Allocations: 2583)
  Rendered application/_menubar.html.erb (Duration: 0.6ms | Allocations: 302)
  Rendered application/_footer.html.erb (Duration: 0.3ms | Allocations: 106)
  Rendered layout layouts/application.html.erb (Duration: 29.8ms | Allocations: 6330)
Completed 200 OK in 39ms (Views: 31.3ms | ActiveRecord: 4.1ms | Allocations: 7183)


Started GET "/" for 127.0.0.1 at 2024-06-03 16:34:08 +0300
Processing by WelcomeController#index as HTML
  Rendering layout layouts/application.html.erb
  Rendering welcome/index.html.erb within layouts/application
  [1m[36mHappiness Load (3.3ms)[0m  [1m[34mSELECT "happinesses".* FROM "happinesses" ORDER BY RANDOM() LIMIT ?[0m  [["LIMIT", 5]]
  ↳ app/views/welcome/index.html.erb:23
  Rendered welcome/index.html.erb within layouts/application (Duration: 13.0ms | Allocations: 2574)
  Rendered application/_menubar.html.erb (Duration: 0.4ms | Allocations: 302)
  Rendered application/_footer.html.erb (Duration: 0.3ms | Allocations: 106)
  Rendered layout layouts/application.html.erb (Duration: 69.2ms | Allocations: 14728)
Completed 200 OK in 78ms (Views: 69.9ms | ActiveRecord: 3.3ms | Allocations: 15578)


Started GET "/hselogo.png" for 127.0.0.1 at 2024-06-03 16:34:08 +0300
  
ActionController::RoutingError (No route matches [GET] "/hselogo.png"):
  
Started GET "/" for 127.0.0.1 at 2024-06-03 16:34:55 +0300
Processing by WelcomeController#index as HTML
  Rendering layout layouts/application.html.erb
  Rendering welcome/index.html.erb within layouts/application
  [1m[36mHappiness Load (0.3ms)[0m  [1m[34mSELECT "happinesses".* FROM "happinesses" ORDER BY RANDOM() LIMIT ?[0m  [["LIMIT", 5]]
  ↳ app/views/welcome/index.html.erb:23
  Rendered welcome/index.html.erb within layouts/application (Duration: 6.6ms | Allocations: 2590)
  Rendered application/_menubar.html.erb (Duration: 0.5ms | Allocations: 302)
  Rendered application/_footer.html.erb (Duration: 0.3ms | Allocations: 106)
  Rendered layout layouts/application.html.erb (Duration: 12.7ms | Allocations: 6431)
Completed 200 OK in 18ms (Views: 15.4ms | ActiveRecord: 0.3ms | Allocations: 7282)


Started GET "/hselogo.png" for 127.0.0.1 at 2024-06-03 16:34:55 +0300
  
ActionController::RoutingError (No route matches [GET] "/hselogo.png"):
  
Started GET "/" for 127.0.0.1 at 2024-06-03 16:35:57 +0300
Processing by WelcomeController#index as HTML
  Rendering layout layouts/application.html.erb
  Rendering welcome/index.html.erb within layouts/application
  [1m[36mHappiness Load (5.7ms)[0m  [1m[34mSELECT "happinesses".* FROM "happinesses" ORDER BY RANDOM() LIMIT ?[0m  [["LIMIT", 5]]
  ↳ app/views/welcome/index.html.erb:23
  Rendered welcome/index.html.erb within layouts/application (Duration: 15.6ms | Allocations: 2590)
  Rendered application/_menubar.html.erb (Duration: 0.7ms | Allocations: 302)
  Rendered application/_footer.html.erb (Duration: 0.3ms | Allocations: 106)
  Rendered layout layouts/application.html.erb (Duration: 23.5ms | Allocations: 6371)
Completed 200 OK in 30ms (Views: 22.1ms | ActiveRecord: 5.7ms | Allocations: 7222)


Started GET "/hselogo.png" for 127.0.0.1 at 2024-06-03 16:35:57 +0300
  
ActionController::RoutingError (No route matches [GET] "/hselogo.png"):
  
Started GET "/" for 127.0.0.1 at 2024-06-03 16:37:43 +0300
  [1m[36mActiveRecord::SchemaMigration Pluck (0.1ms)[0m  [1m[34mSELECT "schema_migrations"."version" FROM "schema_migrations" ORDER BY "schema_migrations"."version" ASC[0m
Processing by WelcomeController#index as HTML
  Rendering layout layouts/application.html.erb
  Rendering welcome/index.html.erb within layouts/application
  [1m[36mHappiness Load (0.3ms)[0m  [1m[34mSELECT "happinesses".* FROM "happinesses" ORDER BY RANDOM() LIMIT ?[0m  [["LIMIT", 5]]
  ↳ app/views/welcome/index.html.erb:23
  Rendered welcome/index.html.erb within layouts/application (Duration: 215.0ms | Allocations: 63128)
  Rendered application/_menubar.html.erb (Duration: 0.5ms | Allocations: 315)
  Rendered application/_footer.html.erb (Duration: 0.9ms | Allocations: 108)
  Rendered layout layouts/application.html.erb (Duration: 226.8ms | Allocations: 80334)
Completed 200 OK in 241ms (Views: 230.6ms | ActiveRecord: 1.7ms | Allocations: 85029)


Started GET "/hselogo.png" for 127.0.0.1 at 2024-06-03 16:37:43 +0300
  
ActionController::RoutingError (No route matches [GET] "/hselogo.png"):
  
Started GET "/" for 127.0.0.1 at 2024-06-03 16:38:55 +0300
Processing by WelcomeController#index as HTML
  Rendering layout layouts/application.html.erb
  Rendering welcome/index.html.erb within layouts/application
  [1m[36mHappiness Load (3.6ms)[0m  [1m[34mSELECT "happinesses".* FROM "happinesses" ORDER BY RANDOM() LIMIT ?[0m  [["LIMIT", 5]]
  ↳ app/views/welcome/index.html.erb:23
  Rendered welcome/index.html.erb within layouts/application (Duration: 14.4ms | Allocations: 2597)
  Rendered application/_menubar.html.erb (Duration: 0.6ms | Allocations: 302)
  Rendered application/_footer.html.erb (Duration: 0.3ms | Allocations: 106)
  Rendered layout layouts/application.html.erb (Duration: 28.5ms | Allocations: 6366)
Completed 200 OK in 40ms (Views: 31.1ms | ActiveRecord: 3.6ms | Allocations: 7226)


Started GET "/hselogo.png" for 127.0.0.1 at 2024-06-03 16:38:56 +0300
  
ActionController::RoutingError (No route matches [GET] "/hselogo.png"):
  
Started GET "/" for 127.0.0.1 at 2024-06-03 16:40:19 +0300
Processing by WelcomeController#index as HTML
  Rendering layout layouts/application.html.erb
  Rendering welcome/index.html.erb within layouts/application
  [1m[36mHappiness Load (12.4ms)[0m  [1m[34mSELECT "happinesses".* FROM "happinesses" ORDER BY RANDOM() LIMIT ?[0m  [["LIMIT", 5]]
  ↳ app/views/welcome/index.html.erb:23
  Rendered welcome/index.html.erb within layouts/application (Duration: 29.9ms | Allocations: 3067)
  Rendered application/_menubar.html.erb (Duration: 0.5ms | Allocations: 302)
  Rendered application/_footer.html.erb (Duration: 0.3ms | Allocations: 106)
  Rendered layout layouts/application.html.erb (Duration: 43.9ms | Allocations: 6817)
Completed 200 OK in 67ms (Views: 42.0ms | ActiveRecord: 12.4ms | Allocations: 7675)


Started GET "/" for 127.0.0.1 at 2024-06-03 16:41:35 +0300
Processing by WelcomeController#index as HTML
  Rendering layout layouts/application.html.erb
  Rendering welcome/index.html.erb within layouts/application
  [1m[36mHappiness Load (0.3ms)[0m  [1m[34mSELECT "happinesses".* FROM "happinesses" ORDER BY RANDOM() LIMIT ?[0m  [["LIMIT", 5]]
  ↳ app/views/welcome/index.html.erb:23
  Rendered welcome/index.html.erb within layouts/application (Duration: 18.3ms | Allocations: 3042)
  Rendered application/_menubar.html.erb (Duration: 0.6ms | Allocations: 302)
  Rendered application/_footer.html.erb (Duration: 0.4ms | Allocations: 106)
  Rendered layout layouts/application.html.erb (Duration: 80.3ms | Allocations: 14625)
Completed 200 OK in 85ms (Views: 82.4ms | ActiveRecord: 0.3ms | Allocations: 15475)


Started GET "/" for 127.0.0.1 at 2024-06-03 16:42:09 +0300
Processing by WelcomeController#index as HTML
  Rendering layout layouts/application.html.erb
  Rendering welcome/index.html.erb within layouts/application
  [1m[36mHappiness Load (3.3ms)[0m  [1m[34mSELECT "happinesses".* FROM "happinesses" ORDER BY RANDOM() LIMIT ?[0m  [["LIMIT", 5]]
  ↳ app/views/welcome/index.html.erb:23
  Rendered welcome/index.html.erb within layouts/application (Duration: 14.3ms | Allocations: 2590)
  Rendered application/_menubar.html.erb (Duration: 0.1ms | Allocations: 124)
  Rendered application/_footer.html.erb (Duration: 0.0ms | Allocations: 8)
  Rendered layout layouts/application.html.erb (Duration: 74.1ms | Allocations: 12851)
Completed 200 OK in 77ms (Views: 71.3ms | ActiveRecord: 3.3ms | Allocations: 13147)


Started GET "/" for 127.0.0.1 at 2024-06-03 16:42:32 +0300
Processing by WelcomeController#index as HTML
  Rendering layout layouts/application.html.erb
  Rendering welcome/index.html.erb within layouts/application
  [1m[36mHappiness Load (0.4ms)[0m  [1m[34mSELECT "happinesses".* FROM "happinesses" ORDER BY RANDOM() LIMIT ?[0m  [["LIMIT", 5]]
  ↳ app/views/welcome/index.html.erb:23
  Rendered welcome/index.html.erb within layouts/application (Duration: 8.0ms | Allocations: 2590)
  Rendered application/_menubar.html.erb (Duration: 0.1ms | Allocations: 124)
  Rendered application/_footer.html.erb (Duration: 0.0ms | Allocations: 8)
  Rendered layout layouts/application.html.erb (Duration: 42.8ms | Allocations: 12851)
Completed 200 OK in 46ms (Views: 43.5ms | ActiveRecord: 0.4ms | Allocations: 13145)


Started GET "/" for 127.0.0.1 at 2024-06-03 16:54:13 +0300
Processing by WelcomeController#index as HTML
  Rendering layout layouts/application.html.erb
  Rendering welcome/index.html.erb within layouts/application
  [1m[36mHappiness Load (1.7ms)[0m  [1m[34mSELECT "happinesses".* FROM "happinesses" ORDER BY RANDOM() LIMIT ?[0m  [["LIMIT", 5]]
  ↳ app/views/welcome/index.html.erb:23
  Rendered welcome/index.html.erb within layouts/application (Duration: 22.7ms | Allocations: 2587)
  Rendered application/_menubar.html.erb (Duration: 0.1ms | Allocations: 124)
  Rendered application/_footer.html.erb (Duration: 0.0ms | Allocations: 8)
  Rendered layout layouts/application.html.erb (Duration: 85.5ms | Allocations: 5626)
Completed 200 OK in 110ms (Views: 84.6ms | ActiveRecord: 5.6ms | Allocations: 6067)


Started GET "/" for 127.0.0.1 at 2024-06-03 16:54:42 +0300
Processing by WelcomeController#index as HTML
  Rendering layout layouts/application.html.erb
  Rendering welcome/index.html.erb within layouts/application
  [1m[36mHappiness Load (0.2ms)[0m  [1m[34mSELECT "happinesses".* FROM "happinesses" ORDER BY RANDOM() LIMIT ?[0m  [["LIMIT", 5]]
  ↳ app/views/welcome/index.html.erb:23
  Rendered welcome/index.html.erb within layouts/application (Duration: 9.7ms | Allocations: 3053)
  Rendered application/_menubar.html.erb (Duration: 0.4ms | Allocations: 302)
  Rendered application/_footer.html.erb (Duration: 0.2ms | Allocations: 106)
  Rendered layout layouts/application.html.erb (Duration: 57.1ms | Allocations: 14012)
Completed 200 OK in 64ms (Views: 61.4ms | ActiveRecord: 0.2ms | Allocations: 14864)


Started GET "/" for 127.0.0.1 at 2024-06-03 16:56:59 +0300
Processing by WelcomeController#index as HTML
  Rendering layout layouts/application.html.erb
  Rendering welcome/index.html.erb within layouts/application
  [1m[36mHappiness Load (0.4ms)[0m  [1m[34mSELECT "happinesses".* FROM "happinesses" ORDER BY RANDOM() LIMIT ?[0m  [["LIMIT", 5]]
  ↳ app/views/welcome/index.html.erb:23
  Rendered welcome/index.html.erb within layouts/application (Duration: 6.8ms | Allocations: 2596)
  Rendered application/_menubar.html.erb (Duration: 0.1ms | Allocations: 124)
  Rendered application/_footer.html.erb (Duration: 0.0ms | Allocations: 8)
  Rendered layout layouts/application.html.erb (Duration: 57.0ms | Allocations: 12864)
Completed 200 OK in 59ms (Views: 57.2ms | ActiveRecord: 0.4ms | Allocations: 13159)


